Hemoglobina_Observada,Altitud_msnm,Edad_Meses,Sexo,Area_Residencia,Peso_kg,Talla_cm,Departamento,Hemoglobina_Ajustada,Anemia
11.9,2338.0,27,0,0,13.2,86.3,Amazonas,11.85,0
13.7,2338.0,24,0,0,9.4,82.3,Amazonas,13.65,0
12.6,2338.0,28,0,0,12.0,88.5,Amazonas,12.55,0
13.9,2338.0,26,0,0,11.8,82.5,Amazonas,13.85,0
11.8,2338.0,10,0,0,8.8,69.0,Amazonas,11.75,0
13.3,2338.0,33,0,0,11.3,88.7,Amazonas,13.25,0
12.3,2338.0,31,0,0,12.0,85.3,Amazonas,12.25,0
13.1,2338.0,32,1,0,13.2,86.2,Amazonas,13.05,0
13.7,2338.0,18,0,0,8.8,76.2,Amazonas,13.65,0
9.9,189.0,8,1,0,9.3,69.6,Amazonas,9.9,1
10.4,189.0,18,0,0,9.5,78.2,Amazonas,10.4,1
11.6,189.0,23,0,0,10.8,80.2,Amazonas,11.6,0
10.6,189.0,12,0,0,9.1,73.7,Amazonas,10.6,1
11.0,189.0,32,0,0,13.5,93.2,Amazonas,11.0,0
10.6,189.0,22,0,0,9.3,78.0,Amazonas,10.6,1
11.7,189.0,16,0,0,10.7,78.3,Amazonas,11.7,0
11.5,444.0,14,0,0,8.5,74.9,Amazonas,11.5,0
12.5,444.0,29,1,0,15.7,92.5,Amazonas,12.5,0
9.8,444.0,7,0,0,7.8,65.4,Amazonas,9.8,1
11.2,444.0,19,1,0,9.3,78.4,Amazonas,11.2,0
11.7,1462.0,30,1,0,14.0,89.5,Amazonas,11.7,0
11.5,1462.0,12,1,0,9.7,73.3,Amazonas,11.5,0
10.6,1462.0,8,1,0,9.3,68.9,Amazonas,10.6,1
11.3,1462.0,19,1,0,13.0,84.6,Amazonas,11.3,0
10.9,1462.0,33,1,0,11.4,85.5,Amazonas,10.9,1
12.1,1462.0,14,1,0,10.8,74.1,Amazonas,12.1,0
9.4,469.0,10,0,0,9.2,71.5,Amazonas,9.4,1
13.4,469.0,31,1,0,14.8,92.2,Amazonas,13.4,0
8.8,469.0,15,1,0,10.1,78.1,Amazonas,8.8,1
10.9,469.0,24,1,0,10.4,83.4,Amazonas,10.9,1
12.0,469.0,16,1,0,9.0,75.4,Amazonas,12.0,0
10.6,981.0,11,0,0,9.0,71.4,Amazonas,10.6,1
12.3,981.0,35,0,0,11.5,88.3,Amazonas,12.3,0
12.3,981.0,17,1,0,9.2,75.4,Amazonas,12.3,0
13.3,981.0,31,0,0,13.1,91.1,Amazonas,13.3,0
11.2,981.0,31,1,0,15.0,95.3,Amazonas,11.2,0
11.4,981.0,31,1,0,13.6,89.1,Amazonas,11.4,0
10.6,981.0,8,1,0,9.9,70.1,Amazonas,10.6,1
10.1,981.0,13,0,0,10.2,75.4,Amazonas,10.1,1
10.2,293.0,34,1,1,13.7,85.7,Amazonas,10.2,1
12.0,293.0,35,1,1,12.8,86.4,Amazonas,12.0,0
11.7,293.0,20,1,1,12.2,84.0,Amazonas,11.7,0
10.8,293.0,25,0,1,12.4,82.8,Amazonas,10.8,1
11.0,293.0,13,1,1,8.7,73.5,Amazonas,11.0,0
9.4,293.0,30,1,1,11.3,83.3,Amazonas,9.4,1
10.0,293.0,11,0,1,8.3,69.5,Amazonas,10.0,1
11.4,293.0,28,1,1,12.4,81.1,Amazonas,11.4,0
12.4,293.0,34,1,1,13.6,85.7,Amazonas,12.4,0
11.2,293.0,33,1,1,11.6,83.1,Amazonas,11.2,0
10.4,293.0,18,0,1,8.9,72.2,Amazonas,10.4,1
10.5,293.0,22,1,1,9.6,77.2,Amazonas,10.5,1
10.7,293.0,31,1,1,12.5,87.5,Amazonas,10.7,1
9.0,258.0,13,0,1,8.4,74.2,Amazonas,9.0,1
10.7,258.0,14,1,1,10.2,73.5,Amazonas,10.7,1
10.9,258.0,21,1,1,11.7,82.0,Amazonas,10.9,1
9.8,290.0,26,0,1,12.2,80.3,Amazonas,9.8,1
11.0,290.0,16,0,1,9.5,75.2,Amazonas,11.0,0
11.2,290.0,27,1,1,12.3,85.1,Amazonas,11.2,0
11.3,290.0,33,1,1,13.3,89.0,Amazonas,11.3,0
9.3,290.0,17,1,1,10.8,77.2,Amazonas,9.3,1
10.8,290.0,27,1,1,12.1,84.3,Amazonas,10.8,1
9.4,290.0,8,1,1,9.8,70.5,Amazonas,9.4,1
8.7,313.0,26,1,1,10.7,81.8,Amazonas,8.7,1
11.2,313.0,34,1,1,13.3,84.7,Amazonas,11.2,0
10.4,313.0,16,1,1,9.0,71.2,Amazonas,10.4,1
12.5,313.0,25,1,1,12.4,79.1,Amazonas,12.5,0
9.8,313.0,24,1,1,11.0,81.6,Amazonas,9.8,1
10.0,313.0,24,0,1,10.9,79.7,Amazonas,10.0,1
10.8,1310.0,23,1,1,14.2,87.0,Amazonas,10.8,1
12.0,1310.0,11,0,1,8.5,71.5,Amazonas,12.0,0
14.1,2036.0,30,0,1,12.8,87.0,Amazonas,14.07,0
12.9,2036.0,30,1,1,15.8,90.0,Amazonas,12.87,0
12.3,2036.0,15,0,1,8.6,72.0,Amazonas,12.27,0
12.4,2036.0,31,0,1,11.3,87.7,Amazonas,12.37,0
11.6,2036.0,19,1,1,11.9,80.2,Amazonas,11.57,0
10.1,2036.0,7,0,1,9.8,66.5,Amazonas,10.07,1
10.1,1016.0,10,0,1,9.9,72.0,Amazonas,10.11,1
12.2,1016.0,19,0,1,10.0,77.5,Amazonas,12.21,0
8.8,1016.0,8,0,1,6.8,66.0,Amazonas,8.81,1
11.3,1424.0,19,0,1,9.0,75.9,Amazonas,11.3,0
12.1,1424.0,8,1,1,8.3,68.8,Amazonas,12.1,0
11.8,1424.0,31,1,1,12.6,88.3,Amazonas,11.8,0
12.0,1424.0,28,0,1,13.7,91.7,Amazonas,12.0,0
11.0,1424.0,9,1,1,9.4,67.9,Amazonas,11.0,0
11.0,1551.0,6,0,1,7.9,64.2,Amazonas,11.0,0
12.0,1551.0,20,0,1,10.7,79.6,Amazonas,12.0,0
11.8,1551.0,33,0,1,13.8,94.2,Amazonas,11.8,0
12.2,1551.0,26,0,1,13.2,86.4,Amazonas,12.2,0
12.1,2078.0,33,0,1,11.3,88.5,Amazonas,12.07,0
11.5,2078.0,16,0,1,10.6,78.5,Amazonas,11.47,0
13.4,2078.0,35,0,1,13.3,90.6,Amazonas,13.37,0
12.8,2078.0,21,1,1,11.4,82.0,Amazonas,12.77,0
12.1,2078.0,11,0,1,8.4,72.0,Amazonas,12.07,0
12.0,2078.0,34,1,1,14.0,91.0,Amazonas,11.97,0
11.8,2078.0,30,0,1,12.3,87.3,Amazonas,11.77,0
10.4,2028.0,19,1,1,10.2,78.2,Amazonas,10.37,1
12.4,2028.0,32,0,1,12.7,85.7,Amazonas,12.37,0
12.2,2028.0,10,0,1,10.6,73.4,Amazonas,12.17,0
11.6,2028.0,18,1,1,11.6,84.6,Amazonas,11.57,0
12.2,52.0,18,0,0,11.4,82.5,Ancash,12.2,0
10.1,52.0,24,1,0,12.5,85.9,Ancash,10.1,1
7.9,52.0,26,0,0,9.9,90.6,Ancash,7.9,1
8.9,52.0,8,1,0,9.9,72.5,Ancash,8.9,1
10.4,52.0,10,0,0,11.3,78.2,Ancash,10.4,1
11.1,52.0,7,1,0,7.4,65.4,Ancash,11.1,0
12.7,52.0,20,0,0,8.9,79.5,Ancash,12.7,0
11.5,52.0,33,0,0,14.6,95.9,Ancash,11.5,0
12.1,52.0,22,0,0,10.3,80.2,Ancash,12.1,0
10.4,52.0,32,0,0,11.9,90.6,Ancash,10.4,1
9.6,52.0,11,1,0,10.9,72.5,Ancash,9.6,1
11.6,52.0,22,0,0,10.1,81.4,Ancash,11.6,0
10.9,52.0,13,1,0,10.3,73.0,Ancash,10.9,1
12.7,52.0,31,0,0,12.3,88.9,Ancash,12.7,0
12.5,52.0,24,1,0,11.2,86.5,Ancash,12.5,0
13.8,52.0,29,0,0,17.3,88.5,Ancash,13.8,0
11.2,104.0,6,0,0,9.0,67.2,Ancash,11.2,0
9.6,104.0,8,0,0,7.6,66.1,Ancash,9.6,1
11.3,104.0,6,0,0,6.5,66.3,Ancash,11.3,0
11.7,104.0,23,1,0,11.1,87.2,Ancash,11.7,0
12.5,104.0,32,1,0,13.9,96.2,Ancash,12.5,0
10.6,40.0,19,0,0,8.8,75.3,Ancash,10.6,1
11.2,40.0,30,1,0,13.4,88.5,Ancash,11.2,0
9.9,40.0,9,1,0,9.5,68.9,Ancash,9.9,1
11.5,40.0,29,1,0,15.2,90.2,Ancash,11.5,0
12.4,40.0,9,0,0,10.1,72.1,Ancash,12.4,0
10.7,40.0,11,0,0,8.1,71.2,Ancash,10.7,1
12.2,40.0,20,0,0,12.5,86.9,Ancash,12.2,0
9.4,35.0,12,0,0,10.2,73.4,Ancash,9.4,1
11.7,35.0,32,1,0,12.0,86.9,Ancash,11.7,0
12.6,284.0,21,0,0,11.1,82.6,Ancash,12.6,0
12.5,284.0,34,1,0,13.2,90.0,Ancash,12.5,0
12.8,284.0,25,1,0,14.0,87.0,Ancash,12.8,0
12.1,284.0,33,1,0,16.4,100.1,Ancash,12.1,0
11.6,2273.0,16,1,0,10.0,74.6,Ancash,11.56,0
11.9,2273.0,33,1,0,13.3,90.1,Ancash,11.86,0
12.2,617.0,18,1,1,12.5,84.1,Ancash,12.2,0
11.4,617.0,30,0,1,14.1,96.1,Ancash,11.4,0
12.1,617.0,24,0,1,11.0,82.1,Ancash,12.1,0
12.0,3254.0,28,0,1,12.3,85.8,Ancash,11.87,0
13.6,3254.0,35,1,1,12.5,89.1,Ancash,13.47,0
9.6,943.0,11,1,1,9.4,75.4,Ancash,9.6,1
10.8,943.0,15,1,1,9.0,73.8,Ancash,10.8,1
11.5,943.0,18,1,1,11.1,77.6,Ancash,11.5,0
13.6,3776.0,30,1,1,10.0,81.6,Ancash,13.41,0
13.7,3776.0,31,0,1,12.1,89.1,Ancash,13.51,0
13.9,3400.0,15,1,1,10.3,76.5,Ancash,13.75,0
11.6,3400.0,13,0,1,9.2,73.8,Ancash,11.45,0
13.4,3400.0,29,0,1,12.2,84.0,Ancash,13.25,0
12.8,3400.0,16,1,1,10.1,78.6,Ancash,12.65,0
11.8,3400.0,11,0,1,8.7,68.8,Ancash,11.65,0
13.0,2954.0,29,0,1,12.5,86.5,Ancash,12.9,0
10.7,2954.0,15,1,1,9.5,77.7,Ancash,10.6,1
13.5,2954.0,24,1,1,11.8,84.7,Ancash,13.4,0
12.1,2620.0,25,0,0,9.7,78.8,Apurimac,12.03,0
12.8,2620.0,22,0,0,10.2,82.0,Apurimac,12.73,0
12.1,2500.0,17,1,0,10.8,78.9,Apurimac,12.04,0
13.1,2842.0,20,0,0,10.9,82.1,Apurimac,13.01,0
13.8,2842.0,19,0,0,7.8,73.0,Apurimac,13.71,0
12.4,2842.0,7,0,0,7.4,62.8,Apurimac,12.31,0
14.1,2842.0,35,1,0,12.7,91.4,Apurimac,14.01,0
12.7,2836.0,18,1,0,10.1,78.8,Apurimac,12.61,0
12.0,2836.0,7,1,0,7.0,66.3,Apurimac,11.91,0
12.2,2836.0,31,0,0,10.2,84.0,Apurimac,12.11,0
11.1,2836.0,10,1,0,10.0,71.7,Apurimac,11.01,0
13.1,2836.0,33,0,0,12.4,86.9,Apurimac,13.01,0
12.5,2836.0,9,0,0,8.7,66.6,Apurimac,12.41,0
13.6,3590.0,33,0,0,14.0,85.9,Apurimac,13.43,0
15.2,3590.0,32,0,0,13.2,87.3,Apurimac,15.03,0
12.2,3590.0,25,1,0,11.0,82.0,Apurimac,12.03,0
12.5,3590.0,12,1,0,10.4,73.6,Apurimac,12.33,0
13.1,3590.0,21,1,0,10.1,77.0,Apurimac,12.93,0
14.9,3724.0,27,1,0,13.2,86.5,Apurimac,14.71,0
13.0,3724.0,11,1,0,9.4,71.3,Apurimac,12.81,0
13.9,3724.0,26,0,0,15.6,88.1,Apurimac,13.71,0
12.4,3746.0,14,1,1,10.2,72.8,Apurimac,12.21,0
13.7,3746.0,14,0,1,9.7,73.0,Apurimac,13.51,0
14.0,3746.0,27,0,1,10.3,83.2,Apurimac,13.81,0
10.3,3746.0,8,0,1,7.8,65.0,Apurimac,10.11,1
13.5,3746.0,6,0,1,8.0,66.7,Apurimac,13.31,0
14.1,3746.0,32,0,1,11.0,84.2,Apurimac,13.91,0
13.8,3315.0,22,0,1,9.6,77.8,Apurimac,13.66,0
12.7,3315.0,23,1,1,10.0,77.4,Apurimac,12.56,0
15.0,3315.0,10,0,1,6.6,66.2,Apurimac,14.86,0
13.6,3315.0,11,1,1,8.2,72.6,Apurimac,13.46,0
9.3,3315.0,8,0,1,8.1,66.4,Apurimac,9.16,1
12.3,3315.0,34,1,1,13.3,90.5,Apurimac,12.16,0
12.4,3472.0,17,0,1,10.5,78.0,Apurimac,12.25,0
13.8,3472.0,7,0,1,8.3,65.8,Apurimac,13.65,0
13.8,3472.0,19,0,1,9.9,78.5,Apurimac,13.65,0
15.3,3307.0,28,1,1,12.0,87.5,Apurimac,15.17,0
14.3,3307.0,25,1,1,10.7,84.7,Apurimac,14.17,0
13.1,3211.0,21,0,1,10.3,82.0,Apurimac,12.98,0
12.5,3211.0,27,0,1,12.7,85.2,Apurimac,12.38,0
16.7,3902.0,7,0,1,8.0,65.0,Apurimac,16.49,0
13.8,3902.0,26,0,1,11.2,80.0,Apurimac,13.59,0
16.4,3902.0,8,0,1,6.1,62.4,Apurimac,16.19,0
13.2,2919.0,22,1,1,13.4,84.5,Apurimac,13.11,0
13.8,2919.0,23,1,1,10.4,82.3,Apurimac,13.71,0
12.7,2919.0,25,1,1,10.6,83.0,Apurimac,12.61,0
13.1,2919.0,9,1,1,8.0,69.1,Apurimac,13.01,0
12.4,3500.0,30,0,1,11.9,88.0,Apurimac,12.24,0
13.1,3500.0,16,1,1,10.0,78.6,Apurimac,12.94,0
13.9,3500.0,6,1,1,7.9,65.6,Apurimac,13.74,0
16.0,3500.0,10,1,1,7.0,68.3,Apurimac,15.84,0
13.5,3500.0,22,0,1,10.5,81.5,Apurimac,13.34,0
14.3,3899.0,35,0,1,13.5,95.5,Apurimac,14.09,0
12.9,3899.0,32,0,1,10.9,86.2,Apurimac,12.69,0
12.9,3899.0,29,1,1,11.0,84.0,Apurimac,12.69,0
13.2,2058.0,27,1,1,12.8,86.7,Apurimac,13.17,0
13.2,2058.0,10,0,1,8.4,69.4,Apurimac,13.17,0
12.2,2058.0,13,0,1,8.6,70.1,Apurimac,12.17,0
13.6,2058.0,33,1,1,12.7,86.4,Apurimac,13.57,0
10.0,2058.0,20,0,1,12.0,83.9,Apurimac,9.97,1
11.4,2058.0,26,0,1,12.8,86.7,Apurimac,11.37,0
12.4,2441.0,30,1,0,15.3,98.7,Arequipa,12.35,0
13.1,2441.0,20,0,0,11.1,82.1,Arequipa,13.05,0
13.3,2486.0,20,0,0,12.6,85.0,Arequipa,13.24,0
12.8,2486.0,19,0,0,11.3,82.2,Arequipa,12.74,0
10.7,2510.0,15,1,0,11.0,76.2,Arequipa,10.64,1
13.2,2510.0,21,1,0,10.7,82.1,Arequipa,13.14,0
12.6,2510.0,31,0,0,13.5,87.4,Arequipa,12.54,0
13.3,2510.0,32,1,0,15.5,97.3,Arequipa,13.24,0
13.0,2510.0,8,0,0,7.8,67.5,Arequipa,12.94,0
12.7,2686.0,11,0,0,9.7,75.9,Arequipa,12.63,0
13.0,2686.0,31,1,0,13.1,88.9,Arequipa,12.93,0
10.6,2686.0,8,0,0,8.1,68.0,Arequipa,10.53,1
11.2,2686.0,7,0,0,8.3,67.1,Arequipa,11.13,0
12.1,2686.0,9,1,0,11.3,78.0,Arequipa,12.03,0
13.7,2686.0,32,1,0,14.8,88.5,Arequipa,13.63,0
10.8,2686.0,12,0,0,8.6,75.4,Arequipa,10.73,1
12.1,2450.0,10,0,0,9.4,70.6,Arequipa,12.05,0
11.4,2450.0,15,1,0,11.1,81.6,Arequipa,11.35,0
11.9,2450.0,17,0,0,12.0,81.0,Arequipa,11.85,0
12.1,2453.0,10,0,0,8.5,70.1,Arequipa,12.05,0
12.7,2453.0,33,1,0,15.1,94.1,Arequipa,12.65,0
11.4,2636.0,17,1,0,10.6,79.3,Arequipa,11.33,0
10.8,2636.0,10,1,0,9.9,74.1,Arequipa,10.73,1
12.5,2636.0,26,1,0,12.8,84.8,Arequipa,12.43,0
14.5,2636.0,6,0,0,7.3,65.2,Arequipa,14.43,0
11.6,2548.0,20,1,0,10.9,83.4,Arequipa,11.54,0
12.4,2548.0,17,0,0,11.8,81.2,Arequipa,12.34,0
11.5,2548.0,17,1,0,12.7,83.3,Arequipa,11.44,0
13.2,2548.0,25,1,0,10.8,86.3,Arequipa,13.14,0
13.1,2548.0,35,1,0,14.0,94.9,Arequipa,13.04,0
11.7,2389.0,23,1,0,12.5,83.5,Arequipa,11.65,0
11.8,2389.0,22,1,0,11.7,82.6,Arequipa,11.75,0
13.3,2389.0,6,1,0,8.7,66.4,Arequipa,13.25,0
12.3,2419.0,12,0,0,9.6,76.4,Arequipa,12.25,0
12.5,2419.0,15,1,0,8.6,72.1,Arequipa,12.45,0
11.9,2419.0,8,0,0,7.9,69.7,Arequipa,11.85,0
12.9,2419.0,34,1,0,15.7,97.0,Arequipa,12.85,0
13.8,2419.0,26,0,0,12.8,86.9,Arequipa,13.75,0
12.3,2419.0,11,1,0,9.9,73.0,Arequipa,12.25,0
10.7,2218.0,9,0,0,8.3,70.3,Arequipa,10.66,1
12.8,2218.0,17,0,0,10.5,79.8,Arequipa,12.76,0
12.3,2218.0,19,0,0,11.1,81.3,Arequipa,12.26,0
11.9,2218.0,29,0,0,13.8,87.3,Arequipa,11.86,0
11.7,21.0,24,1,0,12.9,84.5,Arequipa,11.7,0
11.1,21.0,6,1,0,10.2,71.2,Arequipa,11.1,0
10.9,21.0,33,0,0,13.8,87.3,Arequipa,10.9,1
12.4,2722.0,30,0,0,12.0,84.3,Arequipa,12.32,0
12.0,2722.0,12,0,0,11.0,74.2,Arequipa,11.92,0
13.9,2722.0,21,1,0,10.7,83.5,Arequipa,13.82,0
11.2,110.0,25,0,0,11.8,82.5,Arequipa,11.2,0
11.6,110.0,25,0,0,11.4,81.7,Arequipa,11.6,0
10.1,110.0,13,1,0,11.1,79.1,Arequipa,10.1,1
10.8,110.0,13,0,0,11.1,79.2,Arequipa,10.8,1
11.7,110.0,12,1,0,11.2,77.4,Arequipa,11.7,0
12.1,21.0,14,1,0,10.9,77.0,Arequipa,12.1,0
11.0,21.0,9,0,0,8.6,69.2,Arequipa,11.0,0
11.7,21.0,31,0,0,12.5,86.7,Arequipa,11.7,0
10.9,21.0,10,0,0,9.8,76.0,Arequipa,10.9,1
11.7,71.0,28,0,0,15.1,88.6,Arequipa,11.7,0
11.1,71.0,27,0,0,12.3,85.3,Arequipa,11.1,0
12.2,2680.0,29,0,1,11.0,82.8,Arequipa,12.13,0
12.7,2680.0,13,0,1,7.9,71.5,Arequipa,12.63,0
10.8,2680.0,14,1,1,9.4,75.8,Arequipa,10.73,1
14.1,2680.0,28,0,1,12.0,83.5,Arequipa,14.03,0
10.4,1590.0,10,0,1,8.9,72.3,Arequipa,10.4,1
12.0,1590.0,20,0,1,13.9,85.2,Arequipa,12.0,0
12.3,1590.0,14,1,1,11.1,77.3,Arequipa,12.3,0
9.6,1590.0,18,0,1,13.4,83.1,Arequipa,9.6,1
12.3,1590.0,6,1,1,9.0,65.3,Arequipa,12.3,0
12.0,2797.0,21,1,0,9.3,80.2,Ayacucho,11.92,0
13.0,2797.0,15,0,0,11.2,80.5,Ayacucho,12.92,0
14.5,2797.0,29,1,0,12.6,90.2,Ayacucho,14.42,0
13.9,2797.0,26,1,0,12.0,85.5,Ayacucho,13.82,0
14.0,2797.0,29,1,0,12.7,87.4,Ayacucho,13.92,0
13.0,2797.0,13,1,0,10.2,72.5,Ayacucho,12.92,0
12.7,2797.0,13,0,0,8.7,72.6,Ayacucho,12.62,0
12.1,2797.0,10,0,0,7.9,69.0,Ayacucho,12.02,0
11.7,2797.0,15,0,0,9.4,73.8,Ayacucho,11.62,0
13.0,2797.0,25,1,0,12.7,85.9,Ayacucho,12.92,0
13.7,2797.0,28,0,0,12.3,85.3,Ayacucho,13.62,0
11.7,2797.0,7,1,0,9.5,67.8,Ayacucho,11.62,0
13.2,2797.0,17,1,0,12.2,83.5,Ayacucho,13.12,0
11.1,2775.0,22,0,0,10.9,81.5,Ayacucho,11.02,0
14.7,2775.0,23,0,0,12.1,83.5,Ayacucho,14.62,0
13.4,2775.0,27,0,0,11.7,84.1,Ayacucho,13.32,0
11.3,2921.0,13,0,0,9.1,73.3,Ayacucho,11.21,0
12.5,2921.0,20,1,0,11.6,83.2,Ayacucho,12.41,0
13.2,2921.0,9,1,0,7.7,65.2,Ayacucho,13.11,0
14.0,2921.0,31,1,0,13.7,95.1,Ayacucho,13.91,0
14.5,2684.0,29,1,0,13.0,93.2,Ayacucho,14.43,0
12.3,2684.0,35,1,0,15.1,94.8,Ayacucho,12.23,0
13.9,2684.0,19,0,0,10.6,76.7,Ayacucho,13.83,0
11.9,3343.0,19,1,0,12.1,79.7,Ayacucho,11.76,0
13.1,3343.0,11,0,0,12.4,76.6,Ayacucho,12.96,0
13.5,3343.0,8,1,0,9.2,68.0,Ayacucho,13.36,0
10.0,3155.0,14,1,0,10.0,76.2,Ayacucho,9.88,1
13.1,3155.0,31,0,0,13.6,92.4,Ayacucho,12.98,0
14.4,3433.0,26,1,0,10.4,81.1,Ayacucho,14.25,0
13.2,3433.0,20,0,0,10.5,80.1,Ayacucho,13.05,0
13.1,3433.0,6,1,0,9.1,68.4,Ayacucho,12.95,0
13.4,3433.0,10,1,0,8.4,68.8,Ayacucho,13.25,0
10.3,1312.0,20,0,0,12.1,83.3,Ayacucho,10.3,1
10.9,1312.0,16,0,0,9.7,74.7,Ayacucho,10.9,1
12.0,1312.0,9,1,0,8.5,69.6,Ayacucho,12.0,0
9.6,692.0,6,0,0,8.6,66.6,Ayacucho,9.6,1
10.1,692.0,7,1,0,6.8,66.6,Ayacucho,10.1,1
10.0,528.0,7,1,1,8.0,68.5,Ayacucho,10.0,1
9.1,528.0,9,1,1,8.9,70.5,Ayacucho,9.1,1
10.8,528.0,21,0,1,9.7,79.0,Ayacucho,10.8,1
11.4,528.0,14,0,1,7.1,70.3,Ayacucho,11.4,0
12.2,900.0,30,1,1,12.0,87.2,Ayacucho,12.2,0
11.5,900.0,11,1,1,8.1,72.7,Ayacucho,11.5,0
11.7,900.0,28,1,1,13.9,91.8,Ayacucho,11.7,0
9.9,900.0,7,0,1,9.4,69.5,Ayacucho,9.9,1
11.4,3241.0,16,0,1,9.7,77.8,Ayacucho,11.27,0
13.7,3241.0,12,1,1,8.5,73.8,Ayacucho,13.57,0
12.2,3241.0,19,1,1,11.5,82.5,Ayacucho,12.07,0
14.0,3241.0,18,0,1,8.9,72.2,Ayacucho,13.87,0
13.5,3362.0,19,0,1,11.0,82.3,Ayacucho,13.36,0
12.2,3362.0,17,1,1,9.7,78.8,Ayacucho,12.06,0
14.8,3616.0,32,0,1,11.7,88.5,Ayacucho,14.63,0
14.7,3616.0,35,0,1,10.7,85.8,Ayacucho,14.53,0
14.0,3791.0,29,1,1,11.9,82.6,Ayacucho,13.81,0
14.6,3791.0,28,0,1,12.3,84.7,Ayacucho,14.41,0
12.3,3791.0,29,1,1,12.0,90.2,Ayacucho,12.11,0
11.7,1633.0,16,1,1,8.8,73.5,Ayacucho,11.69,0
11.7,1633.0,14,1,1,13.0,80.0,Ayacucho,11.69,0
11.1,1633.0,24,0,1,11.6,83.6,Ayacucho,11.09,0
13.5,1633.0,32,1,1,14.8,92.4,Ayacucho,13.49,0
12.4,1633.0,33,0,1,13.1,92.0,Ayacucho,12.39,0
13.2,1633.0,7,0,1,8.3,68.0,Ayacucho,13.19,0
14.8,3567.0,15,0,1,8.7,75.2,Ayacucho,14.63,0
14.7,3567.0,14,0,1,8.6,71.5,Ayacucho,14.53,0
9.8,3567.0,28,1,1,12.3,86.5,Ayacucho,9.63,1
14.1,3567.0,35,0,1,13.4,92.9,Ayacucho,13.93,0
11.7,3567.0,24,1,1,9.1,79.6,Ayacucho,11.53,0
14.9,3567.0,28,0,1,12.2,89.2,Ayacucho,14.73,0
11.3,812.0,21,0,1,9.6,78.2,Ayacucho,11.3,0
12.7,812.0,25,1,1,12.3,83.5,Ayacucho,12.7,0
11.6,812.0,26,1,1,10.5,88.0,Ayacucho,11.6,0
11.7,812.0,32,1,1,14.1,92.5,Ayacucho,11.7,0
10.4,812.0,28,0,1,12.1,88.6,Ayacucho,10.4,1
10.2,812.0,21,0,1,10.7,81.4,Ayacucho,10.2,1
12.1,812.0,17,1,1,9.7,77.9,Ayacucho,12.1,0
13.9,2731.0,28,1,0,9.9,80.0,Cajamarca,13.82,0
12.6,2731.0,21,1,0,12.2,85.3,Cajamarca,12.52,0
13.4,2731.0,7,0,0,7.1,66.1,Cajamarca,13.32,0
13.6,2731.0,35,0,0,12.9,88.8,Cajamarca,13.52,0
13.1,2731.0,33,0,0,12.6,88.0,Cajamarca,13.02,0
12.7,1134.0,33,1,0,12.7,90.0,Cajamarca,12.71,0
12.6,1134.0,30,0,0,11.3,84.7,Cajamarca,12.61,0
12.4,1134.0,25,1,0,12.8,87.0,Cajamarca,12.41,0
9.7,1134.0,21,0,0,11.3,82.7,Cajamarca,9.71,1
13.0,1134.0,20,1,0,9.4,81.2,Cajamarca,13.01,0
12.1,728.0,16,0,0,11.4,85.2,Cajamarca,12.1,0
11.0,35.0,32,1,0,13.5,91.8,Piura,11.0,0
11.0,35.0,9,0,0,8.6,68.2,Piura,11.0,0
14.4,2430.0,30,0,0,14.4,94.1,Cajamarca,14.35,0
12.6,2430.0,32,1,0,12.9,85.0,Cajamarca,12.55,0
12.1,2686.0,15,1,0,9.4,76.2,Cajamarca,12.03,0
13.1,2686.0,17,1,0,11.9,79.0,Cajamarca,13.03,0
10.7,2686.0,18,0,0,9.9,76.3,Cajamarca,10.63,1
13.5,2686.0,29,1,0,10.9,82.8,Cajamarca,13.43,0
13.3,2686.0,16,0,0,8.5,71.1,Cajamarca,13.23,0
11.8,2686.0,33,0,0,12.4,88.5,Cajamarca,11.73,0
11.8,1144.0,24,0,1,12.0,83.7,Cajamarca,11.81,0
11.2,1144.0,27,1,1,13.7,91.2,Cajamarca,11.21,0
10.9,1144.0,22,0,1,10.6,82.7,Cajamarca,10.91,1
12.1,1602.0,23,0,1,12.1,83.0,Cajamarca,12.09,0
12.5,1602.0,35,0,1,13.3,88.4,Cajamarca,12.49,0
11.6,1602.0,34,1,1,11.9,88.6,Cajamarca,11.59,0
12.1,1602.0,25,1,1,11.9,88.5,Cajamarca,12.09,0
11.1,1602.0,19,0,1,11.3,83.2,Cajamarca,11.09,0
11.7,1217.0,14,0,1,9.0,75.3,Cajamarca,11.71,0
11.8,1217.0,14,1,1,9.7,75.1,Cajamarca,11.81,0
11.9,1217.0,16,0,1,11.6,79.3,Cajamarca,11.91,0
11.6,1542.0,27,0,1,13.4,84.0,Cajamarca,11.6,0
10.2,1542.0,6,1,1,8.9,68.0,Cajamarca,10.2,1
10.0,1629.0,10,1,1,8.6,71.1,Cajamarca,9.99,1
12.3,1629.0,17,0,1,8.8,73.5,Cajamarca,12.29,0
10.8,1629.0,13,1,1,9.6,72.0,Cajamarca,10.79,1
13.9,2762.0,7,0,1,6.1,61.0,Cajamarca,13.82,0
13.3,2762.0,11,0,1,9.3,71.0,Cajamarca,13.22,0
12.0,2762.0,29,0,1,13.9,87.8,Cajamarca,11.92,0
11.0,2762.0,19,0,1,9.3,74.6,Cajamarca,10.92,1
11.7,2762.0,17,1,1,10.0,79.2,Cajamarca,11.62,0
13.2,2660.0,9,0,1,8.1,66.0,Cajamarca,13.13,0
14.4,2660.0,27,1,1,9.6,80.6,Cajamarca,14.33,0
11.4,2660.0,11,0,1,7.8,69.3,Cajamarca,11.33,0
13.3,2672.0,31,0,1,12.0,86.0,Cajamarca,13.23,0
12.2,2672.0,27,1,1,12.0,87.6,Cajamarca,12.13,0
11.2,2715.0,10,0,1,8.9,70.5,Cajamarca,11.12,0
12.9,2715.0,12,0,1,8.9,70.7,Cajamarca,12.82,0
14.4,3335.0,9,0,1,8.4,67.3,Cajamarca,14.26,0
13.6,3335.0,7,1,1,8.9,67.1,Cajamarca,13.46,0
14.1,3335.0,28,1,1,11.8,80.7,Cajamarca,13.96,0
11.9,3335.0,20,0,1,9.8,75.0,Cajamarca,11.76,0
13.4,2844.0,32,1,1,14.7,93.5,Cajamarca,13.31,0
14.6,3275.0,6,0,1,8.4,63.8,Cajamarca,14.47,0
10.4,3275.0,17,1,1,9.4,73.3,Cajamarca,10.27,1
13.9,3275.0,24,0,1,10.2,77.8,Cajamarca,13.77,0
13.0,3275.0,29,0,1,10.3,80.8,Cajamarca,12.87,0
11.0,43.0,12,0,0,8.7,72.5,Callao,11.0,0
8.7,43.0,22,0,0,11.5,84.3,Callao,8.7,1
11.0,43.0,23,1,0,11.7,83.5,Callao,11.0,0
11.5,43.0,11,1,0,11.2,76.1,Callao,11.5,0
10.5,43.0,31,0,0,11.3,81.8,Callao,10.5,1
13.3,43.0,16,1,0,13.6,83.4,Callao,13.3,0
11.2,118.0,7,0,0,7.8,66.0,Callao,11.2,0
10.7,118.0,8,0,0,9.2,69.5,Callao,10.7,1
11.7,118.0,21,0,0,9.6,78.5,Callao,11.7,0
10.0,118.0,10,1,0,11.7,75.1,Callao,10.0,1
9.3,118.0,24,1,0,12.6,84.4,Callao,9.3,1
6.1,43.0,15,1,0,9.2,74.6,Callao,6.1,1
11.9,43.0,27,0,0,10.6,85.0,Callao,11.9,0
10.3,43.0,31,1,0,13.4,91.9,Callao,10.3,1
10.7,43.0,15,0,0,11.3,74.9,Callao,10.7,1
11.0,43.0,32,0,0,11.4,87.0,Callao,11.0,0
11.8,43.0,26,1,0,12.9,90.1,Callao,11.8,0
12.0,43.0,28,0,0,11.6,87.2,Callao,12.0,0
12.6,43.0,30,0,0,11.4,87.1,Callao,12.6,0
9.6,43.0,13,0,0,9.5,72.0,Callao,9.6,1
10.6,43.0,6,1,0,8.3,67.1,Callao,10.6,1
12.0,43.0,11,1,0,10.1,78.9,Callao,12.0,0
10.2,43.0,18,0,0,12.5,83.8,Callao,10.2,1
11.2,43.0,26,1,0,13.5,89.4,Callao,11.2,0
11.6,43.0,34,1,0,14.9,89.9,Callao,11.6,0
10.2,43.0,8,1,0,10.3,68.8,Callao,10.2,1
10.6,43.0,22,0,0,12.1,88.4,Callao,10.6,1
12.2,43.0,31,1,0,15.7,93.8,Callao,12.2,0
11.2,43.0,31,1,0,13.8,89.9,Callao,11.2,0
9.3,43.0,19,0,0,10.7,82.1,Callao,9.3,1
10.8,82.0,33,0,0,15.7,95.5,Callao,10.8,1
11.6,27.0,21,0,0,10.7,81.6,Callao,11.6,0
11.3,27.0,28,1,0,11.4,88.0,Callao,11.3,0
10.0,27.0,7,0,0,8.4,66.9,Callao,10.0,1
10.9,27.0,9,0,0,10.3,72.4,Callao,10.9,1
10.8,27.0,7,0,0,7.1,63.6,Callao,10.8,1
8.8,27.0,7,1,0,7.3,66.5,Callao,8.8,1
12.0,27.0,23,1,0,10.4,82.5,Callao,12.0,0
10.9,27.0,7,0,0,8.9,67.6,Callao,10.9,1
12.3,27.0,27,0,0,12.1,84.7,Callao,12.3,0
11.8,27.0,35,0,0,14.2,94.4,Callao,11.8,0
9.8,27.0,10,1,0,9.4,73.1,Callao,9.8,1
9.8,27.0,10,1,0,9.4,73.3,Callao,9.8,1
11.2,27.0,8,1,0,8.6,66.4,Callao,11.2,0
11.2,27.0,15,0,0,10.2,76.3,Callao,11.2,0
10.3,27.0,31,1,0,11.1,86.5,Callao,10.3,1
11.8,27.0,10,1,0,9.1,73.3,Callao,11.8,0
11.5,27.0,10,1,0,9.4,73.1,Callao,11.5,0
11.9,27.0,23,1,0,12.0,81.2,Callao,11.9,0
9.4,27.0,11,0,0,9.7,71.9,Callao,9.4,1
11.6,27.0,32,1,0,15.5,94.3,Callao,11.6,0
10.5,27.0,33,0,0,11.4,85.7,Callao,10.5,1
12.9,37.0,23,0,0,18.8,91.5,Callao,12.9,0
11.8,37.0,12,1,0,9.5,74.4,Callao,11.8,0
12.1,37.0,35,0,0,11.5,91.2,Callao,12.1,0
11.4,37.0,27,0,0,13.2,90.5,Callao,11.4,0
10.9,37.0,24,0,0,11.8,86.4,Callao,10.9,1
11.7,37.0,27,0,0,12.4,83.0,Callao,11.7,0
10.0,37.0,9,1,0,9.9,72.1,Callao,10.0,1
13.3,3289.0,20,0,0,12.9,81.8,Cusco,13.17,0
13.1,3289.0,16,0,0,11.0,80.5,Cusco,12.97,0
12.8,3424.0,14,1,0,10.1,76.5,Cusco,12.65,0
11.9,3424.0,35,1,0,14.5,93.1,Cusco,11.75,0
12.4,3424.0,14,1,0,10.0,77.3,Cusco,12.25,0
13.5,3424.0,26,1,0,12.5,84.0,Cusco,13.35,0
11.8,3424.0,26,0,0,12.9,86.5,Cusco,11.65,0
13.6,3424.0,16,0,0,10.6,75.2,Cusco,13.45,0
13.9,3424.0,33,1,0,11.6,89.8,Cusco,13.75,0
14.9,3464.0,28,0,0,12.0,83.8,Cusco,14.75,0
12.5,3464.0,12,1,0,10.9,74.3,Cusco,12.35,0
15.0,3464.0,33,1,0,16.3,93.4,Cusco,14.85,0
12.2,3464.0,14,1,0,8.7,72.7,Cusco,12.05,0
13.0,3464.0,25,0,0,11.5,81.2,Cusco,12.85,0
13.5,3464.0,17,0,0,9.2,76.3,Cusco,13.35,0
12.7,3464.0,23,0,0,8.3,82.6,Cusco,12.55,0
12.0,529.0,19,1,0,11.6,82.5,Cusco,12.0,0
10.3,529.0,14,1,0,10.7,78.8,Cusco,10.3,1
7.4,529.0,10,0,0,8.0,68.0,Cusco,7.4,1
11.2,529.0,11,0,0,10.1,74.6,Cusco,11.2,0
10.2,529.0,6,1,0,8.5,66.1,Cusco,10.2,1
9.7,529.0,13,0,0,11.7,75.7,Cusco,9.7,1
11.0,529.0,9,0,0,8.4,68.8,Cusco,11.0,0
15.0,3753.0,19,0,1,12.0,81.9,Cusco,14.81,0
12.8,3753.0,9,0,1,7.7,69.5,Cusco,12.61,0
14.0,3753.0,31,0,1,12.9,86.2,Cusco,13.81,0
13.1,3753.0,31,0,1,14.7,89.7,Cusco,12.91,0
14.6,4027.0,33,1,0,12.6,90.0,Cusco,14.37,0
11.8,4027.0,12,1,0,9.7,74.2,Cusco,11.57,0
12.7,4027.0,19,0,0,9.6,75.1,Cusco,12.47,0
14.7,4027.0,9,0,0,8.3,67.5,Cusco,14.47,0
13.0,4027.0,30,1,0,12.9,89.4,Cusco,12.77,0
13.3,3593.0,20,0,0,9.1,78.8,Cusco,13.13,0
15.3,3593.0,8,0,0,8.2,67.7,Cusco,15.13,0
11.2,1091.0,21,1,1,12.4,84.3,Cusco,11.21,0
10.6,1091.0,9,0,1,10.5,72.9,Cusco,10.61,1
12.9,1091.0,35,1,1,14.2,94.8,Cusco,12.91,0
10.6,1091.0,20,0,1,13.5,84.4,Cusco,10.61,1
13.9,3733.0,33,0,1,11.7,85.2,Cusco,13.71,0
13.7,3733.0,13,1,1,10.1,74.0,Cusco,13.51,0
12.8,3733.0,13,1,1,9.3,74.2,Cusco,12.61,0
14.2,3571.0,24,0,1,10.5,82.3,Cusco,14.03,0
12.5,3571.0,25,0,1,10.9,84.4,Cusco,12.33,0
12.3,3571.0,14,1,1,11.7,80.0,Cusco,12.13,0
13.7,3454.0,6,0,1,6.3,65.4,Cusco,13.55,0
16.8,3971.0,9,0,1,9.1,70.0,Cusco,16.58,0
13.6,3971.0,34,0,1,12.7,84.5,Cusco,13.38,0
14.6,3971.0,16,0,1,10.2,77.8,Cusco,14.38,0
15.5,3971.0,29,0,1,12.1,85.7,Cusco,15.28,0
14.6,3821.0,19,0,1,10.1,77.4,Cusco,14.4,0
11.2,3821.0,14,0,1,9.0,71.4,Cusco,11.0,0
14.2,3821.0,7,1,1,9.1,71.3,Cusco,14.0,0
14.1,3821.0,21,0,1,10.4,75.7,Cusco,13.9,0
14.7,3821.0,10,1,1,9.5,71.0,Cusco,14.5,0
13.8,3821.0,35,1,1,12.1,83.8,Cusco,13.6,0
16.6,3821.0,16,0,1,7.3,68.3,Cusco,16.4,0
14.6,3925.0,17,0,1,8.9,77.1,Cusco,14.39,0
14.2,3925.0,26,1,1,12.6,82.0,Cusco,13.99,0
13.1,3925.0,17,1,1,11.5,78.4,Cusco,12.89,0
12.7,3925.0,22,0,1,9.7,79.5,Cusco,12.49,0
11.8,3925.0,13,1,1,10.3,77.2,Cusco,11.59,0
9.9,742.0,10,0,1,9.3,73.6,Cusco,9.9,1
12.7,742.0,25,1,1,12.3,88.0,Cusco,12.7,0
11.0,742.0,13,1,1,9.0,71.7,Cusco,11.0,0
10.7,742.0,12,1,1,9.2,73.6,Cusco,10.7,1
11.7,742.0,6,0,1,7.4,65.8,Cusco,11.7,0
15.5,3711.0,28,0,0,12.0,83.4,Huancavelica,15.32,0
13.3,3711.0,31,1,0,12.1,86.6,Huancavelica,13.12,0
12.1,3282.0,19,0,0,10.2,75.2,Huancavelica,11.97,0
13.1,3282.0,21,0,0,9.6,78.1,Huancavelica,12.97,0
14.9,3449.0,32,1,0,13.8,91.7,Huancavelica,14.75,0
12.4,3449.0,30,1,0,13.1,89.4,Huancavelica,12.25,0
13.2,3449.0,34,1,0,12.8,89.6,Huancavelica,13.05,0
14.7,3344.0,11,1,0,7.0,68.0,Huancavelica,14.56,0
13.4,3344.0,30,0,0,10.4,83.1,Huancavelica,13.26,0
14.1,3344.0,35,1,0,11.2,86.8,Huancavelica,13.96,0
13.8,3892.0,25,1,0,11.6,84.0,Huancavelica,13.59,0
13.8,3892.0,24,1,0,11.5,81.1,Huancavelica,13.59,0
14.2,3892.0,33,1,0,14.0,90.6,Huancavelica,13.99,0
12.1,3892.0,15,0,0,9.9,75.3,Huancavelica,11.89,0
14.0,3892.0,26,1,0,12.8,86.7,Huancavelica,13.79,0
12.3,2756.0,24,1,1,11.6,86.4,Huancavelica,12.22,0
13.3,2756.0,6,0,1,9.1,67.5,Huancavelica,13.22,0
11.7,2756.0,16,0,1,10.8,78.1,Huancavelica,11.62,0
11.8,2756.0,19,1,1,11.3,78.9,Huancavelica,11.72,0
12.5,2756.0,13,0,1,9.2,73.8,Huancavelica,12.42,0
12.8,2863.0,9,0,1,7.5,68.6,Huancavelica,12.71,0
12.2,2863.0,23,0,1,11.2,79.6,Huancavelica,12.11,0
14.8,2863.0,24,0,1,10.3,80.2,Huancavelica,14.71,0
11.4,2863.0,10,1,1,8.5,70.3,Huancavelica,11.31,0
13.8,3590.0,14,0,1,8.2,71.0,Huancavelica,13.63,0
13.6,3590.0,15,1,1,9.4,74.5,Huancavelica,13.43,0
13.3,3590.0,10,0,1,6.7,64.2,Huancavelica,13.13,0
13.7,3590.0,34,1,1,14.4,90.7,Huancavelica,13.53,0
14.4,3837.0,29,1,1,12.2,86.2,Huancavelica,14.2,0
15.2,3837.0,27,0,1,11.6,84.1,Huancavelica,15.0,0
13.9,3382.0,27,1,1,11.9,85.7,Huancavelica,13.76,0
12.8,3382.0,24,0,1,10.7,82.1,Huancavelica,12.66,0
13.4,3382.0,17,0,1,9.1,74.4,Huancavelica,13.26,0
13.6,3382.0,27,1,1,14.7,95.1,Huancavelica,13.46,0
10.9,3382.0,6,1,1,8.5,65.8,Huancavelica,10.76,1
13.1,3382.0,8,0,1,8.3,67.1,Huancavelica,12.96,0
12.7,3382.0,19,1,1,9.3,77.5,Huancavelica,12.56,0
14.8,3635.0,8,0,1,8.2,66.6,Huancavelica,14.63,0
12.4,3635.0,17,1,1,11.6,80.4,Huancavelica,12.23,0
12.2,3635.0,35,1,1,15.3,94.4,Huancavelica,12.03,0
15.1,4177.0,29,1,1,12.0,87.8,Huancavelica,14.85,0
14.8,4177.0,11,0,1,8.7,70.6,Huancavelica,14.55,0
12.2,4177.0,8,1,1,7.9,66.4,Huancavelica,11.95,0
13.8,4177.0,28,1,1,10.4,80.4,Huancavelica,13.55,0
13.7,4177.0,33,1,1,10.6,84.8,Huancavelica,13.45,0
13.1,4177.0,33,0,1,11.3,86.9,Huancavelica,12.85,0
14.6,4173.0,19,1,1,10.4,79.3,Huancavelica,14.35,0
14.0,4173.0,21,0,1,11.0,83.3,Huancavelica,13.75,0
12.8,4173.0,24,0,1,10.7,82.5,Huancavelica,12.55,0
14.7,4173.0,35,1,1,10.9,85.2,Huancavelica,14.45,0
14.4,3420.0,32,1,1,13.2,91.2,Huancavelica,14.25,0
13.3,3420.0,25,1,1,14.2,88.2,Huancavelica,13.15,0
12.9,3420.0,9,1,1,8.1,69.4,Huancavelica,12.75,0
13.3,3420.0,15,0,1,10.0,75.1,Huancavelica,13.15,0
14.5,3420.0,34,1,1,13.6,93.5,Huancavelica,14.35,0
13.5,3619.0,13,0,1,8.9,75.0,Huancavelica,13.33,0
13.6,3627.0,10,1,1,10.5,72.8,Huancavelica,13.43,0
13.2,3627.0,21,1,1,13.5,85.8,Huancavelica,13.03,0
12.6,3627.0,20,0,1,9.4,81.4,Huancavelica,12.43,0
14.8,3627.0,30,0,1,11.7,84.4,Huancavelica,14.63,0
14.5,3627.0,27,0,1,10.3,81.6,Huancavelica,14.33,0
14.1,3627.0,27,0,1,9.7,80.8,Huancavelica,13.93,0
13.2,3414.0,34,1,1,12.1,87.2,Huancavelica,13.05,0
12.3,3414.0,26,0,1,11.4,78.8,Huancavelica,12.15,0
14.3,3414.0,31,0,1,11.8,88.8,Huancavelica,14.15,0
13.6,3414.0,25,0,1,10.1,79.4,Huancavelica,13.45,0
14.3,3414.0,34,0,1,12.7,89.7,Huancavelica,14.15,0
13.5,3541.0,32,1,1,10.4,83.5,Huancavelica,13.34,0
13.5,3541.0,12,0,1,9.6,74.8,Huancavelica,13.34,0
13.8,3541.0,34,0,1,13.4,87.2,Huancavelica,13.64,0
13.4,3541.0,24,1,1,11.3,79.7,Huancavelica,13.24,0
13.7,3541.0,6,1,1,8.1,63.8,Huancavelica,13.54,0
11.3,1949.0,19,1,0,12.3,86.7,Huanuco,11.28,0
9.9,1921.0,9,1,0,7.3,69.4,Huanuco,9.88,1
12.6,1921.0,21,1,0,13.4,85.0,Huanuco,12.58,0
10.6,1921.0,10,1,0,9.2,72.4,Huanuco,10.58,1
11.5,1921.0,33,0,0,12.0,91.3,Huanuco,11.48,0
10.7,1921.0,11,1,0,9.0,72.3,Huanuco,10.68,1
11.7,1921.0,35,1,0,13.1,88.4,Huanuco,11.68,0
10.8,1921.0,35,0,0,12.5,91.7,Huanuco,10.78,1
8.3,1921.0,7,1,0,8.8,66.8,Huanuco,8.28,1
11.6,1921.0,17,1,0,10.6,80.2,Huanuco,11.58,0
12.4,1921.0,27,1,0,10.8,83.5,Huanuco,12.38,0
11.1,1950.0,22,1,0,11.0,86.1,Huanuco,11.08,0
12.1,1950.0,32,0,0,12.7,92.1,Huanuco,12.08,0
11.7,1950.0,32,1,0,13.4,91.0,Huanuco,11.68,0
10.4,1950.0,15,0,0,8.9,71.8,Huanuco,10.38,1
11.0,1996.0,16,1,0,10.5,80.9,Huanuco,10.98,1
12.8,1996.0,20,0,0,10.2,78.1,Huanuco,12.78,0
12.2,1996.0,28,0,0,13.7,89.6,Huanuco,12.18,0
11.9,675.0,11,0,0,9.6,70.7,Huanuco,11.9,0
13.1,675.0,12,0,0,9.0,70.7,Huanuco,13.1,0
9.9,675.0,20,0,0,11.2,79.2,Huanuco,9.9,1
10.3,675.0,19,0,0,8.8,79.1,Huanuco,10.3,1
11.3,667.0,24,0,0,11.5,84.6,Huanuco,11.3,0
11.4,667.0,17,0,0,10.1,77.7,Huanuco,11.4,0
12.1,667.0,34,0,0,15.0,93.8,Huanuco,12.1,0
12.8,667.0,15,0,0,11.0,77.3,Huanuco,12.8,0
12.5,667.0,28,1,0,11.8,89.1,Huanuco,12.5,0
10.8,636.0,15,1,0,10.5,76.3,Huanuco,10.8,1
9.2,636.0,19,1,0,11.5,79.6,Huanuco,9.2,1
11.4,636.0,19,1,0,9.7,81.6,Huanuco,11.4,0
10.9,636.0,9,1,0,8.8,70.3,Huanuco,10.9,1
9.6,215.0,13,1,0,9.7,74.5,Huanuco,9.6,1
11.2,215.0,23,1,0,10.9,85.5,Huanuco,11.2,0
11.3,215.0,16,0,0,11.8,80.7,Huanuco,11.3,0
11.8,215.0,26,1,0,12.4,87.8,Huanuco,11.8,0
11.5,215.0,25,0,0,10.3,81.2,Huanuco,11.5,0
11.8,215.0,31,0,0,12.0,89.3,Huanuco,11.8,0
11.9,215.0,19,0,0,9.4,78.5,Huanuco,11.9,0
14.7,3587.0,31,0,1,10.4,83.2,Huanuco,14.53,0
14.9,3587.0,16,1,1,10.4,76.8,Huanuco,14.73,0
13.3,3587.0,18,0,1,8.2,71.7,Huanuco,13.13,0
12.9,3587.0,18,0,1,7.8,69.6,Huanuco,12.73,0
15.2,3587.0,33,1,1,14.6,91.0,Huanuco,15.03,0
12.2,3587.0,8,1,1,9.8,70.3,Huanuco,12.03,0
14.3,3587.0,27,1,1,15.7,91.3,Huanuco,14.13,0
12.1,3548.0,30,1,1,10.9,84.5,Huanuco,11.94,0
13.7,3548.0,34,0,1,12.2,87.7,Huanuco,13.54,0
13.3,3548.0,15,0,1,8.7,72.4,Huanuco,13.14,0
14.2,3548.0,30,0,1,11.6,84.5,Huanuco,14.04,0
12.1,1576.0,17,0,1,10.3,78.8,Huanuco,12.1,0
11.1,1576.0,24,1,1,11.3,85.3,Huanuco,11.1,0
12.2,1576.0,15,1,1,9.3,73.4,Huanuco,12.2,0
10.3,1576.0,8,1,1,9.5,70.2,Huanuco,10.3,1
9.5,693.0,11,1,1,9.1,72.8,Huanuco,9.5,1
11.8,693.0,32,1,1,14.1,92.7,Huanuco,11.8,0
9.4,693.0,11,0,1,9.1,71.9,Huanuco,9.4,1
9.6,693.0,6,1,1,9.9,68.9,Huanuco,9.6,1
12.6,693.0,31,1,1,11.4,85.2,Huanuco,12.6,0
11.1,693.0,23,0,1,10.1,83.1,Huanuco,11.1,0
13.8,3667.0,18,1,1,9.3,78.2,Huanuco,13.62,0
9.9,3667.0,19,1,1,13.3,83.7,Huanuco,9.72,1
13.3,3667.0,28,1,1,12.4,86.1,Huanuco,13.12,0
10.8,3667.0,20,1,1,9.4,76.3,Huanuco,10.62,1
13.6,3667.0,11,1,1,9.3,72.4,Huanuco,13.42,0
13.1,3667.0,30,1,1,12.4,89.5,Huanuco,12.92,0
13.5,3540.0,21,0,1,8.9,78.3,Huanuco,13.34,0
12.8,3540.0,13,1,1,9.8,72.0,Huanuco,12.64,0
14.6,3540.0,17,0,1,8.9,76.2,Huanuco,14.44,0
11.5,1914.0,10,0,1,9.5,70.8,Huanuco,11.48,0
12.3,1914.0,24,0,1,11.9,86.4,Huanuco,12.28,0
11.3,1914.0,7,0,1,8.1,69.2,Huanuco,11.28,0
11.5,1914.0,9,0,1,9.3,69.7,Huanuco,11.48,0
12.7,1914.0,11,1,1,9.9,73.9,Huanuco,12.68,0
9.2,217.0,27,0,1,10.4,83.4,Huanuco,9.2,1
10.9,217.0,12,0,1,8.6,72.0,Huanuco,10.9,1
9.9,217.0,29,0,1,10.7,87.4,Huanuco,9.9,1
14.9,2544.0,27,1,1,14.5,94.7,Huanuco,14.84,0
10.4,2544.0,29,1,1,12.0,88.0,Huanuco,10.34,1
11.8,2544.0,27,0,1,9.4,81.0,Huanuco,11.74,0
10.1,2895.0,19,1,1,10.1,75.9,Huanuco,10.01,1
12.2,2895.0,10,1,1,9.3,68.6,Huanuco,12.11,0
12.7,2895.0,30,0,1,12.2,85.8,Huanuco,12.61,0
11.4,2895.0,7,1,1,8.3,68.2,Huanuco,11.31,0
11.9,2895.0,32,0,1,12.4,86.9,Huanuco,11.81,0
11.6,2895.0,25,0,1,11.8,86.6,Huanuco,11.51,0
11.3,3537.0,15,1,1,8.8,71.8,Huanuco,11.14,0
12.0,3537.0,15,1,1,10.2,74.5,Huanuco,11.84,0
14.0,3537.0,28,0,1,9.5,74.7,Huanuco,13.84,0
11.1,3537.0,11,1,1,8.8,70.5,Huanuco,10.94,1
11.2,463.0,33,1,0,14.2,90.6,Ica,11.2,0
10.8,463.0,9,1,0,8.7,69.3,Ica,10.8,1
11.5,472.0,12,0,0,9.2,70.8,Ica,11.5,0
11.4,432.0,12,1,0,9.0,76.3,Ica,11.4,0
10.8,432.0,16,0,0,9.1,78.3,Ica,10.8,1
11.2,442.0,25,0,0,10.3,81.5,Ica,11.2,0
10.7,442.0,7,0,0,7.6,66.6,Ica,10.7,1
10.9,442.0,23,1,0,12.0,85.4,Ica,10.9,1
11.8,442.0,7,1,0,10.0,71.5,Ica,11.8,0
9.7,453.0,20,1,0,9.8,78.8,Ica,9.7,1
12.9,453.0,22,1,0,11.4,83.4,Ica,12.9,0
11.0,453.0,11,1,0,10.7,74.4,Ica,11.0,0
10.9,453.0,7,0,0,9.1,68.8,Ica,10.9,1
11.7,146.0,27,0,0,12.5,87.2,Ica,11.7,0
10.2,146.0,11,0,0,9.3,73.8,Ica,10.2,1
11.1,146.0,32,1,0,15.3,94.6,Ica,11.1,0
10.2,146.0,22,0,0,10.4,79.7,Ica,10.2,1
12.5,146.0,25,1,0,12.5,87.3,Ica,12.5,0
10.4,146.0,12,1,0,10.6,76.4,Ica,10.4,1
11.4,146.0,8,0,0,7.2,67.7,Ica,11.4,0
10.2,39.0,12,0,0,10.7,74.9,Ica,10.2,1
11.5,39.0,27,0,0,12.1,84.4,Ica,11.5,0
10.9,39.0,16,0,0,8.0,73.9,Ica,10.9,1
13.7,432.0,29,1,0,13.9,91.4,Ica,13.7,0
12.9,432.0,12,0,0,10.2,72.8,Ica,12.9,0
11.4,432.0,15,0,0,10.5,78.4,Ica,11.4,0
8.7,39.0,22,1,0,10.7,81.3,Ica,8.7,1
13.0,39.0,21,0,0,10.7,82.9,Ica,13.0,0
12.5,39.0,15,1,0,13.5,82.5,Ica,12.5,0
10.6,39.0,8,1,0,10.0,71.7,Ica,10.6,1
10.8,39.0,7,0,0,7.5,66.8,Ica,10.8,1
11.8,39.0,18,0,0,11.1,80.3,Ica,11.8,0
9.2,39.0,7,1,0,7.6,66.0,Ica,9.2,1
10.0,39.0,12,1,0,9.7,74.4,Ica,10.0,1
11.8,39.0,17,0,0,10.8,81.3,Ica,11.8,0
10.8,39.0,19,1,0,13.5,83.4,Ica,10.8,1
11.5,39.0,18,0,0,8.9,75.6,Ica,11.5,0
9.8,113.0,15,1,0,10.6,82.8,Ica,9.8,1
12.2,113.0,30,0,0,12.5,87.3,Ica,12.2,0
8.8,116.0,14,1,0,10.8,77.8,Ica,8.8,1
10.9,116.0,26,1,0,11.9,89.4,Ica,10.9,1
10.1,116.0,11,0,0,9.1,68.2,Ica,10.1,1
8.9,445.0,17,1,0,10.2,82.0,Ica,8.9,1
13.3,445.0,25,0,0,12.5,88.0,Ica,13.3,0
11.8,445.0,18,1,0,10.1,78.2,Ica,11.8,0
11.4,356.0,25,0,0,13.1,86.6,Ica,11.4,0
12.4,356.0,31,0,0,11.7,87.7,Ica,12.4,0
11.7,356.0,9,0,0,11.1,72.3,Ica,11.7,0
10.8,356.0,26,0,0,10.7,85.8,Ica,10.8,1
11.0,356.0,30,1,0,13.6,94.9,Ica,11.0,0
12.7,356.0,17,1,0,12.0,85.3,Ica,12.7,0
11.3,356.0,26,1,0,13.5,87.3,Ica,11.3,0
10.7,356.0,32,0,0,12.3,87.8,Ica,10.7,1
11.0,356.0,31,1,0,13.1,89.4,Ica,11.0,0
12.0,454.0,22,0,0,11.7,83.7,Ica,12.0,0
11.9,454.0,19,1,0,10.5,80.9,Ica,11.9,0
12.6,454.0,17,0,0,8.5,74.2,Ica,12.6,0
10.3,454.0,22,0,0,10.8,81.2,Ica,10.3,1
11.8,454.0,32,0,0,14.5,91.8,Ica,11.8,0
11.0,454.0,31,0,0,12.0,89.9,Ica,11.0,0
10.8,454.0,19,0,0,11.4,81.1,Ica,10.8,1
9.4,454.0,30,0,0,13.6,88.8,Ica,9.4,1
11.7,454.0,7,0,0,8.5,65.8,Ica,11.7,0
10.0,454.0,12,1,0,9.5,74.6,Ica,10.0,1
11.2,371.0,16,0,1,8.7,80.4,Ica,11.2,0
9.4,371.0,18,1,1,17.2,88.2,Ica,9.4,1
10.1,371.0,26,1,1,14.5,90.7,Ica,10.1,1
12.6,3294.0,22,1,0,12.8,85.8,Junin,12.47,0
11.7,3294.0,7,0,0,8.2,67.4,Junin,11.57,0
12.7,3294.0,8,1,0,7.7,67.3,Junin,12.57,0
12.5,3294.0,25,1,0,11.6,85.9,Junin,12.37,0
11.7,3294.0,12,1,0,10.4,73.6,Junin,11.57,0
14.3,3294.0,33,1,0,15.4,95.4,Junin,14.17,0
12.9,3294.0,17,1,0,11.0,83.5,Junin,12.77,0
13.8,3294.0,30,0,0,11.3,85.4,Junin,13.67,0
13.2,3294.0,17,1,0,10.5,83.6,Junin,13.07,0
12.5,3294.0,16,1,0,11.1,78.9,Junin,12.37,0
14.2,3294.0,20,1,0,11.6,83.4,Junin,14.07,0
11.2,3294.0,24,1,0,11.4,84.4,Junin,11.07,0
13.9,3294.0,26,0,0,9.1,80.9,Junin,13.77,0
10.9,538.0,11,1,0,9.0,73.3,Junin,10.9,1
11.4,538.0,11,0,0,10.1,74.6,Junin,11.4,0
12.4,538.0,26,1,0,12.5,87.1,Junin,12.4,0
11.5,538.0,19,0,0,9.0,79.1,Junin,11.5,0
14.0,3273.0,28,0,0,11.5,85.4,Junin,13.87,0
13.7,3273.0,11,1,0,10.3,70.9,Junin,13.57,0
14.8,3273.0,10,0,0,7.7,67.2,Junin,14.67,0
13.6,3273.0,21,0,0,11.1,80.5,Junin,13.47,0
13.0,3244.0,34,1,0,12.2,88.4,Junin,12.87,0
11.4,3244.0,9,1,0,7.8,67.7,Junin,11.27,0
11.3,531.0,25,0,0,10.5,81.5,Junin,11.3,0
11.0,531.0,23,1,0,9.7,80.9,Junin,11.0,0
11.3,531.0,11,0,0,8.5,73.2,Junin,11.3,0
10.7,531.0,11,0,0,9.1,73.9,Junin,10.7,1
10.5,531.0,6,1,0,8.3,63.3,Junin,10.5,1
12.6,3387.0,10,1,0,8.3,71.0,Junin,12.46,0
14.3,3387.0,34,1,0,12.7,91.4,Junin,14.16,0
13.1,3387.0,26,0,0,12.4,86.8,Junin,12.96,0
12.6,3387.0,6,1,0,7.3,64.5,Junin,12.46,0
14.1,3425.0,19,0,0,10.2,78.5,Junin,13.95,0
14.9,3425.0,28,0,0,12.2,85.9,Junin,14.75,0
14.5,3425.0,34,1,0,13.5,91.3,Junin,14.35,0
12.5,3425.0,26,0,0,10.5,82.2,Junin,12.35,0
13.4,3305.0,22,0,0,9.6,79.9,Junin,13.27,0
13.3,3305.0,8,1,0,7.9,67.6,Junin,13.17,0
11.0,3305.0,33,0,0,10.6,83.5,Junin,10.87,1
13.4,3305.0,30,1,0,14.1,89.6,Junin,13.27,0
13.2,3297.0,28,0,0,10.5,84.1,Junin,13.07,0
13.4,3297.0,14,1,0,10.5,76.5,Junin,13.27,0
16.3,3297.0,35,1,0,14.1,92.8,Junin,16.17,0
13.0,3297.0,14,1,0,9.3,73.4,Junin,12.87,0
12.3,3244.0,18,0,0,10.1,76.0,Junin,12.17,0
11.6,3244.0,33,1,0,14.8,93.0,Junin,11.47,0
15.3,3244.0,31,1,0,15.7,95.3,Junin,15.17,0
12.4,710.0,17,0,1,10.2,77.5,Junin,12.4,0
9.1,710.0,10,0,1,11.0,73.4,Junin,9.1,1
11.0,710.0,23,0,1,10.1,79.8,Junin,11.0,0
10.9,710.0,24,1,1,10.8,85.5,Junin,10.9,1
11.1,710.0,18,1,1,11.4,79.2,Junin,11.1,0
13.6,3278.0,30,0,1,10.9,85.5,Junin,13.47,0
13.4,3278.0,21,0,1,10.5,75.7,Junin,13.27,0
11.3,3278.0,25,0,1,10.8,83.9,Junin,11.17,0
14.2,3577.0,22,0,1,9.4,80.0,Junin,14.03,0
11.1,3577.0,21,0,1,9.7,76.3,Junin,10.93,1
12.3,700.0,25,0,1,11.3,84.7,Junin,12.3,0
11.9,700.0,26,0,1,13.2,89.4,Junin,11.9,0
11.6,700.0,35,0,1,16.8,101.0,Junin,11.6,0
11.5,137.0,25,1,0,15.2,92.6,La Libertad,11.5,0
10.0,137.0,10,1,0,9.1,71.2,La Libertad,10.0,1
11.0,137.0,20,1,0,10.8,79.5,La Libertad,11.0,0
9.8,137.0,8,1,0,8.7,68.7,La Libertad,9.8,1
12.1,137.0,13,1,0,9.5,74.4,La Libertad,12.1,0
12.3,137.0,22,1,0,11.9,84.5,La Libertad,12.3,0
10.1,137.0,14,0,0,11.0,76.9,La Libertad,10.1,1
11.7,74.0,18,0,0,11.4,79.4,La Libertad,11.7,0
10.8,74.0,6,0,0,6.7,63.4,La Libertad,10.8,1
12.2,74.0,34,0,0,17.2,94.5,La Libertad,12.2,0
10.9,92.0,32,1,0,13.3,89.0,La Libertad,10.9,1
10.5,92.0,10,0,0,9.8,71.4,La Libertad,10.5,1
11.1,92.0,33,1,0,13.6,95.0,La Libertad,11.1,0
10.7,92.0,13,0,0,10.2,71.3,La Libertad,10.7,1
11.4,92.0,12,1,0,10.5,77.8,La Libertad,11.4,0
13.2,92.0,19,1,0,11.6,82.5,La Libertad,13.2,0
11.4,92.0,15,1,0,13.2,78.7,La Libertad,11.4,0
12.1,92.0,33,0,0,13.3,89.5,La Libertad,12.1,0
11.5,92.0,30,1,0,14.0,92.7,La Libertad,11.5,0
10.3,92.0,32,0,0,16.3,93.3,La Libertad,10.3,1
10.1,92.0,11,1,0,9.8,73.8,La Libertad,10.1,1
12.7,92.0,17,1,0,12.2,82.4,La Libertad,12.7,0
12.2,92.0,34,1,0,16.6,98.9,La Libertad,12.2,0
10.7,92.0,35,0,0,14.3,94.6,La Libertad,10.7,1
11.5,92.0,14,0,0,11.0,79.2,La Libertad,11.5,0
11.5,92.0,16,1,0,11.1,78.6,La Libertad,11.5,0
10.9,97.0,34,1,0,13.4,86.9,La Libertad,10.9,1
9.4,97.0,15,0,0,9.4,74.7,La Libertad,9.4,1
10.5,97.0,35,1,0,16.1,91.0,La Libertad,10.5,1
11.9,50.0,10,1,0,10.9,74.1,La Libertad,11.9,0
11.1,50.0,27,0,0,10.0,83.2,La Libertad,11.1,0
9.9,50.0,9,1,0,8.8,70.9,La Libertad,9.9,1
11.9,50.0,30,0,0,14.1,94.5,La Libertad,11.9,0
12.7,50.0,21,1,0,11.1,80.4,La Libertad,12.7,0
13.3,3222.0,12,1,0,8.5,72.1,La Libertad,13.17,0
14.6,3222.0,26,1,0,10.8,86.0,La Libertad,14.47,0
13.5,3222.0,28,1,0,12.0,84.5,La Libertad,13.37,0
10.3,65.0,15,1,0,10.3,76.6,La Libertad,10.3,1
11.6,65.0,18,0,0,12.6,84.0,La Libertad,11.6,0
12.0,65.0,25,1,0,14.0,92.1,La Libertad,12.0,0
11.3,65.0,21,1,0,11.2,84.7,La Libertad,11.3,0
14.8,3183.0,8,0,0,10.7,73.3,La Libertad,14.68,0
13.5,3183.0,18,1,0,10.0,77.3,La Libertad,13.38,0
13.7,3183.0,6,0,0,7.1,64.2,La Libertad,13.58,0
14.7,3183.0,33,1,0,11.3,83.9,La Libertad,14.58,0
12.7,2838.0,33,0,0,10.9,85.4,La Libertad,12.61,0
9.5,2838.0,8,1,0,8.2,65.6,La Libertad,9.41,1
11.6,2838.0,16,1,0,12.4,79.5,La Libertad,11.51,0
10.6,2838.0,9,0,0,8.3,68.9,La Libertad,10.51,1
12.9,3126.0,22,1,0,11.0,78.6,La Libertad,12.79,0
12.1,3126.0,18,0,0,8.9,76.0,La Libertad,11.99,0
9.8,53.0,13,1,1,12.1,77.4,La Libertad,9.8,1
10.8,53.0,7,1,1,9.7,68.9,La Libertad,10.8,1
7.9,53.0,7,1,1,8.6,66.3,La Libertad,7.9,1
9.5,53.0,15,1,1,11.9,80.1,La Libertad,9.5,1
9.1,53.0,29,1,1,11.6,87.1,La Libertad,9.1,1
11.2,53.0,21,0,1,13.6,87.1,La Libertad,11.2,0
11.5,53.0,18,1,1,12.0,82.6,La Libertad,11.5,0
12.4,53.0,29,1,1,12.6,87.7,La Libertad,12.4,0
13.5,2558.0,6,1,1,7.5,65.1,La Libertad,13.44,0
11.7,2558.0,10,1,1,7.2,70.9,La Libertad,11.64,0
13.0,2558.0,35,0,1,14.9,93.3,La Libertad,12.94,0
14.1,2558.0,21,0,1,11.0,80.3,La Libertad,14.04,0
11.4,2558.0,31,1,1,13.2,88.0,La Libertad,11.34,0
13.3,3437.0,27,0,1,10.4,81.2,La Libertad,13.15,0
12.1,3437.0,6,0,1,8.4,63.8,La Libertad,11.95,0
14.1,3437.0,7,0,1,6.4,62.6,La Libertad,13.95,0
12.5,3437.0,25,1,1,12.0,82.9,La Libertad,12.35,0
12.2,3437.0,11,1,1,8.5,73.6,La Libertad,12.05,0
13.1,3437.0,20,1,1,10.0,82.6,La Libertad,12.95,0
12.6,3012.0,9,1,1,7.9,69.0,La Libertad,12.5,0
12.5,3012.0,9,1,1,9.1,73.7,La Libertad,12.4,0
12.0,28.0,14,1,0,9.0,76.8,Lambayeque,12.0,0
12.6,28.0,8,1,0,9.0,66.7,Lambayeque,12.6,0
12.7,28.0,14,1,0,9.2,77.5,Lambayeque,12.7,0
10.7,28.0,10,1,0,10.5,76.0,Lambayeque,10.7,1
11.4,28.0,13,1,0,12.8,77.4,Lambayeque,11.4,0
11.3,28.0,6,1,0,10.0,69.1,Lambayeque,11.3,0
10.7,28.0,15,1,0,11.5,75.2,Lambayeque,10.7,1
11.3,41.0,33,1,0,13.4,89.9,Lambayeque,11.3,0
12.1,41.0,33,1,0,11.0,85.2,Lambayeque,12.1,0
9.5,41.0,8,0,0,8.3,68.3,Lambayeque,9.5,1
11.3,41.0,27,1,0,12.5,89.6,Lambayeque,11.3,0
9.9,36.0,8,0,0,6.8,66.5,Lambayeque,9.9,1
11.5,36.0,13,1,0,10.2,75.0,Lambayeque,11.5,0
12.7,36.0,25,1,0,14.4,91.0,Lambayeque,12.7,0
11.3,36.0,35,0,0,14.2,97.5,Lambayeque,11.3,0
11.2,36.0,26,0,0,11.1,84.1,Lambayeque,11.2,0
11.2,36.0,6,1,0,7.4,65.6,Lambayeque,11.2,0
9.9,36.0,34,1,0,13.6,92.5,Lambayeque,9.9,1
8.6,36.0,7,0,0,8.3,67.4,Lambayeque,8.6,1
12.0,36.0,11,1,0,11.5,77.7,Lambayeque,12.0,0
12.0,36.0,10,0,0,8.8,70.0,Lambayeque,12.0,0
10.1,36.0,6,1,0,7.3,61.2,Lambayeque,10.1,1
12.2,36.0,22,0,0,12.5,87.1,Lambayeque,12.2,0
11.8,36.0,28,0,0,13.0,89.4,Lambayeque,11.8,0
11.3,36.0,35,0,0,14.9,94.5,Lambayeque,11.3,0
11.1,36.0,30,0,0,11.5,88.8,Lambayeque,11.1,0
11.7,36.0,7,1,0,7.5,65.9,Lambayeque,11.7,0
12.3,36.0,9,0,0,11.8,72.3,Lambayeque,12.3,0
9.6,119.0,9,0,0,7.6,68.2,Lambayeque,9.6,1
11.0,119.0,35,1,0,17.0,101.3,Lambayeque,11.0,0
9.8,119.0,7,1,0,9.1,67.5,Lambayeque,9.8,1
10.9,26.0,35,0,0,12.7,91.2,Lambayeque,10.9,1
10.3,26.0,13,0,0,9.7,76.2,Lambayeque,10.3,1
10.3,26.0,11,0,0,8.7,72.0,Lambayeque,10.3,1
10.7,26.0,19,1,0,9.6,77.6,Lambayeque,10.7,1
10.1,26.0,10,0,0,10.1,74.0,Lambayeque,10.1,1
10.0,26.0,9,1,0,9.5,72.3,Lambayeque,10.0,1
11.2,26.0,15,0,0,10.2,73.5,Lambayeque,11.2,0
11.9,24.0,20,0,0,8.9,76.6,Lambayeque,11.9,0
11.4,24.0,16,1,0,11.6,79.9,Lambayeque,11.4,0
11.4,24.0,22,1,0,11.1,82.2,Lambayeque,11.4,0
10.9,24.0,30,1,0,12.4,86.4,Lambayeque,10.9,1
12.7,24.0,20,0,0,12.6,81.1,Lambayeque,12.7,0
11.0,41.0,14,1,0,8.7,74.8,Lambayeque,11.0,0
11.3,41.0,31,0,0,11.8,86.1,Lambayeque,11.3,0
10.9,41.0,33,1,0,14.0,90.3,Lambayeque,10.9,1
10.1,41.0,23,1,0,12.7,85.0,Lambayeque,10.1,1
9.9,41.0,17,1,0,11.1,77.0,Lambayeque,9.9,1
11.1,41.0,7,1,0,8.7,67.4,Lambayeque,11.1,0
12.5,36.0,12,0,0,8.7,76.6,Lambayeque,12.5,0
11.5,36.0,19,1,0,10.4,79.6,Lambayeque,11.5,0
11.5,36.0,13,1,0,10.0,72.4,Lambayeque,11.5,0
10.3,36.0,8,1,0,8.6,66.9,Lambayeque,10.3,1
10.8,36.0,29,1,0,12.6,89.8,Lambayeque,10.8,1
11.2,23.0,9,0,0,8.9,69.0,Lambayeque,11.2,0
11.7,23.0,11,0,0,11.2,72.0,Lambayeque,11.7,0
11.3,22.0,8,0,0,8.6,69.8,Lambayeque,11.3,0
10.8,22.0,8,1,0,8.5,69.4,Lambayeque,10.8,1
11.0,22.0,20,0,0,11.1,81.5,Lambayeque,11.0,0
11.8,61.0,24,1,0,10.7,83.0,Lambayeque,11.8,0
11.2,61.0,23,0,0,9.3,80.0,Lambayeque,11.2,0
12.0,61.0,24,1,0,10.8,83.4,Lambayeque,12.0,0
11.4,15.0,8,1,1,8.8,71.3,Lambayeque,11.4,0
9.7,15.0,12,0,1,8.1,68.0,Lambayeque,9.7,1
9.2,15.0,7,1,1,9.0,68.0,Lambayeque,9.2,1
11.6,15.0,12,1,1,8.7,72.6,Lambayeque,11.6,0
11.1,15.0,17,0,1,7.5,71.4,Lambayeque,11.1,0
9.0,15.0,9,1,1,8.1,70.6,Lambayeque,9.0,1
10.7,115.0,18,1,1,9.9,79.8,Lambayeque,10.7,1
10.3,115.0,15,0,1,8.1,73.0,Lambayeque,10.3,1
10.8,187.0,8,0,0,8.2,63.0,Lima,10.8,1
11.7,187.0,23,0,0,11.1,83.9,Lima,11.7,0
12.1,187.0,27,1,0,14.6,95.8,Lima,12.1,0
11.7,187.0,28,0,0,11.2,86.0,Lima,11.7,0
12.2,187.0,19,1,0,8.6,73.1,Lima,12.2,0
10.4,138.0,30,1,0,14.6,91.4,Lima,10.4,1
11.4,138.0,22,0,0,12.2,83.0,Lima,11.4,0
11.6,138.0,31,0,0,11.8,84.6,Lima,11.6,0
11.7,138.0,17,1,0,11.9,83.8,Lima,11.7,0
12.5,138.0,26,1,0,14.6,90.8,Lima,12.5,0
13.6,138.0,34,0,0,13.0,89.9,Lima,13.6,0
11.0,138.0,14,1,0,10.8,79.1,Lima,11.0,0
11.3,138.0,7,1,0,11.9,72.4,Lima,11.3,0
12.7,138.0,23,0,0,12.1,83.1,Lima,12.7,0
11.9,138.0,21,0,0,12.3,84.9,Lima,11.9,0
14.0,138.0,15,1,0,11.0,75.9,Lima,14.0,0
8.8,138.0,10,1,0,9.1,74.8,Lima,8.8,1
11.9,138.0,28,1,0,14.8,91.0,Lima,11.9,0
12.2,138.0,12,0,0,8.6,73.6,Lima,12.2,0
12.5,138.0,27,1,0,14.5,88.5,Lima,12.5,0
11.6,67.0,20,0,0,11.6,83.4,Lima,11.6,0
10.6,67.0,24,1,0,12.2,85.9,Lima,10.6,1
11.9,67.0,15,0,0,10.0,74.6,Lima,11.9,0
11.3,67.0,17,1,0,10.3,82.3,Lima,11.3,0
11.4,90.0,34,1,0,18.5,100.1,Lima,11.4,0
10.1,90.0,11,1,0,10.0,72.5,Lima,10.1,1
9.8,67.0,16,0,0,11.0,82.7,Lima,9.8,1
11.1,67.0,12,0,0,8.6,74.4,Lima,11.1,0
11.1,67.0,18,1,0,11.4,82.3,Lima,11.1,0
10.2,107.0,16,0,0,9.4,79.0,Lima,10.2,1
11.2,107.0,33,0,0,13.2,93.0,Lima,11.2,0
12.1,107.0,23,1,0,12.3,84.6,Lima,12.1,0
11.2,107.0,27,1,0,13.2,91.2,Lima,11.2,0
12.1,107.0,31,0,0,15.5,95.4,Lima,12.1,0
11.7,107.0,25,1,0,12.1,83.6,Lima,11.7,0
12.5,107.0,29,1,0,11.3,86.8,Lima,12.5,0
10.6,107.0,19,1,0,10.0,75.8,Lima,10.6,1
9.4,111.0,11,0,0,8.7,69.7,Lima,9.4,1
11.3,111.0,29,0,0,13.4,93.3,Lima,11.3,0
10.8,111.0,31,0,0,13.3,89.5,Lima,10.8,1
10.9,111.0,13,1,0,9.2,74.3,Lima,10.9,1
8.9,111.0,7,1,0,9.5,68.4,Lima,8.9,1
12.5,111.0,26,1,0,15.0,91.2,Lima,12.5,0
12.2,111.0,29,1,0,11.7,86.8,Lima,12.2,0
11.5,111.0,10,1,0,10.4,74.6,Lima,11.5,0
11.1,153.0,12,1,0,12.5,78.5,Lima,11.1,0
11.9,222.0,35,0,0,13.5,89.5,Lima,11.9,0
11.4,222.0,34,0,0,17.9,101.3,Lima,11.4,0
10.9,222.0,33,0,0,14.1,87.6,Lima,10.9,1
10.2,222.0,19,1,0,10.6,80.6,Lima,10.2,1
10.3,222.0,17,1,0,10.8,77.3,Lima,10.3,1
10.2,222.0,20,0,0,10.0,80.4,Lima,10.2,1
9.8,222.0,6,1,0,8.6,63.8,Lima,9.8,1
11.1,222.0,33,0,0,14.9,91.5,Lima,11.1,0
11.1,222.0,11,1,0,10.6,75.9,Lima,11.1,0
11.3,222.0,25,0,0,11.9,86.3,Lima,11.3,0
10.1,222.0,12,1,0,9.4,73.1,Lima,10.1,1
8.5,222.0,11,1,0,12.0,76.0,Lima,8.5,1
12.7,222.0,20,1,0,13.6,86.7,Lima,12.7,0
11.9,222.0,10,1,0,10.0,70.6,Lima,11.9,0
10.0,222.0,11,1,0,10.8,75.9,Lima,10.0,1
12.4,222.0,32,0,0,14.1,94.9,Lima,12.4,0
11.6,222.0,34,0,0,12.0,88.7,Lima,11.6,0
10.7,222.0,30,0,0,16.8,92.3,Lima,10.7,1
10.8,879.0,8,1,0,8.7,69.6,Lima,10.8,1
13.3,879.0,32,1,0,16.8,98.5,Lima,13.3,0
12.6,879.0,32,1,0,16.2,96.2,Lima,12.6,0
8.3,879.0,20,1,0,11.1,84.6,Lima,8.3,1
12.9,378.0,19,0,0,10.8,79.0,Lima,12.9,0
11.0,378.0,22,0,0,11.1,83.2,Lima,11.0,0
10.7,378.0,34,0,0,12.3,92.3,Lima,10.7,1
10.8,378.0,32,0,0,12.4,91.2,Lima,10.8,1
11.3,378.0,11,0,0,8.4,71.5,Lima,11.3,0
12.1,378.0,17,1,0,11.8,81.2,Lima,12.1,0
10.5,378.0,31,1,0,14.5,90.9,Lima,10.5,1
11.6,285.0,8,0,0,10.8,71.5,Lima,11.6,0
11.6,285.0,19,0,0,9.6,77.6,Lima,11.6,0
10.2,285.0,21,1,0,12.3,84.2,Lima,10.2,1
11.2,285.0,12,1,0,11.3,78.3,Lima,11.2,0
13.8,200.0,23,1,0,11.2,85.5,Lima,13.8,0
10.6,200.0,6,0,0,6.8,65.0,Lima,10.6,1
11.8,200.0,34,0,0,14.4,93.9,Lima,11.8,0
10.8,200.0,25,1,0,8.6,86.7,Lima,10.8,1
12.5,200.0,11,0,0,9.8,74.1,Lima,12.5,0
11.0,90.0,22,1,0,13.1,89.0,Lima,11.0,0
11.5,84.0,8,1,0,9.5,71.6,Lima,11.5,0
10.2,68.0,6,1,0,8.4,68.4,Lima,10.2,1
11.7,68.0,23,0,0,11.1,81.0,Lima,11.7,0
10.8,68.0,33,1,0,14.2,91.4,Lima,10.8,1
12.0,68.0,25,1,0,11.9,85.0,Lima,12.0,0
7.7,68.0,24,1,0,13.4,88.4,Lima,7.7,1
11.4,68.0,26,1,0,13.2,87.7,Lima,11.4,0
11.3,68.0,25,1,0,15.0,88.7,Lima,11.3,0
10.7,68.0,27,1,0,14.2,90.5,Lima,10.7,1
11.5,68.0,35,1,0,14.7,98.6,Lima,11.5,0
12.8,68.0,21,0,0,11.5,81.6,Lima,12.8,0
12.3,68.0,15,1,0,9.7,82.0,Lima,12.3,0
11.3,133.0,23,1,0,11.0,83.2,Lima,11.3,0
11.5,133.0,17,1,0,13.1,81.8,Lima,11.5,0
11.5,133.0,25,0,0,10.8,86.7,Lima,11.5,0
11.0,133.0,13,0,0,12.9,81.0,Lima,11.0,0
11.9,133.0,26,1,0,11.8,89.1,Lima,11.9,0
13.1,133.0,24,0,0,13.4,90.8,Lima,13.1,0
11.8,133.0,15,0,0,9.1,75.9,Lima,11.8,0
9.4,204.0,11,0,0,8.5,70.7,Lima,9.4,1
10.8,204.0,32,0,0,13.4,92.9,Lima,10.8,1
11.9,204.0,35,0,0,14.2,92.3,Lima,11.9,0
11.6,204.0,35,0,0,14.0,92.4,Lima,11.6,0
10.9,204.0,7,0,0,8.9,68.5,Lima,10.9,1
11.1,204.0,16,0,0,9.3,77.1,Lima,11.1,0
10.6,204.0,31,1,0,12.2,86.8,Lima,10.6,1
12.6,204.0,32,1,0,13.1,86.5,Lima,12.6,0
12.2,204.0,35,1,0,16.7,95.7,Lima,12.2,0
10.5,204.0,14,0,0,10.6,76.1,Lima,10.5,1
11.4,210.0,15,1,0,11.2,78.3,Lima,11.4,0
9.8,210.0,10,0,0,8.0,70.8,Lima,9.8,1
9.8,210.0,33,0,0,13.9,86.8,Lima,9.8,1
10.2,210.0,7,1,0,10.4,71.7,Lima,10.2,1
12.6,238.0,23,1,0,13.4,87.9,Lima,12.6,0
12.8,238.0,33,1,0,13.9,96.9,Lima,12.8,0
10.8,222.0,18,1,0,10.3,79.4,Lima,10.8,1
12.4,222.0,27,1,0,13.7,87.5,Lima,12.4,0
12.1,222.0,17,1,0,10.6,77.4,Lima,12.1,0
10.1,222.0,11,1,0,8.6,71.4,Lima,10.1,1
9.9,222.0,13,1,0,10.7,77.2,Lima,9.9,1
10.6,222.0,15,0,0,10.5,74.1,Lima,10.6,1
10.8,222.0,26,1,0,13.3,90.1,Lima,10.8,1
9.8,378.0,21,1,0,12.5,86.1,Lima,9.8,1
11.2,91.0,15,0,0,9.3,72.0,Lima,11.2,0
11.2,91.0,26,0,0,11.2,83.1,Lima,11.2,0
9.0,91.0,18,1,0,9.5,77.5,Lima,9.0,1
10.0,37.0,10,0,0,8.7,69.2,Lima,10.0,1
10.1,37.0,31,0,0,13.6,92.0,Lima,10.1,1
9.4,37.0,16,0,0,9.5,75.1,Lima,9.4,1
11.5,46.0,18,1,0,11.2,81.0,Lima,11.5,0
11.8,46.0,32,1,0,13.7,91.2,Lima,11.8,0
12.5,46.0,18,1,0,14.5,83.6,Lima,12.5,0
12.0,46.0,19,1,0,8.9,73.3,Lima,12.0,0
12.7,46.0,17,1,0,10.9,79.8,Lima,12.7,0
9.4,46.0,16,0,0,11.3,79.5,Lima,9.4,1
11.2,46.0,17,1,0,10.4,79.7,Lima,11.2,0
8.9,46.0,27,1,0,11.9,88.9,Lima,8.9,1
9.7,46.0,23,1,0,13.9,90.1,Lima,9.7,1
9.7,46.0,20,1,0,14.3,85.6,Lima,9.7,1
10.4,46.0,16,1,0,11.1,78.6,Lima,10.4,1
11.8,46.0,26,1,0,15.7,90.7,Lima,11.8,0
11.7,47.0,10,1,0,10.3,75.0,Lima,11.7,0
10.5,47.0,16,1,0,10.0,78.4,Lima,10.5,1
11.3,47.0,35,1,0,16.0,99.9,Lima,11.3,0
8.9,47.0,7,0,0,8.6,68.4,Lima,8.9,1
11.8,83.0,17,1,0,9.2,75.2,Lima,11.8,0
10.6,83.0,14,1,0,10.5,74.2,Lima,10.6,1
13.2,83.0,35,0,0,12.0,90.2,Lima,13.2,0
11.2,83.0,10,0,0,7.9,72.2,Lima,11.2,0
12.2,83.0,34,0,0,13.0,89.0,Lima,12.2,0
9.9,83.0,12,0,0,9.8,74.8,Lima,9.9,1
11.5,83.0,15,0,0,9.5,74.6,Lima,11.5,0
11.7,83.0,32,1,0,15.7,93.0,Lima,11.7,0
10.7,689.0,12,0,0,12.9,75.5,Lima,10.7,1
11.9,689.0,14,1,0,10.5,78.1,Lima,11.9,0
10.4,689.0,6,1,0,8.4,65.3,Lima,10.4,1
9.7,194.0,29,1,0,13.8,93.4,Lima,9.7,1
9.6,157.0,11,0,0,8.8,70.5,Lima,9.6,1
10.2,157.0,11,0,0,8.8,73.8,Lima,10.2,1
11.1,157.0,12,0,0,8.9,73.2,Lima,11.1,0
9.5,157.0,8,1,0,8.9,68.9,Lima,9.5,1
12.0,285.0,24,0,0,9.8,78.6,Lima,12.0,0
11.8,285.0,31,0,0,13.5,88.5,Lima,11.8,0
12.2,285.0,28,1,0,13.9,89.6,Lima,12.2,0
10.8,91.0,10,0,0,7.3,68.2,Lima,10.8,1
10.3,91.0,7,0,0,7.4,65.3,Lima,10.3,1
10.9,91.0,19,1,0,11.9,83.2,Lima,10.9,1
10.2,91.0,9,0,0,8.4,69.9,Lima,10.2,1
11.2,91.0,28,1,0,13.2,86.7,Lima,11.2,0
11.1,91.0,34,0,0,13.4,92.6,Lima,11.1,0
8.6,107.0,10,0,0,10.8,71.0,Lima,8.6,1
11.4,107.0,28,0,0,14.0,85.3,Lima,11.4,0
8.1,112.0,16,0,1,8.6,75.6,Lima,8.1,1
12.5,112.0,26,0,1,12.1,86.8,Lima,12.5,0
11.0,112.0,23,1,1,10.3,82.8,Lima,11.0,0
9.7,1618.0,25,1,1,11.7,83.0,Lima,9.69,1
14.2,1618.0,35,1,1,13.5,87.8,Lima,14.19,0
12.5,827.0,24,0,1,12.4,83.0,Lima,12.5,0
11.8,827.0,20,1,1,11.6,80.9,Lima,11.8,0
12.2,827.0,23,0,1,11.0,83.3,Lima,12.2,0
11.1,827.0,24,1,1,11.8,84.3,Lima,11.1,0
11.8,827.0,11,1,1,8.3,69.5,Lima,11.8,0
11.6,827.0,24,1,1,10.9,80.1,Lima,11.6,0
10.7,124.0,23,0,0,10.3,81.6,Loreto,10.7,1
10.8,124.0,29,1,0,11.7,82.3,Loreto,10.8,1
11.4,124.0,14,0,0,8.3,72.5,Loreto,11.4,0
10.1,124.0,9,1,0,9.8,72.5,Loreto,10.1,1
11.4,116.0,34,0,0,13.4,91.2,Loreto,11.4,0
11.8,116.0,24,1,0,11.6,84.3,Loreto,11.8,0
13.0,116.0,23,1,0,11.8,85.1,Loreto,13.0,0
10.5,116.0,20,1,0,10.3,76.0,Loreto,10.5,1
11.6,116.0,19,1,0,9.8,75.6,Loreto,11.6,0
9.8,116.0,26,0,0,10.5,82.0,Loreto,9.8,1
9.8,116.0,21,1,0,11.2,77.0,Loreto,9.8,1
11.5,124.0,16,1,0,9.2,75.8,Loreto,11.5,0
11.7,124.0,21,0,0,9.9,81.0,Loreto,11.7,0
10.9,124.0,35,1,0,13.1,90.8,Loreto,10.9,1
10.5,124.0,8,0,0,7.9,69.2,Loreto,10.5,1
10.0,120.0,31,1,0,11.2,83.2,Loreto,10.0,1
9.3,120.0,15,1,0,10.8,77.0,Loreto,9.3,1
9.5,120.0,7,0,0,7.3,66.3,Loreto,9.5,1
11.4,120.0,29,0,0,15.8,90.5,Loreto,11.4,0
11.9,120.0,29,0,0,13.2,86.3,Loreto,11.9,0
10.6,120.0,26,1,0,12.2,85.6,Loreto,10.6,1
11.2,120.0,15,1,0,10.1,75.6,Loreto,11.2,0
10.9,120.0,14,0,0,10.1,74.8,Loreto,10.9,1
11.7,120.0,34,1,0,13.1,90.4,Loreto,11.7,0
11.7,120.0,34,0,0,10.3,84.9,Loreto,11.7,0
10.7,120.0,10,0,0,8.7,71.0,Loreto,10.7,1
11.9,120.0,17,0,0,9.8,80.1,Loreto,11.9,0
11.2,120.0,17,1,0,9.7,80.6,Loreto,11.2,0
13.1,116.0,23,1,0,11.9,85.3,Loreto,13.1,0
13.5,116.0,30,1,0,13.9,93.0,Loreto,13.5,0
11.3,116.0,25,0,0,12.1,83.8,Loreto,11.3,0
12.3,116.0,31,0,0,12.3,85.0,Loreto,12.3,0
10.9,116.0,8,1,0,8.9,71.5,Loreto,10.9,1
11.3,120.0,34,0,0,13.1,89.5,Loreto,11.3,0
10.9,120.0,18,0,0,9.2,77.5,Loreto,10.9,1
11.6,150.0,28,0,0,12.4,90.1,Loreto,11.6,0
10.9,150.0,35,0,0,13.6,91.1,Loreto,10.9,1
10.8,150.0,34,0,0,12.3,90.2,Loreto,10.8,1
9.4,150.0,17,1,0,10.4,79.7,Loreto,9.4,1
12.0,150.0,21,1,0,11.4,83.2,Loreto,12.0,0
9.3,150.0,11,0,0,8.0,68.6,Loreto,9.3,1
11.4,150.0,29,0,0,11.9,87.9,Loreto,11.4,0
10.9,150.0,30,0,0,12.5,88.2,Loreto,10.9,1
9.6,150.0,17,1,0,10.6,77.8,Loreto,9.6,1
10.4,150.0,7,1,0,6.8,66.4,Loreto,10.4,1
10.8,150.0,8,0,0,8.3,70.4,Loreto,10.8,1
10.5,150.0,33,0,0,14.3,90.5,Loreto,10.5,1
12.3,150.0,28,1,0,13.6,93.4,Loreto,12.3,0
11.5,150.0,33,1,0,13.3,90.2,Loreto,11.5,0
11.4,150.0,22,0,0,9.9,80.0,Loreto,11.4,0
11.2,150.0,25,1,0,12.5,88.6,Loreto,11.2,0
11.2,150.0,9,1,0,9.6,74.6,Loreto,11.2,0
12.1,150.0,25,0,0,9.7,83.2,Loreto,12.1,0
9.6,150.0,16,1,0,10.1,78.6,Loreto,9.6,1
8.4,150.0,8,1,0,8.1,68.9,Loreto,8.4,1
11.4,150.0,10,0,0,8.8,73.5,Loreto,11.4,0
10.8,150.0,9,1,0,6.6,65.6,Loreto,10.8,1
11.9,150.0,8,1,0,8.1,67.4,Loreto,11.9,0
10.6,116.0,12,1,1,10.2,76.3,Loreto,10.6,1
9.9,116.0,33,1,1,11.1,88.0,Loreto,9.9,1
10.8,116.0,28,1,1,12.5,87.8,Loreto,10.8,1
11.2,116.0,18,0,1,8.9,77.0,Loreto,11.2,0
9.0,116.0,6,1,1,7.3,68.0,Loreto,9.0,1
10.4,115.0,14,1,1,10.1,74.4,Loreto,10.4,1
11.7,115.0,31,1,1,12.7,87.1,Loreto,11.7,0
11.9,115.0,31,0,1,8.8,78.5,Loreto,11.9,0
9.9,115.0,14,0,1,8.0,72.0,Loreto,9.9,1
11.1,115.0,22,1,1,10.1,78.0,Loreto,11.1,0
11.4,115.0,22,0,1,9.9,80.6,Loreto,11.4,0
11.0,75.0,35,1,1,11.4,85.4,Loreto,11.0,0
9.6,75.0,20,1,1,9.2,78.7,Loreto,9.6,1
10.0,75.0,28,0,1,11.2,84.5,Loreto,10.0,1
11.3,75.0,12,0,1,8.4,71.4,Loreto,11.3,0
10.3,75.0,29,1,1,11.2,84.6,Loreto,10.3,1
8.6,75.0,10,0,1,8.3,70.6,Loreto,8.6,1
10.7,75.0,15,0,1,9.3,72.4,Loreto,10.7,1
11.8,75.0,16,1,1,9.9,79.0,Loreto,11.8,0
11.9,110.0,33,1,1,11.9,90.0,Loreto,11.9,0
11.0,110.0,26,1,1,11.6,80.0,Loreto,11.0,0
10.4,110.0,31,0,1,11.9,88.2,Loreto,10.4,1
10.3,110.0,27,1,1,11.3,84.3,Loreto,10.3,1
11.4,110.0,23,1,1,10.9,80.2,Loreto,11.4,0
9.7,218.0,8,1,1,7.7,65.1,Loreto,9.7,1
10.7,218.0,18,1,1,9.3,75.5,Loreto,10.7,1
10.6,218.0,29,0,1,10.6,82.1,Loreto,10.6,1
10.2,204.0,26,1,0,14.2,93.8,Madre de Dios,10.2,1
12.0,204.0,25,0,0,12.6,88.3,Madre de Dios,12.0,0
11.4,204.0,17,0,0,10.9,81.7,Madre de Dios,11.4,0
12.7,204.0,27,0,0,12.4,87.2,Madre de Dios,12.7,0
12.7,204.0,19,1,0,11.0,82.5,Madre de Dios,12.7,0
10.8,204.0,13,1,0,10.0,76.5,Madre de Dios,10.8,1
10.9,204.0,32,0,0,12.2,88.6,Madre de Dios,10.9,1
10.8,204.0,11,1,0,8.5,73.8,Madre de Dios,10.8,1
11.6,204.0,35,0,0,11.6,85.4,Madre de Dios,11.6,0
10.8,204.0,13,1,0,8.8,73.5,Madre de Dios,10.8,1
9.6,204.0,23,0,0,10.1,84.6,Madre de Dios,9.6,1
10.3,204.0,14,0,0,9.4,75.3,Madre de Dios,10.3,1
11.4,204.0,7,1,0,9.6,72.6,Madre de Dios,11.4,0
10.5,204.0,22,0,0,10.6,82.2,Madre de Dios,10.5,1
11.0,204.0,25,1,0,12.3,84.3,Madre de Dios,11.0,0
10.8,204.0,35,0,0,12.0,89.7,Madre de Dios,10.8,1
10.9,204.0,12,0,0,9.3,74.5,Madre de Dios,10.9,1
8.9,204.0,22,1,0,12.2,83.4,Madre de Dios,8.9,1
11.0,204.0,15,0,0,9.9,77.3,Madre de Dios,11.0,0
12.7,204.0,32,1,0,15.8,97.6,Madre de Dios,12.7,0
9.2,204.0,6,1,0,7.6,66.1,Madre de Dios,9.2,1
11.8,204.0,29,0,0,11.8,87.1,Madre de Dios,11.8,0
11.7,204.0,32,0,0,12.2,89.6,Madre de Dios,11.7,0
9.8,204.0,7,1,0,9.1,73.0,Madre de Dios,9.8,1
10.2,204.0,11,1,0,9.6,73.6,Madre de Dios,10.2,1
11.8,204.0,29,1,0,12.1,87.7,Madre de Dios,11.8,0
11.3,204.0,7,0,0,7.5,70.9,Madre de Dios,11.3,0
10.1,204.0,14,0,0,8.2,75.4,Madre de Dios,10.1,1
11.8,204.0,31,1,0,14.0,92.2,Madre de Dios,11.8,0
11.0,204.0,23,0,0,11.2,83.8,Madre de Dios,11.0,0
11.2,204.0,16,0,0,10.9,78.3,Madre de Dios,11.2,0
11.1,204.0,11,0,0,8.2,70.6,Madre de Dios,11.1,0
8.1,204.0,10,1,0,7.3,69.2,Madre de Dios,8.1,1
11.4,204.0,13,1,0,9.0,75.8,Madre de Dios,11.4,0
11.2,204.0,33,0,0,13.1,88.3,Madre de Dios,11.2,0
11.8,204.0,19,0,0,9.8,79.4,Madre de Dios,11.8,0
11.2,204.0,12,1,0,9.7,76.4,Madre de Dios,11.2,0
10.8,204.0,25,1,0,12.1,84.9,Madre de Dios,10.8,1
10.6,204.0,15,0,0,9.8,77.4,Madre de Dios,10.6,1
10.1,204.0,9,1,0,9.5,74.7,Madre de Dios,10.1,1
9.7,204.0,19,1,0,8.9,74.5,Madre de Dios,9.7,1
11.2,204.0,22,1,0,12.9,86.4,Madre de Dios,11.2,0
10.1,204.0,8,0,0,7.6,68.2,Madre de Dios,10.1,1
11.3,444.0,21,1,0,12.0,84.4,Madre de Dios,11.3,0
12.0,444.0,9,1,0,10.4,74.8,Madre de Dios,12.0,0
11.9,204.0,25,1,0,12.8,83.7,Madre de Dios,11.9,0
12.0,204.0,32,0,0,16.2,92.7,Madre de Dios,12.0,0
12.3,204.0,22,1,0,9.5,82.9,Madre de Dios,12.3,0
10.4,177.0,28,0,0,10.7,86.5,Madre de Dios,10.4,1
9.3,177.0,10,1,0,8.4,70.7,Madre de Dios,9.3,1
10.3,177.0,12,1,0,10.9,80.5,Madre de Dios,10.3,1
11.5,177.0,21,0,0,12.0,82.9,Madre de Dios,11.5,0
11.1,177.0,29,1,0,12.2,85.9,Madre de Dios,11.1,0
11.4,268.0,25,0,1,10.8,81.4,Madre de Dios,11.4,0
10.7,268.0,32,0,1,14.9,94.2,Madre de Dios,10.7,1
11.7,268.0,31,1,1,13.6,88.4,Madre de Dios,11.7,0
10.4,268.0,8,0,1,9.9,70.5,Madre de Dios,10.4,1
10.2,268.0,17,1,1,10.5,80.1,Madre de Dios,10.2,1
10.7,268.0,18,1,1,11.8,81.7,Madre de Dios,10.7,1
9.3,339.0,25,0,1,12.2,85.9,Madre de Dios,9.3,1
10.9,339.0,25,0,1,11.6,82.9,Madre de Dios,10.9,1
10.9,339.0,14,0,1,9.2,74.8,Madre de Dios,10.9,1
11.9,339.0,15,1,1,9.8,76.4,Madre de Dios,11.9,0
11.8,339.0,17,0,1,9.5,74.2,Madre de Dios,11.8,0
9.5,257.0,17,1,1,10.2,83.4,Madre de Dios,9.5,1
11.7,257.0,28,1,1,13.4,94.6,Madre de Dios,11.7,0
11.3,257.0,25,0,1,13.5,86.2,Madre de Dios,11.3,0
10.1,257.0,7,0,1,8.1,65.5,Madre de Dios,10.1,1
11.7,257.0,30,1,1,16.3,94.2,Madre de Dios,11.7,0
11.9,257.0,29,0,1,10.3,82.7,Madre de Dios,11.9,0
11.7,302.0,27,1,1,13.7,88.1,Madre de Dios,11.7,0
9.0,302.0,17,1,1,9.4,78.9,Madre de Dios,9.0,1
10.8,302.0,14,1,1,11.2,79.8,Madre de Dios,10.8,1
12.3,1428.0,24,0,0,11.1,80.3,Moquegua,12.3,0
10.6,1428.0,14,0,0,11.2,76.5,Moquegua,10.6,1
11.9,1428.0,21,0,0,10.9,80.1,Moquegua,11.9,0
12.4,1428.0,15,0,0,11.3,80.5,Moquegua,12.4,0
12.2,1428.0,29,1,0,13.9,90.0,Moquegua,12.2,0
10.8,1380.0,11,0,0,8.8,69.8,Moquegua,10.8,1
12.0,1380.0,35,1,0,15.5,96.4,Moquegua,12.0,0
12.2,1380.0,34,0,0,14.3,96.6,Moquegua,12.2,0
11.7,1380.0,28,1,0,12.8,88.5,Moquegua,11.7,0
11.4,1380.0,18,0,0,9.5,76.8,Moquegua,11.4,0
12.8,1380.0,32,0,0,14.4,91.2,Moquegua,12.8,0
11.4,1428.0,9,1,0,8.9,71.2,Moquegua,11.4,0
11.4,1428.0,10,0,0,10.2,72.1,Moquegua,11.4,0
10.8,1428.0,19,0,0,11.9,83.3,Moquegua,10.8,1
10.7,1428.0,12,1,0,9.6,77.6,Moquegua,10.7,1
11.6,1428.0,8,1,0,9.2,71.0,Moquegua,11.6,0
12.3,1428.0,20,1,0,11.0,82.8,Moquegua,12.3,0
11.8,1428.0,14,1,0,10.3,74.2,Moquegua,11.8,0
11.1,1615.0,24,0,0,10.1,83.7,Moquegua,11.09,0
12.4,1615.0,31,0,0,11.6,87.2,Moquegua,12.39,0
10.6,33.0,31,0,0,12.4,90.0,Moquegua,10.6,1
12.8,33.0,33,0,0,15.5,95.9,Moquegua,12.8,0
11.0,33.0,15,1,0,9.7,77.7,Moquegua,11.0,0
11.7,33.0,22,1,0,11.1,81.2,Moquegua,11.7,0
11.2,136.0,26,0,0,13.1,90.2,Moquegua,11.2,0
11.2,136.0,10,0,0,8.2,72.8,Moquegua,11.2,0
11.6,136.0,8,0,0,11.0,70.8,Moquegua,11.6,0
12.7,33.0,34,0,0,14.4,94.5,Moquegua,12.7,0
11.7,33.0,31,0,0,18.2,98.9,Moquegua,11.7,0
11.8,33.0,34,0,0,14.7,90.7,Moquegua,11.8,0
10.9,33.0,32,0,0,14.4,92.9,Moquegua,10.9,1
11.5,33.0,23,1,0,15.7,93.6,Moquegua,11.5,0
11.7,33.0,26,1,0,14.5,92.8,Moquegua,11.7,0
10.7,33.0,26,1,0,15.1,90.0,Moquegua,10.7,1
11.6,33.0,26,1,0,14.0,87.1,Moquegua,11.6,0
11.0,33.0,28,0,0,12.1,84.1,Moquegua,11.0,0
10.8,33.0,15,0,0,10.9,76.7,Moquegua,10.8,1
11.3,33.0,22,1,0,10.2,79.6,Moquegua,11.3,0
10.1,33.0,25,1,0,13.5,85.5,Moquegua,10.1,1
11.0,33.0,30,1,0,14.3,89.9,Moquegua,11.0,0
11.0,33.0,21,1,0,16.4,91.3,Moquegua,11.0,0
10.1,33.0,35,1,0,14.1,88.5,Moquegua,10.1,1
12.1,1521.0,19,0,1,12.7,83.2,Moquegua,12.1,0
13.1,1521.0,33,1,1,14.5,92.7,Moquegua,13.1,0
13.1,1521.0,31,0,1,16.1,94.4,Moquegua,13.1,0
11.5,2520.0,11,1,1,9.2,72.6,Moquegua,11.44,0
13.1,2520.0,16,0,1,11.4,83.0,Moquegua,13.04,0
15.5,4394.0,6,0,0,7.0,63.8,Pasco,15.22,0
15.7,4394.0,7,1,0,9.0,68.0,Pasco,15.42,0
13.7,4394.0,14,1,0,11.1,76.2,Pasco,13.42,0
11.3,4394.0,13,1,0,9.3,73.1,Pasco,11.02,0
14.3,3509.0,16,0,0,8.7,73.8,Pasco,14.14,0
13.7,3509.0,22,1,0,10.4,81.5,Pasco,13.54,0
12.2,3509.0,8,0,0,8.0,66.0,Pasco,12.04,0
15.3,3509.0,18,1,0,9.6,75.5,Pasco,15.14,0
13.4,4373.0,14,1,0,8.7,71.5,Pasco,13.12,0
12.4,1824.0,9,1,0,8.2,71.8,Pasco,12.39,0
10.0,1824.0,9,1,0,10.1,71.8,Pasco,9.99,1
16.5,4373.0,11,1,0,9.1,73.6,Pasco,16.22,0
16.0,4373.0,31,1,0,13.0,92.3,Pasco,15.72,0
15.0,4373.0,15,0,0,11.3,78.0,Pasco,14.72,0
14.1,4373.0,31,1,0,13.8,90.7,Pasco,13.82,0
14.1,3610.0,27,1,0,10.2,84.2,Pasco,13.93,0
14.8,3610.0,29,0,0,13.1,87.8,Pasco,14.63,0
13.9,3610.0,19,1,0,11.8,82.7,Pasco,13.73,0
15.2,3610.0,25,0,0,10.9,83.7,Pasco,15.03,0
14.0,3610.0,13,0,0,7.8,67.5,Pasco,13.83,0
11.9,2986.0,13,0,0,10.0,74.4,Pasco,11.8,0
13.5,2986.0,25,0,0,11.0,83.6,Pasco,13.4,0
12.9,2986.0,9,1,0,9.2,71.3,Pasco,12.8,0
13.0,2986.0,16,1,0,11.6,78.6,Pasco,12.9,0
11.9,2986.0,18,1,0,9.5,79.7,Pasco,11.8,0
12.2,4172.0,8,1,0,8.8,69.6,Pasco,11.95,0
14.8,4172.0,19,1,0,10.0,78.7,Pasco,14.55,0
16.1,4172.0,7,1,0,6.9,63.4,Pasco,15.85,0
15.3,4172.0,35,0,0,13.8,91.6,Pasco,15.05,0
14.7,4172.0,12,1,0,9.4,70.3,Pasco,14.45,0
13.9,1849.0,32,0,0,11.4,88.5,Pasco,13.88,0
11.7,1849.0,12,1,0,9.6,73.8,Pasco,11.68,0
12.0,1849.0,30,1,0,13.5,91.4,Pasco,11.98,0
12.5,1551.0,33,0,0,12.0,89.0,Pasco,12.5,0
12.8,1551.0,18,1,0,9.1,78.0,Pasco,12.8,0
11.6,1551.0,15,1,0,9.5,76.0,Pasco,11.6,0
12.3,1551.0,29,0,0,11.9,89.1,Pasco,12.3,0
12.0,1551.0,32,0,0,12.1,81.9,Pasco,12.0,0
11.1,246.0,29,0,0,10.7,82.6,Pasco,11.1,0
10.6,246.0,13,0,0,9.0,72.1,Pasco,10.6,1
10.3,246.0,17,1,0,12.8,85.7,Pasco,10.3,1
13.0,246.0,22,0,0,9.9,80.1,Pasco,13.0,0
9.2,246.0,6,1,0,8.7,66.8,Pasco,9.2,1
11.6,246.0,19,1,0,13.5,82.5,Pasco,11.6,0
12.5,246.0,33,1,0,15.2,94.0,Pasco,12.5,0
10.8,246.0,12,0,0,8.0,71.0,Pasco,10.8,1
11.5,246.0,6,1,0,9.1,68.2,Pasco,11.5,0
13.6,3908.0,35,1,1,14.2,91.8,Pasco,13.39,0
12.3,3908.0,18,0,1,10.3,75.7,Pasco,12.09,0
12.6,3908.0,8,1,1,8.1,67.7,Pasco,12.39,0
11.6,302.0,17,1,1,10.1,80.0,Pasco,11.6,0
9.2,302.0,33,0,1,13.6,91.5,Pasco,9.2,1
12.8,302.0,20,1,1,11.8,84.8,Pasco,12.8,0
11.2,302.0,15,0,1,10.4,76.0,Pasco,11.2,0
10.0,302.0,13,0,1,11.1,79.1,Pasco,10.0,1
11.1,302.0,28,1,1,13.6,89.4,Pasco,11.1,0
9.8,302.0,14,0,1,8.3,71.5,Pasco,9.8,1
12.9,1849.0,34,0,1,11.3,88.6,Pasco,12.88,0
10.8,997.0,34,1,1,11.7,88.7,Pasco,10.8,1
10.7,997.0,18,0,1,10.3,77.6,Pasco,10.7,1
11.7,997.0,6,0,1,9.2,64.7,Pasco,11.7,0
12.8,997.0,35,0,1,13.3,91.3,Pasco,12.8,0
11.7,997.0,35,1,1,15.0,95.9,Pasco,11.7,0
11.0,274.0,25,1,1,13.0,84.9,Pasco,11.0,0
10.2,274.0,26,0,1,9.2,80.1,Pasco,10.2,1
9.7,274.0,6,0,1,7.1,62.0,Pasco,9.7,1
11.2,274.0,25,1,1,12.6,86.2,Pasco,11.2,0
10.0,274.0,30,0,1,9.8,81.0,Pasco,10.0,1
11.5,53.0,8,1,0,9.3,71.4,Piura,11.5,0
12.6,53.0,23,1,0,11.2,86.3,Piura,12.6,0
9.2,57.0,17,1,0,7.9,72.5,Piura,9.2,1
11.9,57.0,13,0,0,8.5,72.5,Piura,11.9,0
11.2,57.0,31,0,0,13.4,90.2,Piura,11.2,0
10.2,57.0,34,0,0,12.4,86.5,Piura,10.2,1
11.3,35.0,9,0,0,8.7,69.3,Piura,11.3,0
12.7,35.0,32,1,0,15.0,96.2,Piura,12.7,0
12.4,35.0,31,0,0,15.6,91.4,Piura,12.4,0
10.8,35.0,28,0,0,10.9,80.3,Piura,10.8,1
9.6,35.0,6,1,0,6.4,58.4,Piura,9.6,1
11.2,35.0,6,1,0,8.0,62.4,Piura,11.2,0
9.9,35.0,6,1,0,8.6,67.4,Piura,9.9,1
9.0,35.0,15,1,0,11.6,77.9,Piura,9.0,1
12.0,35.0,10,1,0,10.7,70.0,Piura,12.0,0
11.0,35.0,19,1,0,10.4,80.2,Piura,11.0,0
11.9,35.0,26,0,0,12.6,85.6,Piura,11.9,0
11.5,53.0,21,1,0,12.4,83.6,Piura,11.5,0
12.8,53.0,29,0,0,15.0,93.9,Piura,12.8,0
9.7,53.0,26,0,0,12.9,88.3,Piura,9.7,1
10.5,53.0,12,1,0,9.7,75.5,Piura,10.5,1
11.0,53.0,35,1,0,14.0,95.6,Piura,11.0,0
12.1,53.0,32,0,0,14.2,91.9,Piura,12.1,0
10.3,53.0,12,0,0,8.3,70.8,Piura,10.3,1
11.5,53.0,32,1,0,12.9,90.8,Piura,11.5,0
11.7,23.0,28,0,0,12.4,82.6,Piura,11.7,0
12.0,23.0,35,1,0,14.8,94.1,Piura,12.0,0
11.0,23.0,10,1,0,9.7,71.8,Piura,11.0,0
11.6,23.0,21,0,0,11.7,83.7,Piura,11.6,0
10.3,8.0,19,1,0,10.7,83.6,Piura,10.3,1
10.5,8.0,33,1,0,11.0,93.7,Piura,10.5,1
10.7,8.0,9,1,0,8.6,70.1,Piura,10.7,1
12.5,8.0,20,1,0,14.2,89.8,Piura,12.5,0
9.9,77.0,10,1,0,8.9,72.4,Piura,9.9,1
11.7,77.0,17,1,0,10.2,77.7,Piura,11.7,0
11.4,77.0,31,0,0,12.2,89.4,Piura,11.4,0
10.1,77.0,17,0,0,9.5,78.4,Piura,10.1,1
11.5,77.0,21,1,0,10.0,83.4,Piura,11.5,0
12.1,77.0,35,0,0,12.4,89.9,Piura,12.1,0
11.2,76.0,33,0,0,15.8,94.2,Piura,11.2,0
11.3,76.0,27,1,0,19.0,92.4,Piura,11.3,0
10.8,76.0,25,0,0,9.9,83.5,Piura,10.8,1
11.1,88.0,12,1,0,10.3,74.0,Piura,11.1,0
11.5,88.0,24,1,0,11.5,84.6,Piura,11.5,0
10.4,88.0,16,1,0,12.7,81.8,Piura,10.4,1
9.5,88.0,6,0,0,7.9,64.9,Piura,9.5,1
11.9,88.0,12,1,0,9.6,76.7,Piura,11.9,0
11.0,38.0,34,0,0,13.9,92.9,Piura,11.0,0
9.0,38.0,9,1,0,9.8,73.4,Piura,9.0,1
10.8,38.0,15,1,0,10.3,77.4,Piura,10.8,1
13.1,38.0,32,1,0,15.0,95.5,Piura,13.1,0
11.4,37.0,32,0,0,12.5,89.6,Piura,11.4,0
9.2,37.0,12,0,0,10.2,72.7,Piura,9.2,1
10.8,37.0,24,0,0,11.2,82.2,Piura,10.8,1
11.6,37.0,28,1,0,11.2,85.6,Piura,11.6,0
10.9,27.0,28,0,0,11.3,85.9,Piura,10.9,1
10.0,27.0,20,0,0,8.2,75.2,Piura,10.0,1
11.0,27.0,6,0,0,9.2,68.1,Piura,11.0,0
11.0,35.0,31,0,0,10.9,82.6,Piura,11.0,0
10.2,35.0,16,0,0,9.8,74.2,Piura,10.2,1
11.3,35.0,23,0,0,9.0,75.0,Piura,11.3,0
10.2,35.0,12,0,0,9.0,71.2,Piura,10.2,1
11.6,27.0,25,1,0,13.0,86.4,Piura,11.6,0
11.7,27.0,34,0,0,12.2,88.3,Piura,11.7,0
10.3,76.0,15,1,0,8.8,77.4,Piura,10.3,1
12.4,76.0,22,0,0,10.7,83.0,Piura,12.4,0
11.4,76.0,13,1,0,10.1,77.9,Piura,11.4,0
11.6,76.0,14,0,0,9.8,72.6,Piura,11.6,0
12.0,76.0,19,0,0,9.7,78.9,Piura,12.0,0
12.0,127.0,29,1,1,12.2,87.2,Piura,12.0,0
11.4,185.0,34,1,1,13.3,90.5,Piura,11.4,0
12.9,185.0,27,0,1,10.1,84.7,Piura,12.9,0
10.1,185.0,15,0,1,7.8,73.1,Piura,10.1,1
11.2,185.0,16,0,1,8.3,75.9,Piura,11.2,0
10.2,185.0,31,0,1,10.6,82.9,Piura,10.2,1
11.3,185.0,26,1,1,12.3,84.5,Piura,11.3,0
9.8,185.0,13,1,1,9.3,74.0,Piura,9.8,1
11.1,185.0,29,1,1,13.3,88.5,Piura,11.1,0
10.2,3149.0,16,1,1,8.0,72.0,Piura,10.08,1
13.7,3149.0,18,0,1,10.6,78.3,Piura,13.58,0
11.7,1192.0,14,0,1,9.1,74.5,Piura,11.71,0
10.6,1192.0,34,1,1,14.5,89.5,Piura,10.61,1
11.9,1192.0,25,0,1,10.8,83.6,Piura,11.91,0
12.1,1192.0,10,1,1,9.7,70.9,Piura,12.11,0
10.6,1192.0,17,1,1,11.3,81.2,Piura,10.61,1
12.8,3848.0,7,1,0,7.8,68.6,Puno,12.6,0
14.0,3848.0,24,0,0,10.7,80.7,Puno,13.8,0
13.3,3848.0,30,0,0,12.2,90.6,Puno,13.1,0
13.7,3848.0,16,1,0,10.6,80.0,Puno,13.5,0
12.1,3848.0,15,1,0,9.9,74.4,Puno,11.9,0
13.6,3878.0,18,0,0,8.2,73.3,Puno,13.39,0
14.8,3881.0,31,0,0,12.8,90.4,Puno,14.59,0
13.4,3881.0,7,0,0,8.5,69.2,Puno,13.19,0
12.9,3877.0,7,0,0,7.7,66.7,Puno,12.69,0
11.5,3877.0,16,0,0,10.5,75.4,Puno,11.29,0
11.1,3877.0,14,1,0,11.7,78.7,Puno,10.89,1
13.3,3877.0,33,0,0,13.0,89.9,Puno,13.09,0
12.4,3877.0,7,0,0,6.4,63.2,Puno,12.19,0
9.9,3877.0,22,1,0,10.2,79.0,Puno,9.69,1
15.5,3877.0,24,1,0,13.3,85.6,Puno,15.29,0
13.6,3877.0,6,1,0,8.3,67.1,Puno,13.39,0
14.3,3877.0,20,1,0,12.1,82.6,Puno,14.09,0
13.1,3877.0,31,0,0,11.2,86.1,Puno,12.89,0
13.3,3877.0,25,1,0,12.6,85.6,Puno,13.09,0
12.2,3877.0,6,1,0,8.6,67.2,Puno,11.99,0
13.0,3877.0,33,1,0,13.1,86.2,Puno,12.79,0
12.4,3920.0,16,1,1,11.1,82.0,Puno,12.19,0
13.8,4393.0,12,1,1,10.0,73.4,Puno,13.52,0
13.3,3857.0,9,0,1,8.8,68.3,Puno,13.1,0
9.2,3857.0,15,0,1,8.9,76.6,Puno,9.0,1
11.7,3829.0,13,1,1,8.9,70.3,Puno,11.5,0
13.3,3831.0,7,0,1,8.9,70.5,Puno,13.1,0
15.5,3831.0,10,0,1,9.7,74.5,Puno,15.3,0
11.9,3831.0,8,0,1,7.6,65.1,Puno,11.7,0
12.8,290.0,20,0,0,10.8,83.3,San Martin,12.8,0
11.3,418.0,23,1,0,11.5,82.4,San Martin,11.3,0
11.7,418.0,29,1,0,13.1,91.0,San Martin,11.7,0
10.9,418.0,32,0,0,12.7,93.6,San Martin,10.9,1
11.2,418.0,33,1,0,12.7,90.1,San Martin,11.2,0
10.3,418.0,6,1,0,7.9,69.7,San Martin,10.3,1
10.4,418.0,13,1,0,9.3,74.9,San Martin,10.4,1
13.3,895.0,29,0,0,15.3,91.7,San Martin,13.3,0
12.1,895.0,32,1,0,13.8,91.5,San Martin,12.1,0
11.4,895.0,29,1,0,14.8,88.5,San Martin,11.4,0
11.3,290.0,14,1,0,11.2,78.0,San Martin,11.3,0
11.3,290.0,11,1,0,7.8,72.2,San Martin,11.3,0
12.1,290.0,20,1,0,11.3,81.1,San Martin,12.1,0
10.0,290.0,9,1,0,10.2,73.6,San Martin,10.0,1
13.1,963.0,17,1,0,10.2,77.6,San Martin,13.1,0
14.3,963.0,34,0,0,13.7,93.0,San Martin,14.3,0
11.6,963.0,15,1,0,10.0,76.1,San Martin,11.6,0
9.6,963.0,18,1,0,11.1,80.5,San Martin,9.6,1
11.1,963.0,35,0,0,13.6,93.4,San Martin,11.1,0
11.7,853.0,26,0,0,12.1,86.7,San Martin,11.7,0
9.6,853.0,9,0,0,10.4,72.4,San Martin,9.6,1
9.3,853.0,8,1,0,8.7,70.1,San Martin,9.3,1
11.6,853.0,14,0,0,8.8,76.6,San Martin,11.6,0
12.4,853.0,35,1,0,15.5,95.3,San Martin,12.4,0
11.7,853.0,34,0,0,13.6,91.6,San Martin,11.7,0
10.5,853.0,29,1,0,13.1,89.1,San Martin,10.5,1
8.2,299.0,6,0,0,7.7,67.5,San Martin,8.2,1
13.2,299.0,28,0,0,14.0,91.7,San Martin,13.2,0
9.3,299.0,9,1,0,8.4,71.1,San Martin,9.3,1
11.2,299.0,19,1,0,10.2,80.7,San Martin,11.2,0
10.5,299.0,7,1,0,9.4,71.1,San Martin,10.5,1
11.0,299.0,14,1,0,10.5,76.9,San Martin,11.0,0
10.9,299.0,23,1,0,13.2,85.8,San Martin,10.9,1
11.4,299.0,19,0,0,10.7,79.7,San Martin,11.4,0
11.1,299.0,15,0,0,8.8,74.5,San Martin,11.1,0
11.6,299.0,13,0,0,9.0,75.1,San Martin,11.6,0
11.3,299.0,20,1,0,11.6,85.3,San Martin,11.3,0
9.8,475.0,21,1,0,13.4,84.9,San Martin,9.8,1
11.6,475.0,16,0,0,10.4,77.3,San Martin,11.6,0
12.6,475.0,30,0,0,12.2,87.4,San Martin,12.6,0
11.2,475.0,11,0,0,7.8,68.9,San Martin,11.2,0
8.6,519.0,12,0,0,8.9,73.8,San Martin,8.6,1
11.3,519.0,35,0,0,14.4,93.2,San Martin,11.3,0
14.1,519.0,34,1,0,15.1,97.0,San Martin,14.1,0
10.2,519.0,10,0,0,7.7,67.8,San Martin,10.2,1
12.5,519.0,25,0,0,10.0,82.0,San Martin,12.5,0
9.1,246.0,10,0,0,8.2,69.3,San Martin,9.1,1
12.1,246.0,35,1,0,17.7,95.7,San Martin,12.1,0
10.4,256.0,21,1,0,10.3,80.6,San Martin,10.4,1
11.0,256.0,33,0,0,13.5,92.8,San Martin,11.0,0
12.5,256.0,29,0,0,11.5,87.2,San Martin,12.5,0
11.1,256.0,7,0,0,7.4,66.7,San Martin,11.1,0
9.6,256.0,8,0,0,8.2,67.5,San Martin,9.6,1
11.9,256.0,12,0,0,8.2,69.1,San Martin,11.9,0
11.0,256.0,34,1,0,12.5,92.5,San Martin,11.0,0
10.5,319.0,11,1,0,8.8,71.0,San Martin,10.5,1
12.3,319.0,26,0,0,11.5,85.3,San Martin,12.3,0
13.1,319.0,26,1,0,11.8,87.6,San Martin,13.1,0
11.7,319.0,27,0,0,13.2,85.1,San Martin,11.7,0
10.6,319.0,12,1,0,10.9,75.8,San Martin,10.6,1
11.4,319.0,21,1,0,12.1,84.3,San Martin,11.4,0
11.5,864.0,24,1,1,10.5,85.3,San Martin,11.5,0
11.6,864.0,20,1,1,10.8,78.3,San Martin,11.6,0
11.9,864.0,18,0,1,8.4,76.5,San Martin,11.9,0
11.3,864.0,26,1,1,11.7,85.5,San Martin,11.3,0
10.8,1061.0,22,0,1,9.5,79.1,San Martin,10.81,1
9.9,1061.0,26,1,1,12.5,85.3,San Martin,9.91,1
11.1,1061.0,6,0,1,8.9,67.6,San Martin,11.11,0
11.9,1061.0,35,0,1,15.6,95.0,San Martin,11.91,0
12.2,1061.0,32,1,1,11.9,87.6,San Martin,12.21,0
13.0,873.0,33,1,1,14.2,90.5,San Martin,13.0,0
10.6,873.0,16,1,1,11.8,84.9,San Martin,10.6,1
9.3,873.0,22,0,1,12.6,82.9,San Martin,9.3,1
11.2,873.0,23,0,1,11.5,85.2,San Martin,11.2,0
12.0,362.0,35,0,1,13.1,93.7,San Martin,12.0,0
12.3,362.0,29,1,1,11.1,84.2,San Martin,12.3,0
7.0,372.0,21,1,1,8.5,78.5,San Martin,7.0,1
9.2,372.0,15,1,1,10.4,80.5,San Martin,9.2,1
9.8,372.0,33,0,1,11.9,86.6,San Martin,9.8,1
10.6,372.0,33,0,1,12.5,88.8,San Martin,10.6,1
11.4,372.0,30,0,1,9.7,82.6,San Martin,11.4,0
10.6,372.0,31,0,1,12.8,85.6,San Martin,10.6,1
12.1,838.0,13,1,1,8.6,73.5,San Martin,12.1,0
10.9,838.0,10,1,1,11.9,78.9,San Martin,10.9,1
11.0,838.0,32,1,1,12.1,90.4,San Martin,11.0,0
12.4,603.0,6,0,0,9.7,69.3,Tacna,12.4,0
10.5,603.0,12,0,0,10.8,78.2,Tacna,10.5,1
11.8,562.0,29,1,0,14.4,91.1,Tacna,11.8,0
7.9,562.0,14,1,0,15.1,83.0,Tacna,7.9,1
11.8,695.0,24,1,0,16.5,95.6,Tacna,11.8,0
11.9,695.0,30,1,0,15.1,89.0,Tacna,11.9,0
10.5,695.0,25,0,0,11.0,86.1,Tacna,10.5,1
9.1,695.0,17,1,0,10.2,78.0,Tacna,9.1,1
14.1,695.0,31,1,0,14.9,90.4,Tacna,14.1,0
9.6,695.0,30,0,0,14.7,91.8,Tacna,9.6,1
12.8,690.0,15,0,0,9.7,75.4,Tacna,12.8,0
11.0,690.0,10,1,0,9.5,70.6,Tacna,11.0,0
12.4,583.0,16,0,0,10.7,79.3,Tacna,12.4,0
11.4,583.0,7,0,0,7.0,63.5,Tacna,11.4,0
11.6,562.0,15,1,0,12.3,79.6,Tacna,11.6,0
9.1,562.0,15,0,0,11.9,81.3,Tacna,9.1,1
13.0,562.0,7,0,0,8.5,65.1,Tacna,13.0,0
11.2,562.0,8,0,0,9.6,71.2,Tacna,11.2,0
12.4,562.0,19,0,0,10.4,79.3,Tacna,12.4,0
11.8,562.0,15,1,0,10.8,77.5,Tacna,11.8,0
13.0,695.0,14,0,0,10.2,71.5,Tacna,13.0,0
11.5,695.0,14,1,0,9.8,70.3,Tacna,11.5,0
7.5,695.0,24,1,0,14.0,84.3,Tacna,7.5,1
11.0,562.0,22,1,0,12.0,81.3,Tacna,11.0,0
11.9,562.0,23,1,0,12.2,85.4,Tacna,11.9,0
11.2,24.0,21,0,0,15.6,88.3,Tacna,11.2,0
13.0,238.0,27,1,0,13.2,91.3,Lima,13.0,0
12.2,238.0,10,1,0,9.4,74.1,Lima,12.2,0
10.6,238.0,18,0,0,10.9,77.8,Lima,10.6,1
11.5,238.0,27,0,0,11.4,85.5,Lima,11.5,0
11.0,562.0,23,0,0,11.7,81.3,Tacna,11.0,0
11.5,562.0,16,0,0,10.1,77.8,Tacna,11.5,0
11.3,562.0,34,1,0,17.1,96.8,Tacna,11.3,0
9.6,562.0,16,1,0,12.6,79.8,Tacna,9.6,1
10.6,562.0,17,0,0,12.3,85.2,Tacna,10.6,1
12.3,562.0,31,1,0,14.0,94.0,Tacna,12.3,0
11.5,562.0,33,1,0,18.5,101.2,Tacna,11.5,0
9.2,562.0,20,1,0,13.1,84.1,Tacna,9.2,1
12.5,562.0,22,0,0,13.0,81.8,Tacna,12.5,0
11.3,562.0,34,1,0,15.9,94.4,Tacna,11.3,0
11.5,562.0,21,1,0,14.7,87.8,Tacna,11.5,0
12.4,562.0,8,1,0,9.3,68.7,Tacna,12.4,0
12.1,562.0,11,1,0,11.2,77.3,Tacna,12.1,0
10.7,562.0,27,1,0,17.5,93.6,Tacna,10.7,1
11.5,562.0,27,0,0,15.3,92.8,Tacna,11.5,0
10.5,562.0,25,1,0,14.8,90.2,Tacna,10.5,1
11.0,562.0,26,1,0,12.9,84.3,Tacna,11.0,0
11.1,562.0,21,0,0,8.1,74.5,Tacna,11.1,0
11.4,562.0,19,0,0,10.4,78.7,Tacna,11.4,0
11.8,562.0,26,0,0,14.4,88.9,Tacna,11.8,0
8.1,562.0,19,0,0,11.8,79.8,Tacna,8.1,1
11.5,802.0,20,1,1,10.0,81.2,Tacna,11.5,0
11.3,802.0,20,0,1,10.9,81.7,Tacna,11.3,0
10.0,802.0,13,0,1,12.1,76.8,Tacna,10.0,1
9.9,802.0,16,1,1,8.4,76.2,Tacna,9.9,1
10.3,802.0,7,0,1,8.6,68.6,Tacna,10.3,1
9.7,80.0,15,1,1,10.3,75.8,Tacna,9.7,1
11.5,80.0,25,1,1,11.6,85.2,Tacna,11.5,0
10.2,80.0,18,1,1,11.0,83.3,Tacna,10.2,1
10.0,80.0,18,1,1,11.5,83.7,Tacna,10.0,1
10.7,80.0,11,0,1,10.7,75.5,Tacna,10.7,1
11.4,9.0,23,0,0,12.2,83.5,Tumbes,11.4,0
9.6,9.0,23,0,0,9.0,80.5,Tumbes,9.6,1
8.7,9.0,24,1,0,11.1,83.0,Tumbes,8.7,1
11.8,9.0,22,1,0,10.6,80.3,Tumbes,11.8,0
10.4,9.0,26,0,0,10.3,85.3,Tumbes,10.4,1
9.7,9.0,9,1,0,8.1,69.5,Tumbes,9.7,1
10.9,9.0,33,1,0,16.8,95.0,Tumbes,10.9,1
11.9,9.0,19,1,0,10.2,81.4,Tumbes,11.9,0
11.1,9.0,9,1,0,8.9,72.8,Tumbes,11.1,0
11.6,9.0,16,1,0,9.5,74.8,Tumbes,11.6,0
9.3,9.0,22,0,0,11.7,83.5,Tumbes,9.3,1
10.7,9.0,18,0,0,9.7,75.4,Tumbes,10.7,1
10.0,9.0,23,0,0,9.2,82.3,Tumbes,10.0,1
11.8,9.0,35,0,0,11.3,86.8,Tumbes,11.8,0
9.9,9.0,17,0,0,9.2,70.6,Tumbes,9.9,1
10.0,9.0,26,1,0,12.2,86.4,Tumbes,10.0,1
11.4,9.0,8,0,0,8.1,69.1,Tumbes,11.4,0
12.0,9.0,24,0,0,10.0,81.6,Tumbes,12.0,0
12.1,9.0,15,1,0,9.2,73.5,Tumbes,12.1,0
11.5,9.0,26,0,0,12.1,85.3,Tumbes,11.5,0
12.0,9.0,28,0,0,11.5,89.3,Tumbes,12.0,0
9.6,9.0,9,1,0,8.7,72.5,Tumbes,9.6,1
11.9,9.0,22,0,0,12.1,85.2,Tumbes,11.9,0
12.1,9.0,25,0,0,15.3,91.6,Tumbes,12.1,0
11.5,9.0,21,1,0,13.0,87.4,Tumbes,11.5,0
12.7,9.0,27,0,0,14.9,95.4,Tumbes,12.7,0
8.4,9.0,23,1,0,12.0,88.3,Tumbes,8.4,1
11.4,9.0,23,1,0,11.3,80.9,Tumbes,11.4,0
12.5,9.0,8,1,0,8.3,70.6,Tumbes,12.5,0
11.0,9.0,34,1,0,11.3,87.5,Tumbes,11.0,0
10.0,9.0,22,0,0,11.3,83.8,Tumbes,10.0,1
10.9,9.0,25,0,0,11.4,84.8,Tumbes,10.9,1
11.0,9.0,21,1,0,10.1,84.4,Tumbes,11.0,0
11.9,9.0,32,0,0,10.5,88.7,Tumbes,11.9,0
11.1,9.0,8,1,0,10.9,67.5,Tumbes,11.1,0
11.9,9.0,24,1,0,10.6,83.5,Tumbes,11.9,0
12.4,9.0,19,1,0,9.8,79.7,Tumbes,12.4,0
11.3,11.0,25,0,0,14.9,89.5,Tumbes,11.3,0
10.4,11.0,21,1,0,14.2,84.8,Tumbes,10.4,1
10.4,11.0,7,1,0,7.7,68.8,Tumbes,10.4,1
10.0,27.0,16,0,0,9.3,74.7,Tumbes,10.0,1
10.8,27.0,14,1,0,9.4,75.7,Tumbes,10.8,1
12.5,27.0,14,0,0,9.8,76.7,Tumbes,12.5,0
10.7,27.0,33,1,0,14.7,90.8,Tumbes,10.7,1
8.9,27.0,19,1,0,9.1,78.5,Tumbes,8.9,1
11.9,27.0,10,1,0,9.1,71.6,Tumbes,11.9,0
10.0,27.0,26,0,0,14.4,86.8,Tumbes,10.0,1
11.5,27.0,25,1,0,9.9,85.4,Tumbes,11.5,0
9.2,27.0,9,1,0,8.2,69.3,Tumbes,9.2,1
11.5,16.0,15,1,0,9.6,76.8,Tumbes,11.5,0
11.5,16.0,30,0,0,14.6,91.0,Tumbes,11.5,0
11.3,16.0,27,1,0,14.3,92.9,Tumbes,11.3,0
12.0,23.0,9,0,0,7.9,69.0,Tumbes,12.0,0
10.0,23.0,33,1,0,13.9,92.7,Tumbes,10.0,1
11.8,23.0,23,1,0,15.0,85.0,Tumbes,11.8,0
12.3,23.0,25,0,0,11.9,85.2,Tumbes,12.3,0
11.0,13.0,33,1,0,14.3,94.1,Tumbes,11.0,0
11.0,13.0,8,0,0,8.8,70.4,Tumbes,11.0,0
11.4,13.0,14,0,0,10.1,74.8,Tumbes,11.4,0
12.2,13.0,26,0,0,13.3,88.6,Tumbes,12.2,0
10.0,13.0,8,0,0,6.7,64.7,Tumbes,10.0,1
10.4,219.0,15,0,0,8.3,71.0,Lambayeque,10.4,1
10.5,219.0,13,0,0,8.7,70.6,Lambayeque,10.5,1
11.3,219.0,23,1,0,14.4,86.0,Lambayeque,11.3,0
10.9,15.0,28,1,0,12.6,88.4,Tumbes,10.9,1
10.7,15.0,35,1,0,12.9,93.5,Tumbes,10.7,1
10.1,15.0,21,1,0,10.2,82.7,Tumbes,10.1,1
10.5,15.0,16,1,0,12.3,83.3,Tumbes,10.5,1
9.5,15.0,22,0,0,13.1,84.7,Tumbes,9.5,1
11.4,15.0,34,1,0,13.3,89.0,Tumbes,11.4,0
10.9,66.0,29,0,0,10.2,84.4,Tumbes,10.9,1
10.7,66.0,32,0,0,11.8,88.4,Tumbes,10.7,1
10.6,45.0,14,1,0,9.9,75.0,Tumbes,10.6,1
10.8,45.0,14,1,0,13.1,84.0,Tumbes,10.8,1
10.9,45.0,11,1,0,9.4,70.2,Tumbes,10.9,1
11.1,45.0,26,0,0,12.1,83.3,Tumbes,11.1,0
10.6,45.0,16,1,0,12.1,85.0,Tumbes,10.6,1
12.1,45.0,35,0,0,15.3,100.6,Tumbes,12.1,0
10.7,45.0,25,0,0,13.2,84.9,Tumbes,10.7,1
9.5,45.0,9,0,0,8.9,70.0,Tumbes,9.5,1
10.2,45.0,14,1,0,8.5,76.4,Tumbes,10.2,1
10.1,24.0,9,1,1,8.5,70.1,Tumbes,10.1,1
10.6,24.0,31,0,1,11.9,84.2,Tumbes,10.6,1
10.8,56.0,13,1,1,9.3,73.8,Tumbes,10.8,1
10.1,56.0,15,0,1,11.2,79.6,Tumbes,10.1,1
11.4,56.0,30,0,1,13.4,90.6,Tumbes,11.4,0
10.3,56.0,6,1,1,9.0,68.5,Tumbes,10.3,1
11.5,56.0,10,0,1,8.9,73.2,Tumbes,11.5,0
10.5,56.0,26,1,1,10.5,83.0,Tumbes,10.5,1
11.6,56.0,17,0,1,10.3,80.5,Tumbes,11.6,0
10.8,56.0,6,0,1,8.1,67.3,Tumbes,10.8,1
11.1,131.0,9,1,0,9.6,71.2,Ucayali,11.1,0
11.1,131.0,18,0,0,10.2,79.0,Ucayali,11.1,0
9.8,131.0,11,1,0,8.0,69.4,Ucayali,9.8,1
9.5,131.0,11,1,0,9.0,72.2,Ucayali,9.5,1
11.5,162.0,22,1,0,11.3,84.0,Ucayali,11.5,0
11.6,162.0,23,1,0,13.0,88.6,Ucayali,11.6,0
10.9,162.0,20,0,0,8.8,77.2,Ucayali,10.9,1
11.5,162.0,30,0,0,11.9,88.5,Ucayali,11.5,0
13.1,162.0,19,1,0,11.4,82.7,Ucayali,13.1,0
12.2,162.0,34,0,0,13.7,96.3,Ucayali,12.2,0
10.9,162.0,35,0,0,12.5,91.0,Ucayali,10.9,1
12.7,162.0,9,0,0,7.8,70.4,Ucayali,12.7,0
10.9,162.0,18,1,0,10.8,80.3,Ucayali,10.9,1
8.7,162.0,26,0,0,9.5,83.3,Ucayali,8.7,1
10.2,162.0,7,0,0,7.4,67.3,Ucayali,10.2,1
10.5,162.0,17,0,0,8.4,71.3,Ucayali,10.5,1
10.9,162.0,14,0,0,9.0,73.5,Ucayali,10.9,1
10.0,162.0,6,0,0,7.3,64.8,Ucayali,10.0,1
10.8,162.0,32,0,0,14.2,91.8,Ucayali,10.8,1
10.0,162.0,11,1,0,9.3,70.1,Ucayali,10.0,1
10.0,162.0,13,1,0,8.9,74.4,Ucayali,10.0,1
10.0,165.0,9,0,0,8.2,69.5,Ucayali,10.0,1
9.7,165.0,18,0,0,9.7,75.8,Ucayali,9.7,1
10.9,165.0,16,0,0,9.3,75.6,Ucayali,10.9,1
12.0,165.0,26,0,0,13.0,90.0,Ucayali,12.0,0
11.2,165.0,29,0,0,11.0,85.9,Ucayali,11.2,0
10.5,165.0,21,0,0,9.5,82.8,Ucayali,10.5,1
12.0,165.0,32,0,0,14.6,91.0,Ucayali,12.0,0
11.1,162.0,15,1,0,9.0,77.1,Ucayali,11.1,0
11.9,162.0,28,1,0,13.2,91.4,Ucayali,11.9,0
12.1,162.0,17,0,0,8.7,76.5,Ucayali,12.1,0
8.8,131.0,13,0,0,9.4,74.1,Ucayali,8.8,1
12.3,131.0,34,0,0,12.1,85.3,Ucayali,12.3,0
11.7,131.0,7,0,0,7.9,64.2,Ucayali,11.7,0
10.1,131.0,21,0,0,10.5,81.1,Ucayali,10.1,1
8.9,131.0,6,1,0,8.1,64.7,Ucayali,8.9,1
10.0,131.0,6,1,0,7.1,66.8,Ucayali,10.0,1
10.3,162.0,33,0,0,11.9,90.4,Ucayali,10.3,1
9.7,162.0,35,1,0,14.8,90.8,Ucayali,9.7,1
11.7,162.0,21,1,0,12.4,82.4,Ucayali,11.7,0
9.7,162.0,19,0,0,9.5,77.2,Ucayali,9.7,1
12.0,165.0,35,0,0,13.0,89.8,Ucayali,12.0,0
10.1,165.0,26,1,0,11.1,81.9,Ucayali,10.1,1
11.4,165.0,23,1,0,10.5,81.0,Ucayali,11.4,0
10.6,275.0,12,1,0,7.9,74.2,Ucayali,10.6,1
11.1,275.0,12,1,0,10.6,75.1,Ucayali,11.1,0
11.2,275.0,14,0,0,11.5,75.7,Ucayali,11.2,0
10.7,172.0,18,1,0,9.0,74.2,Ucayali,10.7,1
10.9,172.0,17,1,0,8.3,73.3,Ucayali,10.9,1
10.6,172.0,24,0,0,11.4,82.2,Ucayali,10.6,1
9.5,197.0,29,0,1,10.4,82.7,Ucayali,9.5,1
11.4,197.0,20,1,1,11.6,80.0,Ucayali,11.4,0
9.5,197.0,13,0,1,8.3,72.2,Ucayali,9.5,1
9.3,197.0,10,0,1,6.7,65.0,Ucayali,9.3,1
10.9,197.0,14,1,1,8.0,63.8,Ucayali,10.9,1
10.4,150.0,12,1,1,8.3,71.0,Ucayali,10.4,1
10.2,150.0,31,1,1,11.6,84.5,Ucayali,10.2,1
10.0,150.0,9,1,1,10.7,74.4,Ucayali,10.0,1
9.6,150.0,17,0,1,9.7,77.8,Ucayali,9.6,1
8.9,150.0,10,1,1,10.0,75.6,Ucayali,8.9,1
9.7,277.0,17,0,1,9.8,72.9,Ucayali,9.7,1
10.8,277.0,29,0,1,11.6,84.4,Ucayali,10.8,1
10.7,277.0,17,0,1,9.8,76.2,Ucayali,10.7,1
10.1,277.0,21,1,1,10.9,80.5,Ucayali,10.1,1
12.6,277.0,35,0,1,11.3,85.4,Ucayali,12.6,0
11.1,277.0,11,0,1,8.3,71.0,Ucayali,11.1,0
12.9,277.0,24,1,1,10.6,83.8,Ucayali,12.9,0
9.9,250.0,30,1,1,11.7,84.0,Ucayali,9.9,1
11.7,250.0,32,0,1,12.4,86.1,Ucayali,11.7,0
8.9,250.0,12,1,1,7.6,69.7,Ucayali,8.9,1
11.1,250.0,35,1,1,17.4,91.8,Ucayali,11.1,0
8.1,250.0,19,1,1,9.0,72.8,Ucayali,8.1,1
11.2,250.0,13,0,1,8.5,72.0,Ucayali,11.2,0
10.2,250.0,30,0,1,11.8,85.8,Ucayali,10.2,1
8.6,250.0,17,1,1,7.1,69.7,Ucayali,8.6,1
15.1,3593.0,29,1,0,15.8,94.3,Cusco,14.93,0
12.7,3593.0,23,0,0,11.5,81.7,Cusco,12.53,0
13.7,3593.0,28,1,0,13.9,87.3,Cusco,13.53,0
11.8,869.0,8,0,0,8.2,70.0,San Martin,11.8,0
10.6,869.0,8,1,0,8.2,70.4,San Martin,10.6,1
11.5,2394.0,33,0,0,13.2,92.6,Apurimac,11.45,0
12.0,2394.0,20,1,0,10.7,81.1,Apurimac,11.95,0
11.8,2394.0,13,0,0,9.3,76.4,Apurimac,11.75,0
12.4,2394.0,32,1,0,13.6,91.2,Apurimac,12.35,0
12.6,2338.0,18,1,0,12.2,79.5,Amazonas,12.55,0
12.8,2338.0,33,1,0,15.1,94.0,Amazonas,12.75,0
11.0,2338.0,13,1,0,10.8,73.2,Amazonas,10.95,1
11.5,2338.0,31,0,0,11.8,85.0,Amazonas,11.45,0
11.9,2338.0,7,1,0,8.7,67.0,Amazonas,11.85,0
11.5,408.0,10,0,0,9.0,73.8,Amazonas,11.5,0
11.3,408.0,17,0,0,11.1,79.1,Amazonas,11.3,0
10.7,408.0,27,0,0,13.3,84.0,Amazonas,10.7,1
11.5,408.0,28,0,0,11.1,85.9,Amazonas,11.5,0
10.0,408.0,14,0,0,7.1,71.6,Amazonas,10.0,1
11.6,375.0,28,0,0,12.5,86.8,Amazonas,11.6,0
12.2,375.0,9,1,0,9.0,72.3,Amazonas,12.2,0
11.8,375.0,17,0,0,10.8,80.7,Amazonas,11.8,0
10.9,317.0,26,1,0,11.7,83.3,Amazonas,10.9,1
9.9,317.0,10,1,0,7.7,69.0,Amazonas,9.9,1
12.4,317.0,21,1,0,9.3,79.2,Amazonas,12.4,0
11.8,317.0,22,0,0,11.6,79.5,Amazonas,11.8,0
12.2,2250.0,17,0,0,10.3,78.2,Amazonas,12.16,0
9.9,2250.0,6,0,0,7.6,64.3,Amazonas,9.86,1
12.0,2250.0,8,1,0,9.5,72.1,Amazonas,11.96,0
13.0,193.0,23,0,0,9.9,80.9,Amazonas,13.0,0
12.9,193.0,22,1,0,11.8,86.6,Amazonas,12.9,0
12.3,193.0,32,1,0,12.8,91.4,Amazonas,12.3,0
10.3,193.0,29,1,0,13.4,90.6,Amazonas,10.3,1
12.0,444.0,29,1,0,13.0,88.9,Amazonas,12.0,0
10.9,444.0,28,1,0,10.5,86.5,Amazonas,10.9,1
12.5,444.0,30,1,0,12.1,87.0,Amazonas,12.5,0
12.1,444.0,32,0,0,14.1,92.7,Amazonas,12.1,0
11.0,444.0,15,0,0,9.2,73.1,Amazonas,11.0,0
12.8,444.0,22,1,0,13.5,87.3,Amazonas,12.8,0
11.5,444.0,13,0,0,5.3,66.7,Amazonas,11.5,0
11.1,444.0,17,0,0,9.7,77.8,Amazonas,11.1,0
7.9,274.0,7,0,1,6.3,61.7,Amazonas,7.9,1
11.5,274.0,32,0,1,12.3,85.4,Amazonas,11.5,0
12.4,274.0,32,0,1,11.1,85.2,Amazonas,12.4,0
10.9,274.0,15,1,1,8.9,74.3,Amazonas,10.9,1
11.6,274.0,22,1,1,11.1,82.7,Amazonas,11.6,0
10.1,274.0,20,0,1,10.2,79.6,Amazonas,10.1,1
11.3,274.0,30,1,1,12.7,87.7,Amazonas,11.3,0
11.8,274.0,20,0,1,10.0,77.7,Amazonas,11.8,0
12.2,1567.0,31,0,1,13.1,89.1,Amazonas,12.2,0
9.6,1567.0,8,0,1,7.8,66.2,Amazonas,9.6,1
12.6,1567.0,31,0,1,14.3,94.4,Amazonas,12.6,0
11.9,1567.0,18,0,1,10.6,78.8,Amazonas,11.9,0
10.3,1567.0,7,0,1,7.7,65.0,Amazonas,10.3,1
9.6,242.0,13,1,1,9.4,74.6,Amazonas,9.6,1
9.9,242.0,24,0,1,13.9,88.8,Amazonas,9.9,1
9.7,242.0,6,0,1,5.9,64.4,Amazonas,9.7,1
10.5,242.0,25,0,1,11.0,83.4,Amazonas,10.5,1
9.0,242.0,13,0,1,8.1,70.3,Amazonas,9.0,1
9.8,242.0,6,0,1,8.1,64.4,Amazonas,9.8,1
9.8,242.0,23,0,1,10.3,81.4,Amazonas,9.8,1
9.3,242.0,13,1,1,12.1,78.7,Amazonas,9.3,1
12.2,242.0,26,0,1,11.0,82.7,Amazonas,12.2,0
10.4,242.0,28,1,1,12.7,83.9,Amazonas,10.4,1
10.4,242.0,12,0,1,7.3,67.2,Amazonas,10.4,1
10.7,186.0,26,0,1,11.6,83.1,Amazonas,10.7,1
9.9,186.0,8,0,1,7.8,66.7,Amazonas,9.9,1
11.8,186.0,11,1,1,8.5,72.0,Amazonas,11.8,0
13.8,1622.0,29,0,1,14.6,91.0,Amazonas,13.79,0
15.0,1622.0,23,1,1,10.7,83.6,Amazonas,14.99,0
13.7,1622.0,34,1,1,13.8,95.7,Amazonas,13.69,0
12.4,1622.0,32,0,1,11.5,87.0,Amazonas,12.39,0
11.0,1622.0,19,1,1,9.8,79.4,Amazonas,10.99,1
11.6,1740.0,22,0,1,11.4,87.0,Amazonas,11.59,0
10.1,1740.0,20,0,1,10.4,78.4,Amazonas,10.09,1
11.1,1740.0,22,0,1,9.6,77.7,Amazonas,11.09,0
11.3,1740.0,24,1,1,10.1,80.0,Amazonas,11.29,0
11.6,1731.0,11,0,1,10.5,74.6,Amazonas,11.59,0
13.5,1731.0,29,1,1,11.2,85.3,Amazonas,13.49,0
13.8,1731.0,15,1,1,10.4,76.5,Amazonas,13.79,0
12.7,1072.0,31,1,1,11.3,85.1,Amazonas,12.71,0
10.6,1072.0,18,0,1,10.2,78.1,Amazonas,10.61,1
11.8,1072.0,35,0,1,12.7,90.5,Amazonas,11.81,0
11.8,1072.0,30,0,1,13.6,88.9,Amazonas,11.81,0
11.1,1482.0,33,0,1,13.8,92.5,Amazonas,11.1,0
12.4,1482.0,29,1,1,13.0,89.3,Amazonas,12.4,0
11.2,1482.0,33,0,1,13.1,91.0,Amazonas,11.2,0
12.0,1482.0,25,1,1,12.4,89.2,Amazonas,12.0,0
11.4,1482.0,20,0,1,9.8,79.3,Amazonas,11.4,0
11.2,1482.0,32,1,1,11.7,84.1,Amazonas,11.2,0
9.9,1482.0,24,1,1,12.6,84.6,Amazonas,9.9,1
13.3,3073.0,31,1,0,14.0,91.8,Ancash,13.19,0
12.5,3073.0,13,1,0,9.4,74.4,Ancash,12.39,0
12.6,3073.0,24,1,0,13.3,89.3,Ancash,12.49,0
10.4,52.0,11,0,0,9.3,70.8,Ancash,10.4,1
11.8,52.0,30,1,0,11.8,85.6,Ancash,11.8,0
11.0,52.0,16,0,0,9.0,74.9,Ancash,11.0,0
12.1,52.0,13,0,0,12.6,79.3,Ancash,12.1,0
11.0,52.0,12,0,0,11.9,76.0,Ancash,11.0,0
12.1,52.0,34,0,0,13.5,93.8,Ancash,12.1,0
11.3,52.0,21,1,0,12.3,84.0,Ancash,11.3,0
11.9,52.0,15,0,0,10.3,74.7,Ancash,11.9,0
11.4,52.0,25,1,0,12.2,85.8,Ancash,11.4,0
11.1,31.0,32,0,0,12.3,86.5,Ancash,11.1,0
9.3,31.0,9,0,0,10.6,70.2,Ancash,9.3,1
10.0,31.0,28,1,0,12.9,89.5,Ancash,10.0,1
11.2,31.0,19,0,0,11.8,80.3,Ancash,11.2,0
9.3,40.0,7,0,0,7.6,64.0,Ancash,9.3,1
12.9,40.0,20,0,0,12.6,82.3,Ancash,12.9,0
11.4,40.0,9,1,0,8.2,68.5,Ancash,11.4,0
12.6,40.0,24,0,0,15.2,88.0,Ancash,12.6,0
10.7,40.0,32,0,0,12.2,87.9,Ancash,10.7,1
10.4,40.0,17,1,0,10.3,78.0,Ancash,10.4,1
11.4,40.0,25,0,0,11.4,83.8,Ancash,11.4,0
10.7,40.0,35,0,0,14.3,88.8,Ancash,10.7,1
9.7,40.0,14,1,0,9.1,73.5,Ancash,9.7,1
11.7,40.0,13,0,0,9.6,75.6,Ancash,11.7,0
11.5,40.0,29,1,0,12.7,85.5,Ancash,11.5,0
10.2,40.0,7,1,0,9.1,72.5,Ancash,10.2,1
11.4,2767.0,33,0,0,14.3,89.7,Ancash,11.32,0
13.0,2767.0,21,0,0,8.9,75.5,Ancash,12.92,0
13.0,2767.0,26,0,0,12.1,88.1,Ancash,12.92,0
12.3,2516.0,22,0,0,10.3,79.4,Ancash,12.24,0
13.0,3252.0,24,1,1,10.6,81.3,Ancash,12.87,0
12.3,3252.0,32,1,1,13.4,89.2,Ancash,12.17,0
10.0,3252.0,21,1,1,10.3,80.3,Ancash,9.87,1
12.3,3252.0,15,0,1,8.7,75.3,Ancash,12.17,0
12.2,3252.0,16,0,1,9.8,71.1,Ancash,12.07,0
9.2,3252.0,24,0,1,10.6,80.3,Ancash,9.07,1
12.4,2882.0,10,1,1,8.2,69.0,Ancash,12.31,0
13.2,2882.0,29,0,1,15.1,89.4,Ancash,13.11,0
12.0,2882.0,6,1,1,8.5,67.1,Ancash,11.91,0
10.9,2882.0,6,1,1,7.0,62.6,Ancash,10.81,1
13.5,2882.0,6,0,1,7.1,62.1,Ancash,13.41,0
13.2,2882.0,17,0,1,9.6,79.6,Ancash,13.11,0
14.2,3264.0,35,1,1,13.7,89.9,Ancash,14.07,0
12.8,3264.0,34,0,1,11.8,86.1,Ancash,12.67,0
11.8,98.0,24,1,1,13.4,88.5,Ancash,11.8,0
14.9,3644.0,27,1,1,12.1,89.2,Ancash,14.72,0
12.1,3644.0,16,0,1,9.8,75.1,Ancash,11.92,0
12.9,3644.0,17,0,1,11.0,79.5,Ancash,12.72,0
14.4,3644.0,31,0,1,10.5,88.2,Ancash,14.22,0
11.5,3644.0,12,0,1,11.3,78.8,Ancash,11.32,0
12.4,1381.0,21,1,1,10.4,79.5,Ancash,12.4,0
11.5,1381.0,26,0,1,13.0,86.3,Ancash,11.5,0
11.3,1381.0,10,0,1,7.0,68.8,Ancash,11.3,0
13.9,3003.0,32,0,1,13.3,85.9,Ancash,13.8,0
14.0,3003.0,32,0,1,12.5,86.0,Ancash,13.9,0
12.0,2500.0,24,1,0,10.8,82.8,Apurimac,11.94,0
12.2,2500.0,12,1,0,9.7,73.9,Apurimac,12.14,0
12.4,2500.0,33,1,0,12.9,93.5,Apurimac,12.34,0
11.9,2500.0,19,0,0,10.5,81.2,Apurimac,11.84,0
12.2,2500.0,21,1,0,10.9,81.3,Apurimac,12.14,0
11.4,2500.0,19,1,0,11.2,81.4,Apurimac,11.34,0
12.3,2500.0,20,1,0,11.0,82.2,Apurimac,12.24,0
12.2,2500.0,31,0,0,12.8,87.1,Apurimac,12.14,0
13.1,2500.0,33,0,0,14.3,92.5,Apurimac,13.04,0
13.4,2500.0,31,0,0,11.6,83.9,Apurimac,13.34,0
13.1,2500.0,21,1,0,10.4,81.0,Apurimac,13.04,0
12.7,2836.0,19,1,0,11.1,82.0,Apurimac,12.61,0
13.6,2836.0,35,0,0,12.5,89.0,Apurimac,13.51,0
13.6,2836.0,29,0,0,11.7,90.1,Apurimac,13.51,0
13.7,2836.0,29,0,0,12.3,89.6,Apurimac,13.61,0
11.7,2836.0,25,0,0,11.0,82.0,Apurimac,11.61,0
13.7,2836.0,35,1,0,13.6,91.3,Apurimac,13.61,0
13.3,2836.0,26,1,0,12.3,87.0,Apurimac,13.21,0
14.2,2836.0,35,1,0,15.8,94.0,Apurimac,14.11,0
13.8,2836.0,7,0,0,7.8,64.0,Apurimac,13.71,0
13.0,2836.0,7,0,0,7.5,63.6,Apurimac,12.91,0
12.3,2836.0,15,0,0,10.1,74.7,Apurimac,12.21,0
12.8,2836.0,10,0,0,8.2,68.7,Apurimac,12.71,0
13.5,2842.0,11,0,0,9.3,72.7,Apurimac,13.41,0
13.6,2842.0,22,1,0,11.8,82.3,Apurimac,13.51,0
14.1,2842.0,21,0,0,10.0,82.0,Apurimac,14.01,0
12.3,2842.0,27,0,0,11.8,85.5,Apurimac,12.21,0
12.1,2842.0,11,1,0,8.7,70.7,Apurimac,12.01,0
13.2,2842.0,23,0,0,10.0,81.0,Apurimac,13.11,0
13.1,3944.0,24,1,0,8.3,79.7,Apurimac,12.88,0
13.8,3944.0,6,0,0,7.6,66.1,Apurimac,13.58,0
13.9,2754.0,22,0,0,11.6,86.3,Apurimac,13.82,0
11.9,2754.0,13,0,0,7.5,70.9,Apurimac,11.82,0
14.8,2754.0,17,0,0,8.8,75.5,Apurimac,14.72,0
12.4,2754.0,35,1,0,13.8,90.3,Apurimac,12.32,0
13.9,3262.0,16,1,1,10.5,78.5,Apurimac,13.77,0
12.7,3262.0,27,1,1,12.6,87.4,Apurimac,12.57,0
12.1,3262.0,18,1,1,11.4,83.9,Apurimac,11.97,0
13.0,3443.0,26,1,1,11.0,81.8,Apurimac,12.85,0
11.8,3443.0,8,0,1,7.7,62.9,Apurimac,11.65,0
11.8,3443.0,19,1,1,10.0,80.4,Apurimac,11.65,0
12.6,3327.0,12,1,1,8.8,71.6,Apurimac,12.46,0
12.8,3327.0,8,1,1,8.8,70.9,Apurimac,12.66,0
10.6,3327.0,6,1,1,8.2,69.5,Apurimac,10.46,1
13.1,3327.0,28,1,1,10.3,82.0,Apurimac,12.96,0
12.6,3327.0,25,1,1,10.4,86.3,Apurimac,12.46,0
12.1,3327.0,21,1,1,10.3,80.4,Apurimac,11.96,0
12.7,3327.0,24,1,1,11.9,87.1,Apurimac,12.56,0
13.7,3327.0,24,1,1,9.5,79.0,Apurimac,13.56,0
13.4,3554.0,13,1,1,8.6,73.8,Apurimac,13.24,0
14.5,3554.0,6,0,1,7.8,62.6,Apurimac,14.34,0
12.8,3554.0,29,0,1,14.3,92.6,Apurimac,12.64,0
12.4,3257.0,6,1,1,8.4,67.0,Apurimac,12.27,0
13.4,3997.0,28,0,1,11.6,82.6,Apurimac,13.18,0
14.7,3997.0,35,1,1,14.6,96.2,Apurimac,14.48,0
13.4,3997.0,13,1,1,8.6,74.1,Apurimac,13.18,0
15.6,3997.0,9,0,1,8.6,68.0,Apurimac,15.38,0
14.2,3997.0,20,0,1,9.4,78.5,Apurimac,13.98,0
13.5,3792.0,29,1,1,12.5,90.6,Apurimac,13.31,0
12.4,3792.0,12,1,1,7.5,69.5,Apurimac,12.21,0
13.5,3792.0,35,1,1,11.7,88.5,Apurimac,13.31,0
13.3,3792.0,19,1,1,10.7,81.4,Apurimac,13.11,0
12.8,3792.0,33,1,1,13.4,91.1,Apurimac,12.61,0
13.8,3792.0,35,0,1,10.8,89.3,Apurimac,13.61,0
15.5,3792.0,32,1,1,13.2,91.8,Apurimac,15.31,0
12.8,2429.0,23,1,0,14.4,90.1,Arequipa,12.75,0
12.4,2429.0,13,1,0,10.0,77.2,Arequipa,12.35,0
13.3,2633.0,30,1,0,13.6,90.5,Arequipa,13.23,0
13.1,2633.0,8,1,0,9.0,69.8,Arequipa,13.03,0
12.3,2916.0,31,1,0,11.4,87.9,Arequipa,12.21,0
11.1,2916.0,12,0,0,10.4,70.3,Arequipa,11.01,0
13.0,2916.0,12,0,0,9.0,75.2,Arequipa,12.91,0
13.8,2916.0,34,1,0,13.3,92.2,Arequipa,13.71,0
13.0,2916.0,8,0,0,7.1,67.0,Arequipa,12.91,0
13.6,2916.0,23,1,0,10.8,84.0,Arequipa,13.51,0
12.3,2441.0,17,1,0,11.4,82.4,Arequipa,12.25,0
13.0,2486.0,18,0,0,9.1,75.3,Arequipa,12.94,0
11.6,2486.0,12,0,0,11.7,79.5,Arequipa,11.54,0
9.5,2486.0,11,0,0,9.7,73.7,Arequipa,9.44,1
13.4,2486.0,29,0,0,14.7,95.4,Arequipa,13.34,0
11.6,2486.0,22,1,0,12.2,84.6,Arequipa,11.54,0
11.3,2486.0,25,1,0,12.2,84.9,Arequipa,11.24,0
11.8,2486.0,8,0,0,9.1,69.4,Arequipa,11.74,0
14.0,2486.0,34,1,0,13.2,92.3,Arequipa,13.94,0
13.1,2486.0,9,0,0,8.2,70.8,Arequipa,13.04,0
14.5,2486.0,12,1,0,8.7,69.8,Arequipa,14.44,0
12.5,2486.0,20,1,0,11.8,80.2,Arequipa,12.44,0
11.5,2486.0,14,0,0,8.9,72.4,Arequipa,11.44,0
12.6,2459.0,6,1,0,8.6,67.6,Arequipa,12.55,0
14.0,2459.0,20,1,0,11.0,81.7,Arequipa,13.95,0
13.9,2459.0,26,1,0,10.6,86.0,Arequipa,13.85,0
12.9,2459.0,20,0,0,9.6,77.7,Arequipa,12.85,0
11.6,2459.0,13,1,0,10.1,76.2,Arequipa,11.55,0
11.2,2459.0,11,0,0,7.3,70.3,Arequipa,11.15,0
13.9,2459.0,27,1,0,12.0,84.6,Arequipa,13.85,0
13.1,2450.0,30,1,0,12.5,88.5,Arequipa,13.05,0
10.3,2450.0,8,0,0,6.0,62.9,Arequipa,10.25,1
14.2,2631.0,13,1,0,10.8,75.2,Arequipa,14.13,0
13.8,2631.0,25,0,0,9.4,79.4,Arequipa,13.73,0
11.8,2631.0,15,0,0,9.2,76.8,Arequipa,11.73,0
12.7,2631.0,31,1,0,15.5,96.1,Arequipa,12.63,0
11.5,2419.0,21,0,0,10.0,81.6,Arequipa,11.45,0
13.4,2419.0,27,1,0,11.5,84.7,Arequipa,13.35,0
11.8,2419.0,25,1,0,11.5,86.6,Arequipa,11.75,0
11.6,2419.0,19,1,0,12.9,83.7,Arequipa,11.55,0
12.2,2419.0,10,0,0,8.9,72.1,Arequipa,12.15,0
14.3,2342.0,19,1,0,9.6,84.0,Arequipa,14.25,0
14.2,2342.0,22,1,0,10.5,83.0,Arequipa,14.15,0
10.4,1811.0,10,1,0,13.7,75.4,Arequipa,10.39,1
12.4,1811.0,8,1,0,7.5,67.1,Arequipa,12.39,0
11.0,1811.0,16,1,0,9.2,75.9,Arequipa,10.99,1
10.5,21.0,16,1,0,10.3,80.2,Arequipa,10.5,1
12.5,1416.0,30,1,0,12.5,86.6,Arequipa,12.5,0
11.3,1416.0,10,0,0,9.6,73.9,Arequipa,11.3,0
11.3,1416.0,8,1,0,8.3,70.3,Arequipa,11.3,0
11.1,1416.0,12,0,0,7.8,72.2,Arequipa,11.1,0
11.6,1416.0,29,1,0,14.3,87.2,Arequipa,11.6,0
12.3,1416.0,28,1,0,12.5,89.4,Arequipa,12.3,0
11.6,1416.0,28,0,0,11.9,84.7,Arequipa,11.6,0
11.5,73.0,22,1,0,14.5,90.9,Arequipa,11.5,0
10.6,73.0,19,0,0,11.6,83.8,Arequipa,10.6,1
10.1,73.0,26,0,0,11.5,85.4,Arequipa,10.1,1
12.3,1874.0,18,0,1,10.5,78.7,Arequipa,12.28,0
10.8,1874.0,23,1,1,12.1,84.6,Arequipa,10.78,1
12.0,1874.0,25,1,1,13.7,87.5,Arequipa,11.98,0
11.5,1874.0,11,1,1,12.2,75.2,Arequipa,11.48,0
13.9,1874.0,18,0,1,12.8,82.5,Arequipa,13.88,0
11.8,313.0,21,0,1,10.2,80.7,Arequipa,11.8,0
11.0,313.0,22,0,1,14.7,88.5,Arequipa,11.0,0
12.8,2797.0,10,1,0,10.4,72.5,Ayacucho,12.72,0
14.3,2797.0,28,0,0,12.7,85.5,Ayacucho,14.22,0
10.8,2797.0,12,1,0,7.8,71.0,Ayacucho,10.72,1
13.0,2797.0,15,1,0,9.5,75.4,Ayacucho,12.92,0
13.2,2797.0,18,0,0,10.6,77.4,Ayacucho,13.12,0
14.1,2797.0,29,1,0,12.1,89.6,Ayacucho,14.02,0
11.3,2797.0,23,0,0,9.1,77.8,Ayacucho,11.22,0
12.5,2797.0,24,0,0,10.7,83.9,Ayacucho,12.42,0
13.4,2797.0,32,0,0,12.6,89.9,Ayacucho,13.32,0
13.2,2797.0,35,1,0,13.4,90.6,Ayacucho,13.12,0
12.1,2797.0,27,1,0,11.0,82.6,Ayacucho,12.02,0
11.2,2797.0,11,0,0,9.5,71.4,Ayacucho,11.12,0
13.1,2786.0,24,1,0,11.6,86.5,Ayacucho,13.02,0
13.7,2786.0,24,1,0,10.7,82.5,Ayacucho,13.62,0
13.2,2786.0,24,0,0,11.4,81.1,Ayacucho,13.12,0
12.7,2786.0,26,1,0,10.5,84.8,Ayacucho,12.62,0
11.7,2775.0,13,0,0,8.7,73.0,Ayacucho,11.62,0
11.8,2775.0,14,0,0,8.9,75.0,Ayacucho,11.72,0
12.9,2775.0,29,1,0,11.6,84.2,Ayacucho,12.82,0
14.7,2775.0,35,0,0,14.4,89.8,Ayacucho,14.62,0
11.4,2775.0,10,1,0,11.0,74.8,Ayacucho,11.32,0
14.6,2775.0,7,0,0,8.4,68.0,Ayacucho,14.52,0
10.7,2775.0,14,0,0,8.7,75.5,Ayacucho,10.62,1
14.4,2775.0,33,1,0,13.1,89.5,Ayacucho,14.32,0
11.7,2684.0,11,1,0,9.4,74.4,Ayacucho,11.63,0
11.9,2684.0,23,0,0,12.2,82.0,Ayacucho,11.83,0
12.0,2684.0,33,0,0,11.4,87.5,Ayacucho,11.93,0
12.4,2684.0,23,0,0,11.7,80.8,Ayacucho,12.33,0
12.6,2684.0,20,0,0,10.9,83.4,Ayacucho,12.53,0
12.7,2684.0,12,1,0,9.9,76.1,Ayacucho,12.63,0
12.0,2684.0,18,0,0,8.6,75.2,Ayacucho,11.93,0
12.5,561.0,26,0,0,11.7,83.3,Ayacucho,12.5,0
10.8,561.0,27,1,0,12.3,85.5,Ayacucho,10.8,1
10.3,561.0,20,1,0,12.2,84.0,Ayacucho,10.3,1
11.6,561.0,22,1,0,10.6,81.5,Ayacucho,11.6,0
9.8,561.0,21,0,0,9.4,75.7,Ayacucho,9.8,1
10.6,703.0,9,1,0,9.8,68.0,Ayacucho,10.6,1
11.4,703.0,29,1,0,13.8,88.6,Ayacucho,11.4,0
11.1,703.0,27,0,0,12.9,87.3,Ayacucho,11.1,0
10.6,703.0,7,1,0,8.3,67.5,Ayacucho,10.6,1
12.5,2465.0,11,0,0,9.1,73.5,Ayacucho,12.45,0
12.6,2465.0,33,1,0,13.5,91.4,Ayacucho,12.55,0
13.1,2465.0,24,1,0,12.6,85.1,Ayacucho,13.05,0
12.1,2874.0,31,1,1,12.1,88.8,Ayacucho,12.01,0
12.3,2874.0,25,0,1,13.1,86.8,Ayacucho,12.21,0
11.8,2874.0,23,1,1,10.4,85.0,Ayacucho,11.71,0
13.5,3368.0,12,1,1,8.6,72.4,Ayacucho,13.36,0
13.5,3368.0,16,1,1,11.3,74.5,Ayacucho,13.36,0
12.6,3368.0,10,0,1,6.8,66.5,Ayacucho,12.46,0
12.3,3368.0,19,0,1,9.8,78.8,Ayacucho,12.16,0
13.0,3368.0,18,1,1,8.8,74.8,Ayacucho,12.86,0
13.7,3368.0,20,0,1,10.6,81.5,Ayacucho,13.56,0
12.6,3368.0,13,0,1,8.7,73.0,Ayacucho,12.46,0
14.3,3407.0,35,0,1,12.9,88.1,Ayacucho,14.15,0
14.0,3407.0,12,0,1,9.7,71.8,Ayacucho,13.85,0
11.4,3407.0,22,1,1,10.4,80.5,Ayacucho,11.25,0
13.4,3407.0,14,0,1,8.1,72.7,Ayacucho,13.25,0
12.4,3407.0,29,0,1,12.2,87.2,Ayacucho,12.25,0
13.1,3350.0,7,1,1,8.7,67.2,Ayacucho,12.96,0
12.1,3350.0,21,0,1,10.7,82.0,Ayacucho,11.96,0
12.6,3515.0,19,1,1,11.2,78.7,Ayacucho,12.44,0
14.1,3515.0,25,0,1,10.3,79.7,Ayacucho,13.94,0
11.7,2705.0,8,1,1,9.2,67.7,Ayacucho,11.63,0
12.6,2705.0,6,1,1,8.6,67.3,Ayacucho,12.53,0
11.4,2705.0,13,1,1,8.9,73.6,Ayacucho,11.33,0
11.8,2705.0,19,1,1,9.1,77.3,Ayacucho,11.73,0
11.8,2705.0,13,0,1,7.9,72.2,Ayacucho,11.73,0
11.7,3440.0,11,1,1,9.5,73.0,Ayacucho,11.55,0
13.2,2731.0,24,0,0,10.3,82.7,Cajamarca,13.12,0
14.0,2731.0,21,0,0,10.5,77.8,Cajamarca,13.92,0
13.6,2731.0,35,0,0,14.7,89.7,Cajamarca,13.52,0
12.2,2686.0,22,0,0,9.8,81.1,Cajamarca,12.13,0
11.0,2686.0,12,0,0,9.0,72.1,Cajamarca,10.93,1
13.1,2665.0,31,0,0,12.7,90.3,Cajamarca,13.03,0
13.8,2665.0,11,1,0,10.0,73.1,Cajamarca,13.73,0
12.9,2665.0,28,0,0,11.5,84.7,Cajamarca,12.83,0
10.9,2665.0,7,1,0,9.5,68.0,Cajamarca,10.83,1
13.6,2556.0,20,0,0,8.1,73.1,Cajamarca,13.54,0
12.2,2556.0,18,0,0,9.9,79.0,Cajamarca,12.14,0
12.1,728.0,22,1,0,13.2,87.4,Cajamarca,12.1,0
10.2,728.0,10,1,0,9.0,71.1,Cajamarca,10.2,1
11.5,1055.0,16,1,0,11.5,80.7,Cajamarca,11.51,0
12.8,1055.0,24,0,0,10.3,79.3,Cajamarca,12.81,0
10.2,1055.0,27,0,0,10.3,85.1,Cajamarca,10.21,1
10.0,1055.0,12,0,0,8.8,72.0,Cajamarca,10.01,1
9.3,1055.0,11,1,0,10.2,73.7,Cajamarca,9.31,1
14.0,3594.0,17,1,1,8.8,71.3,Cajamarca,13.83,0
13.4,3594.0,10,0,1,9.0,69.0,Cajamarca,13.23,0
14.7,3594.0,16,0,1,9.6,73.4,Cajamarca,14.53,0
10.7,3594.0,19,1,1,8.9,72.6,Cajamarca,10.53,1
12.4,3134.0,7,1,1,7.4,63.2,Cajamarca,12.28,0
15.0,3134.0,9,1,1,9.6,68.3,Cajamarca,14.88,0
15.3,3134.0,31,0,1,15.2,93.6,Cajamarca,15.18,0
12.0,2427.0,34,1,1,12.2,90.1,Cajamarca,11.95,0
12.0,2427.0,13,0,1,10.8,75.5,Cajamarca,11.95,0
12.8,2427.0,31,0,1,11.9,86.7,Cajamarca,12.75,0
10.5,2427.0,15,1,1,9.7,76.1,Cajamarca,10.45,1
12.5,2427.0,17,1,1,10.7,80.8,Cajamarca,12.45,0
12.6,2849.0,21,1,1,10.0,77.1,Cajamarca,12.51,0
13.4,2849.0,20,0,1,9.4,76.7,Cajamarca,13.31,0
11.1,2849.0,13,1,1,10.2,74.6,Cajamarca,11.01,0
13.7,2849.0,26,1,1,11.4,85.1,Cajamarca,13.61,0
12.0,1672.0,35,1,1,12.9,90.5,Cajamarca,11.99,0
12.4,1672.0,18,0,1,9.0,77.7,Cajamarca,12.39,0
12.7,1672.0,14,0,1,8.9,72.1,Cajamarca,12.69,0
12.2,1631.0,14,0,1,10.5,75.5,Cajamarca,12.19,0
11.4,1631.0,10,0,1,8.0,68.2,Cajamarca,11.39,0
12.4,1631.0,28,1,1,12.8,90.4,Cajamarca,12.39,0
11.7,1631.0,11,1,1,11.0,74.4,Cajamarca,11.69,0
11.7,1660.0,31,1,1,15.0,92.5,Cajamarca,11.69,0
10.4,1660.0,7,0,1,8.1,66.9,Cajamarca,10.39,1
12.6,1660.0,31,0,1,10.0,84.0,Cajamarca,12.59,0
12.1,1660.0,11,0,1,8.6,71.3,Cajamarca,12.09,0
11.3,1660.0,11,1,1,8.0,71.9,Cajamarca,11.29,0
12.6,1405.0,19,0,1,11.4,81.5,Cajamarca,12.6,0
11.0,1405.0,13,0,1,7.9,73.3,Cajamarca,11.0,0
12.1,1405.0,16,1,1,9.7,77.0,Cajamarca,12.1,0
10.4,1405.0,19,0,1,9.2,78.2,Cajamarca,10.4,1
13.1,2717.0,7,0,1,9.9,68.5,Cajamarca,13.02,0
11.6,2717.0,19,0,1,10.7,80.0,Cajamarca,11.52,0
13.3,1317.0,22,0,1,9.6,78.6,Cajamarca,13.3,0
12.8,2009.0,26,1,1,11.4,83.0,Cajamarca,12.78,0
11.5,2009.0,24,0,1,13.7,88.1,Cajamarca,11.48,0
11.5,27.0,8,0,0,6.5,63.2,Callao,11.5,0
11.6,27.0,27,0,0,11.9,88.2,Callao,11.6,0
12.0,27.0,28,1,0,18.4,99.9,Callao,12.0,0
12.3,27.0,15,1,0,10.2,76.3,Callao,12.3,0
11.2,27.0,25,1,0,11.2,86.1,Callao,11.2,0
12.0,27.0,28,0,0,13.4,82.5,Callao,12.0,0
7.3,27.0,9,1,0,10.5,70.4,Callao,7.3,1
10.8,27.0,16,0,0,12.6,80.1,Callao,10.8,1
9.3,27.0,20,1,0,11.1,81.3,Callao,9.3,1
11.2,27.0,29,0,0,12.7,90.0,Callao,11.2,0
9.9,27.0,8,0,0,7.8,66.6,Callao,9.9,1
10.9,27.0,32,1,0,14.1,92.9,Callao,10.9,1
11.7,27.0,10,0,0,10.7,74.2,Callao,11.7,0
11.9,27.0,21,1,0,13.5,85.2,Callao,11.9,0
10.5,27.0,16,1,0,12.6,78.5,Callao,10.5,1
11.4,27.0,22,0,0,12.2,83.3,Callao,11.4,0
12.3,27.0,32,1,0,13.7,89.4,Callao,12.3,0
11.8,27.0,11,1,0,8.6,72.6,Callao,11.8,0
10.7,27.0,23,0,0,9.6,79.7,Callao,10.7,1
11.5,27.0,30,0,0,10.6,85.7,Callao,11.5,0
11.4,27.0,31,0,0,11.5,86.3,Callao,11.4,0
11.4,27.0,24,1,0,13.0,84.1,Callao,11.4,0
10.0,27.0,10,0,0,9.3,71.8,Callao,10.0,1
12.3,27.0,12,0,0,8.8,72.0,Callao,12.3,0
11.8,27.0,14,0,0,9.8,75.4,Callao,11.8,0
11.6,27.0,24,0,0,12.4,87.6,Callao,11.6,0
11.9,27.0,13,0,0,9.3,73.5,Callao,11.9,0
9.7,27.0,13,0,0,7.2,72.6,Callao,9.7,1
10.5,27.0,31,0,0,14.8,90.8,Callao,10.5,1
10.4,27.0,10,1,0,9.9,76.0,Callao,10.4,1
11.5,37.0,16,1,0,10.7,77.9,Callao,11.5,0
10.9,43.0,15,1,0,12.5,77.7,Callao,10.9,1
8.6,43.0,12,1,0,11.0,76.0,Callao,8.6,1
10.9,43.0,25,1,0,11.6,85.3,Callao,10.9,1
10.9,43.0,32,0,0,13.2,92.0,Callao,10.9,1
10.8,43.0,8,1,0,9.2,68.9,Callao,10.8,1
12.5,43.0,31,1,0,12.4,91.1,Callao,12.5,0
9.9,43.0,20,1,0,11.7,81.9,Callao,9.9,1
11.3,43.0,16,0,0,10.1,75.1,Callao,11.3,0
12.2,43.0,21,1,0,13.1,87.2,Callao,12.2,0
11.5,43.0,25,1,0,12.7,85.4,Callao,11.5,0
12.3,43.0,22,0,0,10.8,81.2,Callao,12.3,0
10.7,43.0,18,0,0,10.5,76.8,Callao,10.7,1
11.1,43.0,11,0,0,8.8,72.6,Callao,11.1,0
11.6,43.0,34,0,0,19.6,94.7,Callao,11.6,0
11.2,43.0,30,0,0,12.6,88.1,Callao,11.2,0
12.0,43.0,21,1,0,10.9,84.8,Callao,12.0,0
12.5,43.0,7,1,0,10.2,69.8,Callao,12.5,0
9.9,43.0,8,0,0,9.5,67.5,Callao,9.9,1
11.2,43.0,30,0,0,10.4,83.0,Callao,11.2,0
10.3,43.0,6,0,0,9.1,63.8,Callao,10.3,1
9.9,43.0,31,0,0,12.4,86.4,Callao,9.9,1
13.1,3301.0,20,1,0,14.5,88.1,Cusco,12.97,0
13.4,3301.0,20,0,0,9.5,75.7,Cusco,13.27,0
13.3,3301.0,24,1,0,12.3,84.7,Cusco,13.17,0
12.2,3301.0,26,0,0,12.3,87.0,Cusco,12.07,0
13.9,3301.0,27,0,0,11.8,87.4,Cusco,13.77,0
13.0,3301.0,13,0,0,9.1,73.8,Cusco,12.87,0
12.4,3301.0,21,1,0,13.2,85.6,Cusco,12.27,0
14.0,3301.0,18,0,0,9.9,81.3,Cusco,13.87,0
12.5,3301.0,15,0,0,10.8,78.6,Cusco,12.37,0
15.0,3301.0,25,1,0,12.1,84.7,Cusco,14.87,0
15.3,3301.0,25,1,0,11.8,84.7,Cusco,15.17,0
11.4,3301.0,7,1,0,8.2,68.5,Cusco,11.27,0
14.5,3424.0,34,0,0,13.2,92.9,Cusco,14.35,0
12.4,3424.0,33,0,0,14.0,91.7,Cusco,12.25,0
13.2,3424.0,16,0,0,9.6,78.8,Cusco,13.05,0
12.7,3879.0,6,1,0,8.2,66.4,Cusco,12.49,0
14.8,3879.0,22,1,0,10.0,82.0,Cusco,14.59,0
12.8,3879.0,6,0,0,7.7,64.0,Cusco,12.59,0
15.6,3879.0,25,1,0,11.0,83.6,Cusco,15.39,0
10.4,3766.0,17,1,0,10.6,76.2,Cusco,10.21,1
13.4,3766.0,31,1,0,11.8,89.5,Cusco,13.21,0
14.4,3766.0,28,0,0,11.3,84.0,Cusco,14.21,0
14.4,3766.0,8,0,0,6.5,65.7,Cusco,14.21,0
11.6,590.0,35,1,0,13.3,91.0,Cusco,11.6,0
11.5,590.0,28,0,0,11.8,85.7,Cusco,11.5,0
11.2,590.0,27,1,0,13.0,89.4,Cusco,11.2,0
12.5,590.0,33,1,0,12.1,90.1,Cusco,12.5,0
14.2,3678.0,25,0,1,9.7,83.4,Cusco,14.02,0
13.0,3678.0,12,1,1,10.9,75.7,Cusco,12.82,0
13.1,3678.0,31,1,1,11.8,86.4,Cusco,12.92,0
13.4,3678.0,16,1,1,10.9,78.3,Cusco,13.22,0
13.1,3678.0,19,1,1,11.6,82.2,Cusco,12.92,0
13.0,3678.0,15,1,1,11.1,77.5,Cusco,12.82,0
13.8,3678.0,18,0,1,8.8,72.5,Cusco,13.62,0
12.5,3880.0,10,0,1,6.9,64.8,Cusco,12.29,0
12.9,3880.0,20,0,1,8.8,76.3,Cusco,12.69,0
12.7,3880.0,7,0,1,4.4,66.0,Cusco,12.49,0
13.5,3839.0,32,1,1,12.8,88.7,Cusco,13.3,0
13.8,3839.0,16,1,1,9.9,75.2,Cusco,13.6,0
12.7,3839.0,17,1,1,10.1,76.0,Cusco,12.5,0
14.6,4030.0,13,1,1,8.9,71.4,Cusco,14.37,0
15.0,4030.0,27,1,1,14.5,91.5,Cusco,14.77,0
10.5,1304.0,30,1,1,14.9,90.6,Cusco,10.5,1
12.0,1304.0,31,0,1,13.6,89.1,Cusco,12.0,0
9.9,784.0,22,1,1,8.9,77.5,Cusco,9.9,1
12.0,784.0,6,1,1,8.3,68.1,Cusco,12.0,0
11.3,784.0,16,0,1,9.2,76.0,Cusco,11.3,0
11.9,784.0,21,0,1,13.9,87.5,Cusco,11.9,0
13.6,3731.0,8,1,1,9.1,72.0,Cusco,13.41,0
15.8,3731.0,25,1,1,10.8,81.5,Cusco,15.61,0
12.8,3731.0,25,0,1,9.1,78.1,Cusco,12.61,0
14.2,3731.0,10,0,1,8.0,68.0,Cusco,14.01,0
13.4,3731.0,27,1,1,12.8,88.5,Cusco,13.21,0
13.5,3746.0,27,1,0,11.4,85.4,Huancavelica,13.31,0
13.6,3746.0,21,0,0,9.9,79.6,Huancavelica,13.41,0
13.0,3746.0,25,1,0,10.7,81.2,Huancavelica,12.81,0
12.6,3746.0,9,1,0,8.7,68.9,Huancavelica,12.41,0
13.7,3746.0,10,1,0,8.2,68.3,Huancavelica,13.51,0
15.8,3746.0,17,1,0,8.8,76.5,Huancavelica,15.61,0
12.3,3746.0,14,0,0,9.2,73.9,Huancavelica,12.11,0
13.9,3746.0,29,1,0,13.0,87.9,Huancavelica,13.71,0
15.5,3746.0,27,0,0,10.3,83.8,Huancavelica,15.31,0
13.9,3746.0,26,0,0,12.8,85.3,Huancavelica,13.71,0
13.5,3746.0,33,0,0,12.8,87.8,Huancavelica,13.31,0
13.9,3344.0,12,1,0,9.5,73.4,Huancavelica,13.76,0
13.8,3344.0,35,0,0,14.8,89.4,Huancavelica,13.66,0
14.3,3344.0,30,1,0,13.2,91.2,Huancavelica,14.16,0
13.7,3344.0,24,1,0,10.3,81.0,Huancavelica,13.56,0
12.8,3282.0,35,0,0,11.2,86.8,Huancavelica,12.67,0
13.5,3282.0,30,0,0,11.3,81.4,Huancavelica,13.37,0
15.0,3282.0,21,1,0,13.5,84.2,Huancavelica,14.87,0
13.0,3282.0,6,0,0,8.6,64.3,Huancavelica,12.87,0
11.9,3427.0,23,0,1,11.2,82.6,Huancavelica,11.75,0
8.5,3427.0,17,1,1,11.0,78.5,Huancavelica,8.35,1
13.1,3279.0,31,0,1,12.1,84.9,Huancavelica,12.97,0
14.7,3279.0,22,1,1,10.3,80.7,Huancavelica,14.57,0
14.2,3279.0,31,0,1,11.7,87.0,Huancavelica,14.07,0
13.1,3279.0,32,1,1,11.8,86.0,Huancavelica,12.97,0
14.4,3809.0,32,0,1,12.0,88.7,Huancavelica,14.2,0
10.2,3809.0,11,1,1,10.2,75.2,Huancavelica,10.0,1
11.6,3809.0,9,0,1,8.7,69.6,Huancavelica,11.4,0
13.6,3809.0,6,1,1,8.8,67.6,Huancavelica,13.4,0
13.6,3809.0,25,1,1,11.3,83.9,Huancavelica,13.4,0
11.8,3809.0,8,0,1,7.8,66.7,Huancavelica,11.6,0
14.2,3809.0,16,0,1,9.6,72.7,Huancavelica,14.0,0
11.3,3809.0,9,1,1,7.4,68.1,Huancavelica,11.1,0
15.3,3550.0,25,1,1,12.2,83.1,Huancavelica,15.14,0
15.3,3550.0,11,0,1,8.7,71.8,Huancavelica,15.14,0
13.9,3550.0,34,1,1,12.5,87.4,Huancavelica,13.74,0
12.7,3550.0,12,0,1,8.2,72.1,Huancavelica,12.54,0
14.0,3550.0,26,1,1,11.3,82.7,Huancavelica,13.84,0
13.8,2708.0,9,0,1,8.2,68.0,Huancavelica,13.73,0
13.1,2708.0,14,0,1,8.5,70.2,Huancavelica,13.03,0
13.9,2708.0,17,0,1,9.3,76.3,Huancavelica,13.83,0
12.9,3759.0,30,1,1,10.9,84.6,Huancavelica,12.71,0
13.1,3759.0,9,0,1,8.0,69.1,Huancavelica,12.91,0
14.1,3759.0,25,1,1,11.9,83.6,Huancavelica,13.91,0
12.5,3759.0,28,1,1,12.5,88.5,Huancavelica,12.31,0
11.0,3956.0,17,1,1,9.7,74.8,Huancavelica,10.78,1
14.0,3956.0,20,0,1,10.2,76.1,Huancavelica,13.78,0
16.4,3956.0,32,0,1,14.4,92.8,Huancavelica,16.18,0
13.1,3448.0,8,0,1,8.0,67.7,Huancavelica,12.95,0
12.3,2873.0,19,1,1,9.1,76.9,Huancavelica,12.21,0
12.4,2873.0,23,0,1,12.1,86.1,Huancavelica,12.31,0
14.4,3663.0,30,1,1,12.2,85.6,Huancavelica,14.22,0
12.8,3663.0,16,1,1,9.2,73.1,Huancavelica,12.62,0
13.8,3663.0,29,1,1,13.5,87.4,Huancavelica,13.62,0
13.3,3663.0,6,0,1,7.3,63.9,Huancavelica,13.12,0
14.4,3663.0,25,0,1,11.9,84.2,Huancavelica,14.22,0
15.1,3663.0,34,1,1,13.3,88.4,Huancavelica,14.92,0
13.5,3663.0,22,1,1,9.8,77.2,Huancavelica,13.32,0
12.9,2062.0,35,1,1,15.9,93.4,Huancavelica,12.87,0
11.5,2062.0,23,1,1,12.4,86.8,Huancavelica,11.47,0
13.1,2062.0,19,1,1,12.5,85.3,Huancavelica,13.07,0
12.3,2062.0,26,1,1,13.4,86.7,Huancavelica,12.27,0
12.5,2062.0,11,0,1,7.8,73.6,Huancavelica,12.47,0
13.2,2062.0,33,1,1,10.2,85.9,Huancavelica,13.17,0
11.6,1921.0,22,0,0,9.8,80.2,Huanuco,11.58,0
11.4,1921.0,28,0,0,10.1,86.2,Huanuco,11.38,0
10.2,1921.0,11,1,0,10.0,74.5,Huanuco,10.18,1
13.1,1921.0,23,0,0,9.3,80.3,Huanuco,13.08,0
11.7,1921.0,27,1,0,14.3,87.7,Huanuco,11.68,0
11.8,1921.0,20,0,0,9.8,76.5,Huanuco,11.78,0
13.2,1921.0,11,0,0,7.3,69.1,Huanuco,13.18,0
13.8,1921.0,21,1,0,12.8,87.3,Huanuco,13.78,0
13.3,1921.0,31,0,0,12.7,93.8,Huanuco,13.28,0
11.9,1950.0,25,1,0,11.8,86.5,Huanuco,11.88,0
12.1,1996.0,6,1,0,8.3,64.0,Huanuco,12.08,0
12.5,1996.0,16,1,0,11.0,79.9,Huanuco,12.48,0
12.0,1996.0,9,1,0,10.3,68.6,Huanuco,11.98,0
11.6,1996.0,17,0,0,10.4,81.9,Huanuco,11.58,0
11.8,587.0,34,0,0,12.2,92.2,Huanuco,11.8,0
12.8,587.0,32,1,0,13.1,90.4,Huanuco,12.8,0
11.8,587.0,22,0,0,12.3,88.9,Huanuco,11.8,0
12.1,587.0,22,0,0,11.6,89.4,Huanuco,12.1,0
9.4,587.0,21,0,0,11.0,83.3,Huanuco,9.4,1
9.4,587.0,29,1,0,12.0,83.7,Huanuco,9.4,1
12.7,781.0,23,1,0,11.1,84.2,Huanuco,12.7,0
10.0,781.0,33,1,0,12.9,86.1,Huanuco,10.0,1
10.9,781.0,8,1,0,10.3,74.2,Huanuco,10.9,1
12.0,781.0,13,1,0,8.7,74.2,Huanuco,12.0,0
13.0,202.0,30,1,0,13.7,89.5,Huanuco,13.0,0
8.6,202.0,15,1,0,10.6,78.5,Huanuco,8.6,1
10.4,202.0,19,0,0,9.1,75.6,Huanuco,10.4,1
11.2,202.0,28,1,0,11.8,85.5,Huanuco,11.2,0
7.8,202.0,21,1,0,11.0,79.7,Huanuco,7.8,1
11.5,2182.0,32,0,1,14.3,92.2,Huanuco,11.47,0
10.7,2182.0,9,1,1,7.0,67.1,Huanuco,10.67,1
10.4,2182.0,6,0,1,8.6,67.8,Huanuco,10.37,1
11.3,2182.0,10,1,1,10.3,73.6,Huanuco,11.27,0
13.4,2112.0,29,0,1,13.0,90.8,Huanuco,13.37,0
11.8,2112.0,13,1,1,8.1,71.3,Huanuco,11.77,0
13.3,2112.0,30,0,1,12.9,84.2,Huanuco,13.27,0
11.4,2112.0,10,1,1,9.8,74.4,Huanuco,11.37,0
11.1,2112.0,27,0,1,9.8,78.9,Huanuco,11.07,0
12.3,3267.0,11,0,1,9.0,72.5,Huanuco,12.17,0
12.9,3267.0,21,1,1,8.6,77.2,Huanuco,12.77,0
13.4,3267.0,31,0,1,10.1,80.0,Huanuco,13.27,0
12.9,3267.0,12,0,1,8.3,69.0,Huanuco,12.77,0
11.0,3474.0,25,0,1,10.4,85.6,Huanuco,10.85,1
13.3,3474.0,21,1,1,11.7,80.1,Huanuco,13.15,0
12.9,3474.0,25,1,1,10.3,80.8,Huanuco,12.75,0
10.6,3474.0,7,1,1,7.6,67.0,Huanuco,10.45,1
13.9,3474.0,16,1,1,9.0,70.6,Huanuco,13.75,0
11.6,3350.0,18,0,1,10.5,81.8,Huanuco,11.46,0
14.0,3350.0,10,1,1,8.2,68.7,Huanuco,13.86,0
13.4,3350.0,28,0,1,9.6,80.5,Huanuco,13.26,0
11.7,573.0,23,0,1,11.5,83.5,Huanuco,11.7,0
13.1,573.0,6,1,1,7.8,66.9,Huanuco,13.1,0
10.6,573.0,8,0,1,7.4,68.5,Huanuco,10.6,1
11.4,573.0,13,1,1,9.3,75.6,Huanuco,11.4,0
10.2,562.0,21,1,1,9.8,79.4,Huanuco,10.2,1
11.8,562.0,16,0,1,10.5,79.5,Huanuco,11.8,0
12.3,562.0,34,1,1,12.4,88.8,Huanuco,12.3,0
11.0,562.0,18,1,1,11.6,85.0,Huanuco,11.0,0
11.9,562.0,34,0,1,13.6,89.5,Huanuco,11.9,0
11.7,626.0,30,0,1,11.9,85.3,Huanuco,11.7,0
11.7,626.0,17,0,1,9.2,75.1,Huanuco,11.7,0
12.1,626.0,11,0,1,8.6,71.0,Huanuco,12.1,0
11.6,626.0,22,1,1,11.9,85.7,Huanuco,11.6,0
11.8,626.0,16,0,1,9.2,75.4,Huanuco,11.8,0
10.4,626.0,17,0,1,12.2,80.7,Huanuco,10.4,1
11.3,626.0,8,1,1,11.0,74.3,Huanuco,11.3,0
13.3,3036.0,22,0,1,12.2,83.7,Huanuco,13.19,0
14.3,3036.0,18,0,1,11.0,81.0,Huanuco,14.19,0
10.6,3036.0,14,0,1,11.0,75.2,Huanuco,10.49,1
11.8,3036.0,27,0,1,10.4,83.8,Huanuco,11.69,0
13.0,3475.0,24,0,1,10.2,79.9,Huanuco,12.85,0
10.8,3475.0,11,1,1,11.1,74.6,Huanuco,10.65,1
13.7,3475.0,17,0,1,10.0,76.1,Huanuco,13.55,0
13.2,3475.0,21,1,1,10.4,76.2,Huanuco,13.05,0
10.8,3475.0,13,1,1,8.9,72.4,Huanuco,10.65,1
12.2,3475.0,32,1,1,12.1,85.5,Huanuco,12.05,0
12.3,3452.0,9,1,1,8.2,68.6,Huanuco,12.15,0
14.6,3452.0,28,1,1,10.8,83.1,Huanuco,14.45,0
11.3,3452.0,15,1,1,9.8,77.1,Huanuco,11.15,0
11.4,3452.0,28,1,1,11.8,88.4,Huanuco,11.25,0
12.2,3452.0,8,1,1,8.9,68.6,Huanuco,12.05,0
12.5,432.0,25,0,0,14.0,89.5,Ica,12.5,0
11.2,432.0,12,0,0,9.8,74.4,Ica,11.2,0
12.5,432.0,23,0,0,10.3,82.4,Ica,12.5,0
11.6,432.0,25,0,0,9.6,84.4,Ica,11.6,0
11.5,432.0,15,1,0,10.8,83.1,Ica,11.5,0
12.0,432.0,7,0,0,9.9,68.3,Ica,12.0,0
9.7,463.0,11,0,0,8.4,68.2,Ica,9.7,1
10.7,463.0,10,0,0,8.2,69.8,Ica,10.7,1
11.4,463.0,10,0,0,9.8,70.1,Ica,11.4,0
12.3,472.0,34,1,0,13.6,91.6,Ica,12.3,0
10.8,472.0,10,1,0,8.7,69.8,Ica,10.8,1
10.5,472.0,31,1,0,13.0,89.1,Ica,10.5,1
10.6,472.0,16,1,0,9.0,79.6,Ica,10.6,1
11.9,472.0,27,1,0,10.7,81.4,Ica,11.9,0
10.6,472.0,10,0,0,9.0,71.0,Ica,10.6,1
10.9,472.0,24,0,0,11.1,82.1,Ica,10.9,1
11.2,472.0,34,1,0,13.5,92.4,Ica,11.2,0
9.5,472.0,17,1,0,10.0,77.0,Ica,9.5,1
12.0,472.0,10,0,0,8.8,73.3,Ica,12.0,0
12.0,472.0,28,1,0,14.3,91.9,Ica,12.0,0
12.4,472.0,6,0,0,7.6,63.4,Ica,12.4,0
11.9,446.0,20,1,0,11.2,79.8,Ica,11.9,0
11.9,446.0,33,1,0,13.8,90.8,Ica,11.9,0
12.7,420.0,22,1,0,10.6,81.3,Ica,12.7,0
12.6,420.0,25,0,0,12.1,92.7,Ica,12.6,0
13.5,445.0,21,1,0,15.0,86.3,Ica,13.5,0
10.7,445.0,14,1,0,13.0,76.8,Ica,10.7,1
10.5,445.0,9,0,0,7.4,64.8,Ica,10.5,1
11.6,445.0,19,0,0,9.0,74.2,Ica,11.6,0
10.6,445.0,15,1,0,13.7,83.5,Ica,10.6,1
11.2,140.0,6,1,0,8.2,65.5,Ica,11.2,0
8.7,140.0,10,0,0,10.2,70.4,Ica,8.7,1
10.9,140.0,6,1,0,8.9,67.7,Ica,10.9,1
9.0,146.0,16,1,0,12.1,78.8,Ica,9.0,1
12.6,146.0,22,0,0,11.8,81.6,Ica,12.6,0
11.8,146.0,21,1,0,11.3,78.1,Ica,11.8,0
12.0,146.0,18,1,0,9.3,76.9,Ica,12.0,0
13.9,146.0,9,0,0,9.4,70.9,Ica,13.9,0
13.3,146.0,35,0,0,15.1,94.4,Ica,13.3,0
10.9,146.0,29,0,0,11.3,85.3,Ica,10.9,1
11.8,146.0,12,1,0,9.8,74.8,Ica,11.8,0
10.3,146.0,9,0,0,9.4,70.5,Ica,10.3,1
9.4,146.0,10,1,0,10.7,77.8,Ica,9.4,1
12.1,94.0,31,0,0,15.0,87.2,Ica,12.1,0
11.4,94.0,11,1,0,9.8,72.4,Ica,11.4,0
9.6,94.0,22,0,0,16.0,87.4,Ica,9.6,1
10.4,94.0,22,1,0,12.4,82.9,Ica,10.4,1
9.2,618.0,23,0,0,11.8,82.5,Ica,9.2,1
11.5,618.0,17,1,0,12.0,81.1,Ica,11.5,0
12.4,618.0,24,0,0,9.4,82.4,Ica,12.4,0
11.3,618.0,26,0,0,11.7,86.4,Ica,11.3,0
11.4,618.0,6,0,0,7.8,67.5,Ica,11.4,0
10.8,618.0,24,0,0,11.6,85.0,Ica,10.8,1
11.6,36.0,14,1,0,11.7,80.3,Ica,11.6,0
10.5,36.0,10,1,0,9.9,74.7,Ica,10.5,1
12.7,36.0,33,1,0,16.0,97.9,Ica,12.7,0
11.9,36.0,16,0,0,9.8,76.3,Ica,11.9,0
11.2,36.0,30,1,0,13.8,88.4,Ica,11.2,0
11.4,36.0,11,0,0,11.8,72.9,Ica,11.4,0
11.6,36.0,26,0,0,10.3,81.8,Ica,11.6,0
13.3,36.0,19,1,0,15.6,85.9,Ica,13.3,0
11.9,36.0,15,1,0,10.7,76.8,Ica,11.9,0
12.4,36.0,7,1,0,9.3,68.9,Ica,12.4,0
9.9,36.0,9,1,0,9.3,71.3,Ica,9.9,1
11.9,16.0,32,0,0,13.0,91.3,Ica,11.9,0
11.6,16.0,22,1,0,15.2,90.7,Ica,11.6,0
10.9,16.0,31,0,0,13.9,93.5,Ica,10.9,1
11.3,16.0,19,0,0,9.8,77.8,Ica,11.3,0
10.8,16.0,15,0,0,11.2,74.5,Ica,10.8,1
10.5,16.0,20,1,0,15.6,87.9,Ica,10.5,1
11.4,16.0,15,1,0,11.0,77.7,Ica,11.4,0
11.9,16.0,17,1,0,11.2,79.7,Ica,11.9,0
12.3,399.0,22,1,1,12.3,87.3,Ica,12.3,0
10.7,399.0,16,0,1,8.9,74.2,Ica,10.7,1
13.0,966.0,25,1,1,13.6,86.5,Ica,13.0,0
13.0,3294.0,28,0,0,11.0,83.3,Junin,12.87,0
15.0,3294.0,23,1,0,12.0,87.0,Junin,14.87,0
12.0,3273.0,25,1,0,11.3,81.1,Junin,11.87,0
13.1,3273.0,26,0,0,11.7,84.7,Junin,12.97,0
14.9,3273.0,24,1,0,14.1,88.5,Junin,14.77,0
13.4,3305.0,22,0,0,10.2,83.2,Junin,13.27,0
13.7,3305.0,23,1,0,12.3,83.9,Junin,13.57,0
14.2,3305.0,28,0,0,12.2,88.1,Junin,14.07,0
14.8,3305.0,26,1,0,15.5,87.3,Junin,14.67,0
12.7,3244.0,22,0,0,10.1,80.6,Junin,12.57,0
13.6,3244.0,13,0,0,7.6,71.3,Junin,13.47,0
14.2,3244.0,27,1,0,12.4,87.3,Junin,14.07,0
12.1,3244.0,14,1,0,11.0,79.8,Junin,11.97,0
14.7,3260.0,25,0,0,18.0,88.4,Junin,14.57,0
14.1,3260.0,25,0,0,12.6,85.9,Junin,13.97,0
15.7,3260.0,24,1,0,11.2,83.8,Junin,15.57,0
11.0,3260.0,7,1,0,8.2,68.5,Junin,10.87,1
15.3,3330.0,25,1,0,12.9,84.0,Junin,15.16,0
13.0,3330.0,17,1,0,10.3,76.3,Junin,12.86,0
14.2,3330.0,31,0,0,12.4,85.2,Junin,14.06,0
11.7,865.0,13,0,0,8.2,72.2,Junin,11.7,0
9.6,865.0,11,1,0,9.7,74.9,Junin,9.6,1
11.7,676.0,30,1,0,11.5,84.8,Junin,11.7,0
12.2,694.0,29,0,0,12.1,85.3,Junin,12.2,0
9.3,694.0,17,0,0,8.5,79.5,Junin,9.3,1
11.2,694.0,16,1,0,9.7,78.6,Junin,11.2,0
10.4,694.0,9,1,0,9.2,71.6,Junin,10.4,1
12.6,3477.0,18,0,0,8.6,73.1,Junin,12.45,0
13.8,3477.0,12,0,0,8.5,72.3,Junin,13.65,0
14.8,3477.0,24,1,0,14.5,87.2,Junin,14.65,0
12.3,2961.0,22,0,0,12.1,82.5,Junin,12.2,0
10.7,2961.0,14,0,0,9.7,73.6,Junin,10.6,1
11.7,2961.0,28,0,0,9.8,80.7,Junin,11.6,0
15.8,3831.0,32,1,0,12.4,88.8,Junin,15.6,0
13.8,3831.0,31,1,0,11.9,85.6,Junin,13.6,0
14.8,3831.0,15,1,0,9.3,77.3,Junin,14.6,0
11.8,3831.0,15,1,0,8.5,73.6,Junin,11.6,0
14.4,3831.0,26,0,0,10.7,83.1,Junin,14.2,0
12.8,3238.0,18,0,1,10.1,76.8,Junin,12.67,0
10.8,3238.0,9,1,1,8.8,71.0,Junin,10.67,1
12.7,3238.0,26,1,1,11.8,84.0,Junin,12.57,0
12.8,3238.0,35,0,1,12.2,87.9,Junin,12.67,0
14.0,3238.0,30,1,1,12.1,88.9,Junin,13.87,0
12.7,3238.0,18,0,1,8.5,74.8,Junin,12.57,0
12.4,1092.0,15,1,1,11.0,78.3,Junin,12.41,0
12.9,1092.0,31,1,1,17.1,97.1,Junin,12.91,0
10.2,1092.0,6,0,1,10.4,66.2,Junin,10.21,1
12.7,1092.0,31,1,1,14.3,94.5,Junin,12.71,0
9.5,1092.0,8,1,1,8.1,66.6,Junin,9.51,1
13.0,1351.0,33,0,1,13.3,90.5,Junin,13.0,0
12.4,1351.0,25,0,1,12.0,85.4,Junin,12.4,0
12.1,1351.0,35,0,1,11.7,88.4,Junin,12.1,0
11.9,986.0,27,0,1,12.2,89.4,Junin,11.9,0
11.7,986.0,13,0,1,9.4,73.2,Junin,11.7,0
11.0,986.0,19,0,1,10.5,78.5,Junin,11.0,0
12.9,986.0,20,1,1,12.6,81.6,Junin,12.9,0
9.9,986.0,23,1,1,11.8,84.6,Junin,9.9,1
14.3,3717.0,15,1,1,8.1,72.5,Junin,14.11,0
13.1,3169.0,12,1,1,9.0,72.7,Junin,12.98,0
11.8,3169.0,10,0,1,8.3,70.1,Junin,11.68,0
11.0,3169.0,17,1,1,11.4,81.6,Junin,10.88,1
12.9,3169.0,28,1,1,13.2,87.1,Junin,12.78,0
11.8,74.0,35,0,0,15.9,98.7,La Libertad,11.8,0
11.1,74.0,12,0,0,10.2,77.4,La Libertad,11.1,0
10.9,92.0,7,1,0,9.9,68.2,La Libertad,10.9,1
11.2,92.0,15,0,0,10.3,77.1,La Libertad,11.2,0
11.0,92.0,21,0,0,10.3,81.3,La Libertad,11.0,0
11.3,92.0,35,0,0,13.2,91.6,La Libertad,11.3,0
10.3,92.0,15,0,0,9.5,74.9,La Libertad,10.3,1
11.5,92.0,20,0,0,14.6,84.5,La Libertad,11.5,0
11.4,92.0,21,0,0,11.7,80.4,La Libertad,11.4,0
12.3,92.0,24,0,0,9.4,75.3,La Libertad,12.3,0
10.6,92.0,10,1,0,9.5,72.2,La Libertad,10.6,1
13.3,92.0,31,0,0,13.3,92.1,La Libertad,13.3,0
11.5,92.0,20,1,0,12.6,84.2,La Libertad,11.5,0
9.6,92.0,18,0,0,12.4,82.0,La Libertad,9.6,1
12.1,92.0,26,1,0,14.4,91.8,La Libertad,12.1,0
11.7,92.0,19,1,0,13.0,83.0,La Libertad,11.7,0
11.1,92.0,11,1,0,10.2,76.2,La Libertad,11.1,0
11.4,92.0,16,0,0,9.5,77.2,La Libertad,11.4,0
11.7,137.0,35,0,0,12.8,91.0,La Libertad,11.7,0
10.4,137.0,9,0,0,12.0,75.6,La Libertad,10.4,1
12.8,137.0,24,0,0,12.9,86.7,La Libertad,12.8,0
12.5,137.0,13,1,0,11.9,75.9,La Libertad,12.5,0
10.9,137.0,22,1,0,12.5,86.0,La Libertad,10.9,1
10.4,137.0,14,0,0,10.5,74.5,La Libertad,10.4,1
10.6,137.0,14,0,0,7.1,70.5,La Libertad,10.6,1
12.8,137.0,34,1,0,11.7,87.5,La Libertad,12.8,0
11.6,137.0,26,1,0,14.9,87.4,La Libertad,11.6,0
12.9,137.0,26,1,0,13.6,89.5,La Libertad,12.9,0
10.8,137.0,15,1,0,10.8,79.4,La Libertad,10.8,1
11.6,137.0,25,1,0,12.6,85.6,La Libertad,11.6,0
11.4,24.0,17,1,0,10.9,80.0,La Libertad,11.4,0
11.9,24.0,11,1,0,8.6,70.5,La Libertad,11.9,0
10.4,24.0,8,1,0,9.7,68.0,La Libertad,10.4,1
11.4,19.0,34,1,0,13.4,91.9,La Libertad,11.4,0
12.2,19.0,16,0,0,9.4,72.3,La Libertad,12.2,0
12.5,65.0,10,1,0,10.4,73.0,La Libertad,12.5,0
12.7,65.0,10,1,0,11.4,74.5,La Libertad,12.7,0
11.2,25.0,8,0,0,6.6,66.5,La Libertad,11.2,0
11.6,25.0,32,0,0,12.5,86.2,La Libertad,11.6,0
13.1,25.0,25,1,0,10.8,83.2,La Libertad,13.1,0
12.5,25.0,16,1,0,8.7,76.0,La Libertad,12.5,0
12.1,124.0,20,1,0,11.6,82.5,La Libertad,12.1,0
11.1,124.0,19,1,0,10.6,78.7,La Libertad,11.1,0
12.5,124.0,14,0,0,10.1,78.7,La Libertad,12.5,0
11.5,124.0,22,1,0,14.7,90.8,La Libertad,11.5,0
11.4,124.0,8,0,0,7.4,67.7,La Libertad,11.4,0
9.7,109.0,17,0,0,9.8,77.0,La Libertad,9.7,1
11.2,109.0,29,0,0,14.6,90.1,La Libertad,11.2,0
11.2,109.0,19,1,0,13.1,83.1,La Libertad,11.2,0
14.2,3183.0,19,0,0,15.6,83.3,La Libertad,14.08,0
12.8,3183.0,18,0,0,9.4,77.6,La Libertad,12.68,0
14.8,3183.0,28,0,0,13.3,86.7,La Libertad,14.68,0
13.9,3183.0,34,1,0,12.8,88.8,La Libertad,13.78,0
12.8,3169.0,14,1,0,8.5,70.2,La Libertad,12.68,0
12.6,3169.0,24,1,0,12.2,86.9,La Libertad,12.48,0
12.1,134.0,17,0,1,10.9,78.1,La Libertad,12.1,0
10.5,134.0,12,0,1,9.7,70.5,La Libertad,10.5,1
12.0,134.0,32,1,1,16.2,93.0,La Libertad,12.0,0
9.6,134.0,8,1,1,8.2,67.0,La Libertad,9.6,1
13.1,3321.0,8,0,1,7.3,64.3,La Libertad,12.96,0
14.3,3321.0,24,0,1,8.6,77.7,La Libertad,14.16,0
13.3,3321.0,24,0,1,10.9,80.5,La Libertad,13.16,0
13.7,3321.0,19,0,1,10.5,76.5,La Libertad,13.56,0
10.9,3321.0,25,1,1,14.2,85.1,La Libertad,10.76,1
13.1,3285.0,30,0,1,12.4,84.4,La Libertad,12.97,0
12.2,3285.0,10,1,1,9.2,70.0,La Libertad,12.07,0
13.9,3285.0,21,1,1,11.3,80.2,La Libertad,13.77,0
13.8,3285.0,7,1,1,7.4,67.1,La Libertad,13.67,0
13.3,3285.0,18,1,1,9.3,74.2,La Libertad,13.17,0
13.6,2026.0,27,1,1,14.1,87.4,La Libertad,13.57,0
11.2,2026.0,9,0,1,7.3,63.3,La Libertad,11.17,0
11.2,2026.0,6,0,1,6.8,63.8,La Libertad,11.17,0
12.0,2026.0,28,0,1,12.7,84.2,La Libertad,11.97,0
10.3,28.0,17,0,0,10.9,80.2,Lambayeque,10.3,1
11.3,28.0,13,0,0,8.9,70.8,Lambayeque,11.3,0
12.5,28.0,24,0,0,12.7,87.4,Lambayeque,12.5,0
10.8,28.0,21,0,0,11.8,83.4,Lambayeque,10.8,1
11.7,28.0,29,1,0,13.9,92.5,Lambayeque,11.7,0
11.4,28.0,21,0,0,11.2,82.2,Lambayeque,11.4,0
13.1,28.0,25,1,0,11.3,88.0,Lambayeque,13.1,0
11.5,28.0,26,1,0,12.2,86.7,Lambayeque,11.5,0
8.8,28.0,9,0,0,8.2,67.5,Lambayeque,8.8,1
12.4,28.0,21,1,0,12.9,85.7,Lambayeque,12.4,0
10.6,41.0,10,1,0,9.0,71.0,Lambayeque,10.6,1
10.9,41.0,28,0,0,12.8,87.3,Lambayeque,10.9,1
10.3,41.0,17,1,0,10.6,77.5,Lambayeque,10.3,1
12.5,41.0,22,0,0,13.9,85.3,Lambayeque,12.5,0
11.7,41.0,13,1,0,10.0,74.1,Lambayeque,11.7,0
12.6,41.0,15,1,0,9.7,75.5,Lambayeque,12.6,0
10.8,41.0,28,1,0,13.5,91.0,Lambayeque,10.8,1
11.3,41.0,23,0,0,12.0,84.0,Lambayeque,11.3,0
11.4,41.0,32,0,0,12.7,86.1,Lambayeque,11.4,0
11.3,41.0,15,1,0,10.5,79.0,Lambayeque,11.3,0
11.1,41.0,12,0,0,9.1,71.9,Lambayeque,11.1,0
9.9,41.0,26,1,0,10.4,82.7,Lambayeque,9.9,1
12.9,41.0,28,0,0,14.0,89.7,Lambayeque,12.9,0
11.2,41.0,22,0,0,12.2,82.3,Lambayeque,11.2,0
11.3,36.0,34,0,0,13.6,92.2,Lambayeque,11.3,0
11.8,36.0,23,0,0,14.8,86.5,Lambayeque,11.8,0
12.2,36.0,12,1,0,11.5,75.6,Lambayeque,12.2,0
10.6,36.0,20,0,0,11.7,82.8,Lambayeque,10.6,1
10.3,183.0,13,0,0,9.6,72.3,Lambayeque,10.3,1
10.8,183.0,26,0,0,14.3,90.7,Lambayeque,10.8,1
12.0,14.0,11,0,0,9.0,74.2,Lambayeque,12.0,0
12.2,14.0,20,0,0,10.3,78.7,Lambayeque,12.2,0
11.9,14.0,31,0,0,11.3,87.4,Lambayeque,11.9,0
12.9,14.0,17,0,0,11.1,79.1,Lambayeque,12.9,0
10.5,14.0,20,1,0,12.5,80.9,Lambayeque,10.5,1
9.4,14.0,27,1,0,13.3,88.5,Lambayeque,9.4,1
10.6,86.0,11,1,0,8.2,73.1,Lambayeque,10.6,1
10.5,86.0,20,0,0,11.6,82.6,Lambayeque,10.5,1
11.1,86.0,21,0,0,9.3,76.2,Lambayeque,11.1,0
11.4,86.0,14,1,0,7.7,70.7,Lambayeque,11.4,0
11.3,61.0,10,0,0,8.8,69.2,Lambayeque,11.3,0
11.7,61.0,29,1,0,12.9,91.6,Lambayeque,11.7,0
11.0,38.0,16,1,0,8.0,72.4,Lambayeque,11.0,0
7.9,38.0,7,0,0,7.6,66.5,Lambayeque,7.9,1
11.8,24.0,10,1,0,9.5,74.2,Lambayeque,11.8,0
12.5,24.0,9,1,0,11.1,75.5,Lambayeque,12.5,0
10.9,24.0,31,1,0,14.2,96.0,Lambayeque,10.9,1
11.0,24.0,6,0,0,8.6,63.4,Lambayeque,11.0,0
10.7,24.0,6,1,0,7.5,65.0,Lambayeque,10.7,1
10.9,24.0,27,1,0,12.1,86.2,Lambayeque,10.9,1
11.8,24.0,21,0,0,11.3,83.0,Lambayeque,11.8,0
12.2,24.0,13,0,0,9.0,73.0,Lambayeque,12.2,0
12.2,5.0,31,0,0,15.1,92.2,Lambayeque,12.2,0
9.2,5.0,13,1,0,12.8,77.3,Lambayeque,9.2,1
12.5,5.0,31,0,0,10.4,84.1,Lambayeque,12.5,0
10.0,5.0,11,1,0,9.2,71.0,Lambayeque,10.0,1
12.2,5.0,28,1,0,14.4,91.0,Lambayeque,12.2,0
13.1,5.0,34,0,0,15.2,90.8,Lambayeque,13.1,0
11.2,140.0,33,1,0,13.0,88.3,Lambayeque,11.2,0
11.3,140.0,28,0,0,14.2,91.0,Lambayeque,11.3,0
12.9,140.0,32,1,0,17.2,96.6,Lambayeque,12.9,0
10.1,140.0,31,1,0,14.9,99.6,Lambayeque,10.1,1
11.9,140.0,18,1,0,11.8,84.3,Lambayeque,11.9,0
11.2,140.0,14,0,0,9.3,76.5,Lambayeque,11.2,0
11.4,140.0,27,0,0,11.4,84.4,Lambayeque,11.4,0
12.7,2622.0,30,0,1,14.5,86.7,Lambayeque,12.63,0
12.9,2622.0,34,0,1,14.1,89.6,Lambayeque,12.83,0
11.9,33.0,26,0,1,11.4,84.4,Lambayeque,11.9,0
8.3,33.0,16,0,1,9.2,73.6,Lambayeque,8.3,1
10.7,33.0,19,0,1,8.1,73.0,Lambayeque,10.7,1
9.6,33.0,17,1,1,9.3,76.7,Lambayeque,9.6,1
11.5,33.0,20,0,1,8.9,80.4,Lambayeque,11.5,0
11.0,33.0,16,1,1,10.8,75.5,Lambayeque,11.0,0
11.9,33.0,11,1,1,9.4,69.6,Lambayeque,11.9,0
11.1,33.0,7,1,1,8.8,70.4,Lambayeque,11.1,0
11.8,33.0,31,1,1,13.5,87.3,Lambayeque,11.8,0
12.2,1901.0,7,0,1,11.6,68.2,Lambayeque,12.18,0
11.7,1901.0,6,1,1,9.6,69.1,Lambayeque,11.68,0
12.6,1901.0,28,1,1,11.9,87.0,Lambayeque,12.58,0
11.2,1901.0,34,0,1,12.0,86.6,Lambayeque,11.18,0
12.3,162.0,14,0,0,12.1,78.5,Lima,12.3,0
9.6,162.0,17,1,0,10.9,76.5,Lima,9.6,1
10.7,14.0,16,1,0,10.5,79.0,Lima,10.7,1
10.1,14.0,35,1,0,12.5,85.9,Lima,10.1,1
11.9,14.0,22,1,0,12.5,82.2,Lima,11.9,0
10.6,378.0,26,1,0,12.9,84.4,Lima,10.6,1
12.6,378.0,27,1,0,12.1,84.0,Lima,12.6,0
12.0,378.0,18,1,0,9.8,76.2,Lima,12.0,0
12.1,378.0,32,1,0,17.2,97.5,Lima,12.1,0
11.0,378.0,8,1,0,8.1,69.5,Lima,11.0,0
11.8,378.0,16,1,0,9.9,78.0,Lima,11.8,0
13.4,378.0,14,1,0,10.0,76.5,Lima,13.4,0
10.9,238.0,27,1,0,13.3,88.0,Lima,10.9,1
10.0,238.0,23,1,0,11.9,82.0,Lima,10.0,1
11.4,238.0,9,1,0,7.9,71.2,Lima,11.4,0
13.1,238.0,30,0,0,13.8,88.7,Lima,13.1,0
11.2,238.0,14,1,0,10.0,77.5,Lima,11.2,0
10.5,238.0,15,1,0,9.9,75.8,Lima,10.5,1
10.7,238.0,22,0,0,11.0,79.5,Lima,10.7,1
11.4,238.0,19,0,0,10.1,78.7,Lima,11.4,0
11.9,238.0,16,0,0,9.8,76.0,Lima,11.9,0
11.8,68.0,33,1,0,15.1,92.5,Lima,11.8,0
11.0,68.0,23,1,0,11.4,81.9,Lima,11.0,0
9.7,68.0,29,1,0,12.5,88.3,Lima,9.7,1
10.6,68.0,26,1,0,12.4,89.5,Lima,10.6,1
10.3,68.0,25,1,0,11.8,82.8,Lima,10.3,1
11.7,68.0,7,1,0,9.7,70.5,Lima,11.7,0
11.5,68.0,24,1,0,12.5,88.4,Lima,11.5,0
11.5,68.0,23,0,0,13.4,83.5,Lima,11.5,0
11.9,68.0,10,0,0,8.4,70.6,Lima,11.9,0
11.2,68.0,30,0,0,15.0,92.2,Lima,11.2,0
10.1,68.0,25,0,0,12.8,83.5,Lima,10.1,1
11.5,68.0,32,1,0,15.2,90.0,Lima,11.5,0
13.1,68.0,34,1,0,14.6,91.2,Lima,13.1,0
10.8,68.0,7,1,0,9.5,72.5,Lima,10.8,1
11.6,68.0,10,1,0,10.0,72.8,Lima,11.6,0
11.6,107.0,9,1,0,10.2,74.5,Lima,11.6,0
11.8,107.0,11,1,0,13.1,74.2,Lima,11.8,0
10.1,107.0,29,1,0,13.6,87.7,Lima,10.1,1
11.6,107.0,14,0,0,11.7,77.9,Lima,11.6,0
11.0,107.0,9,0,0,8.3,68.5,Lima,11.0,0
12.8,107.0,30,1,0,14.2,91.1,Lima,12.8,0
9.7,107.0,15,1,0,10.6,76.6,Lima,9.7,1
11.3,107.0,25,1,0,14.3,89.7,Lima,11.3,0
10.5,111.0,23,0,0,10.1,80.5,Lima,10.5,1
10.3,111.0,6,0,0,7.3,66.5,Lima,10.3,1
9.6,111.0,10,1,0,9.0,69.7,Lima,9.6,1
9.2,111.0,6,0,0,8.7,68.2,Lima,9.2,1
12.7,111.0,19,1,0,12.5,80.5,Lima,12.7,0
10.9,111.0,21,0,0,10.7,77.2,Lima,10.9,1
12.1,111.0,26,1,0,13.3,88.5,Lima,12.1,0
10.4,111.0,24,1,0,11.3,84.7,Lima,10.4,1
11.8,111.0,17,1,0,9.9,80.2,Lima,11.8,0
12.3,262.0,24,0,0,15.0,88.9,Lima,12.3,0
11.4,142.0,12,0,0,13.0,77.2,Lima,11.4,0
11.9,142.0,13,0,0,9.0,71.4,Lima,11.9,0
13.4,142.0,20,0,0,10.3,77.4,Lima,13.4,0
12.5,142.0,19,1,0,11.3,76.8,Lima,12.5,0
12.3,67.0,25,0,0,12.9,89.6,Lima,12.3,0
10.3,67.0,13,0,0,10.3,74.4,Lima,10.3,1
13.0,879.0,26,0,0,10.5,80.7,Lima,13.0,0
11.6,879.0,30,1,0,13.7,91.1,Lima,11.6,0
10.0,879.0,7,0,0,8.5,68.9,Lima,10.0,1
10.1,114.0,11,0,0,9.4,72.3,Lima,10.1,1
11.1,114.0,29,0,0,13.3,90.8,Lima,11.1,0
11.9,114.0,10,1,0,8.8,66.8,Lima,11.9,0
11.2,187.0,7,1,0,9.4,70.5,Lima,11.2,0
9.7,187.0,16,0,0,11.5,83.2,Lima,9.7,1
11.7,187.0,35,1,0,13.5,93.6,Lima,11.7,0
11.5,187.0,11,0,0,8.2,68.1,Lima,11.5,0
11.8,187.0,31,0,0,12.6,82.9,Lima,11.8,0
12.3,187.0,29,1,0,12.3,88.5,Lima,12.3,0
11.5,187.0,16,1,0,11.2,79.6,Lima,11.5,0
11.3,187.0,18,1,0,9.5,73.8,Lima,11.3,0
11.7,187.0,15,1,0,10.9,78.7,Lima,11.7,0
11.3,187.0,22,1,0,11.2,80.0,Lima,11.3,0
9.5,187.0,24,0,0,14.2,86.1,Lima,9.5,1
11.3,153.0,31,0,0,16.8,91.0,Lima,11.3,0
11.5,153.0,32,0,0,13.4,93.0,Lima,11.5,0
11.6,222.0,18,0,0,9.4,77.5,Lima,11.6,0
10.9,222.0,24,1,0,12.1,83.1,Lima,10.9,1
10.2,222.0,16,0,0,9.0,76.4,Lima,10.2,1
12.4,222.0,30,1,0,13.2,89.0,Lima,12.4,0
11.4,222.0,19,1,0,11.4,75.9,Lima,11.4,0
9.8,222.0,18,0,0,11.9,78.7,Lima,9.8,1
11.5,222.0,12,1,0,12.7,75.5,Lima,11.5,0
11.7,222.0,30,1,0,14.0,89.8,Lima,11.7,0
10.2,222.0,9,1,0,10.6,75.2,Lima,10.2,1
8.0,222.0,7,0,0,8.2,65.6,Lima,8.0,1
10.2,222.0,27,1,0,13.2,87.2,Lima,10.2,1
11.8,222.0,13,1,0,10.8,77.1,Lima,11.8,0
11.9,222.0,12,1,0,11.1,78.0,Lima,11.9,0
12.0,222.0,26,0,0,16.7,94.8,Lima,12.0,0
10.6,222.0,33,1,0,11.6,86.2,Lima,10.6,1
8.3,222.0,12,1,0,12.8,81.2,Lima,8.3,1
11.7,222.0,7,0,0,8.8,68.2,Lima,11.7,0
10.1,222.0,8,1,0,8.8,72.0,Lima,10.1,1
11.9,133.0,27,0,0,18.0,91.5,Lima,11.9,0
12.2,133.0,23,1,0,15.6,90.5,Lima,12.2,0
10.0,133.0,29,0,0,13.5,88.0,Lima,10.0,1
11.8,133.0,25,1,0,16.3,91.3,Lima,11.8,0
11.2,133.0,6,1,0,7.4,66.3,Lima,11.2,0
11.1,133.0,35,0,0,12.5,92.8,Lima,11.1,0
11.7,133.0,12,1,0,10.6,71.9,Lima,11.7,0
10.6,133.0,12,0,0,9.6,73.2,Lima,10.6,1
12.6,133.0,24,1,0,11.8,84.9,Lima,12.6,0
11.9,133.0,15,1,0,11.2,78.6,Lima,11.9,0
10.0,133.0,9,1,0,9.8,71.2,Lima,10.0,1
11.9,133.0,13,0,0,9.9,73.6,Lima,11.9,0
12.1,133.0,32,1,0,12.7,92.3,Lima,12.1,0
11.3,133.0,17,1,0,8.1,77.5,Lima,11.3,0
12.8,133.0,18,1,0,11.8,79.2,Lima,12.8,0
11.3,133.0,28,1,0,12.1,88.5,Lima,11.3,0
11.0,133.0,8,1,0,8.5,70.3,Lima,11.0,0
9.4,133.0,14,0,0,10.1,76.2,Lima,9.4,1
11.3,133.0,23,0,0,10.2,80.1,Lima,11.3,0
11.4,133.0,31,1,0,13.0,89.5,Lima,11.4,0
11.5,133.0,18,0,0,12.5,86.7,Lima,11.5,0
11.2,138.0,28,0,0,12.3,88.5,Lima,11.2,0
14.7,138.0,26,0,0,11.3,85.5,Lima,14.7,0
11.1,138.0,31,0,0,11.0,85.3,Lima,11.1,0
12.0,138.0,16,1,0,10.8,81.0,Lima,12.0,0
11.3,138.0,17,0,0,11.8,79.1,Lima,11.3,0
9.2,138.0,9,1,0,10.6,72.8,Lima,9.2,1
13.1,138.0,18,1,0,12.3,84.4,Lima,13.1,0
13.2,138.0,35,1,0,14.6,94.4,Lima,13.2,0
11.6,138.0,27,0,0,17.8,93.5,Lima,11.6,0
12.4,138.0,27,1,0,13.1,90.4,Lima,12.4,0
11.4,138.0,17,1,0,11.3,81.1,Lima,11.4,0
12.0,138.0,21,1,0,11.3,83.3,Lima,12.0,0
11.6,138.0,25,1,0,10.7,81.7,Lima,11.6,0
12.8,138.0,22,1,0,13.1,84.5,Lima,12.8,0
10.6,138.0,12,0,0,10.5,70.9,Lima,10.6,1
10.9,138.0,25,0,0,12.1,83.4,Lima,10.9,1
12.3,138.0,20,1,0,11.5,85.0,Lima,12.3,0
11.6,138.0,23,1,0,13.1,87.2,Lima,11.6,0
11.2,72.0,9,0,0,8.3,67.9,Lima,11.2,0
12.3,72.0,12,0,0,9.8,71.0,Lima,12.3,0
11.7,72.0,31,1,0,11.4,86.8,Lima,11.7,0
12.4,107.0,18,0,0,10.7,80.5,Lima,12.4,0
11.9,107.0,30,1,0,12.9,92.1,Lima,11.9,0
12.5,107.0,31,0,0,13.5,93.5,Lima,12.5,0
12.4,107.0,31,0,0,13.2,93.9,Lima,12.4,0
12.0,107.0,25,1,0,14.2,91.4,Lima,12.0,0
9.9,107.0,10,0,0,8.7,70.2,Lima,9.9,1
14.1,204.0,26,0,0,11.1,85.5,Lima,14.1,0
9.5,204.0,10,1,0,8.9,70.2,Lima,9.5,1
9.7,204.0,18,1,0,10.9,79.2,Lima,9.7,1
12.7,204.0,22,0,0,10.8,81.5,Lima,12.7,0
9.7,204.0,24,1,0,12.9,83.9,Lima,9.7,1
11.8,204.0,15,0,0,9.4,76.0,Lima,11.8,0
11.1,210.0,28,0,0,13.0,88.2,Lima,11.1,0
10.9,210.0,21,1,0,11.7,84.0,Lima,10.9,1
12.3,210.0,14,0,0,10.6,76.0,Lima,12.3,0
10.6,210.0,8,1,0,7.8,67.3,Lima,10.6,1
12.3,210.0,33,1,0,15.0,96.1,Lima,12.3,0
9.9,210.0,8,1,0,8.4,68.0,Lima,9.9,1
12.8,210.0,27,0,0,11.9,87.5,Lima,12.8,0
11.0,210.0,20,0,0,8.9,77.5,Lima,11.0,0
10.4,210.0,10,0,0,8.6,68.9,Lima,10.4,1
10.4,210.0,17,0,0,10.8,77.9,Lima,10.4,1
12.4,210.0,14,0,0,8.9,74.0,Lima,12.4,0
11.8,210.0,14,1,0,10.3,76.0,Lima,11.8,0
13.3,210.0,12,0,0,9.9,71.5,Lima,13.3,0
11.3,74.0,23,1,0,11.0,82.4,Lima,11.3,0
10.6,74.0,8,0,0,8.3,67.8,Lima,10.6,1
8.6,74.0,15,1,0,12.7,79.0,Lima,8.6,1
11.7,74.0,25,0,0,11.5,84.1,Lima,11.7,0
11.7,74.0,32,0,0,15.3,92.4,Lima,11.7,0
10.2,74.0,9,1,0,9.6,71.8,Lima,10.2,1
11.5,95.0,24,0,0,10.6,84.2,Lima,11.5,0
12.3,69.0,28,0,0,12.9,89.0,Lima,12.3,0
9.9,69.0,7,1,0,12.8,71.0,Lima,9.9,1
10.6,69.0,33,1,0,17.3,96.2,Lima,10.6,1
11.9,69.0,13,1,0,11.2,80.4,Lima,11.9,0
13.0,69.0,18,1,0,10.3,82.0,Lima,13.0,0
10.8,104.0,23,0,0,13.1,85.3,Lima,10.8,1
11.0,104.0,11,0,0,13.9,75.4,Lima,11.0,0
12.0,104.0,27,0,0,12.0,84.1,Lima,12.0,0
11.4,169.0,22,0,0,10.7,82.7,Lima,11.4,0
11.9,169.0,35,0,0,13.7,90.9,Lima,11.9,0
11.8,169.0,27,1,0,11.2,82.7,Lima,11.8,0
11.7,298.0,17,1,0,9.6,76.6,Lima,11.7,0
8.7,298.0,20,0,0,10.0,76.9,Lima,8.7,1
11.6,298.0,25,0,0,14.1,88.9,Lima,11.6,0
10.1,298.0,12,1,0,10.2,75.0,Lima,10.1,1
11.0,298.0,14,0,0,10.6,74.2,Lima,11.0,0
12.5,194.0,16,1,0,14.7,85.3,Lima,12.5,0
12.1,194.0,31,0,0,14.3,90.6,Lima,12.1,0
9.9,194.0,17,1,0,11.8,80.9,Lima,9.9,1
10.5,194.0,24,1,0,10.8,83.0,Lima,10.5,1
11.4,194.0,27,1,0,14.8,90.2,Lima,11.4,0
10.2,194.0,7,0,0,8.1,66.2,Lima,10.2,1
12.2,194.0,14,0,0,10.3,75.0,Lima,12.2,0
11.6,194.0,31,0,0,13.4,88.6,Lima,11.6,0
10.0,194.0,13,0,0,10.2,77.4,Lima,10.0,1
12.0,338.0,33,0,0,13.3,94.9,Lima,12.0,0
11.2,338.0,25,0,0,11.2,87.0,Lima,11.2,0
10.7,338.0,6,1,0,8.3,66.8,Lima,10.7,1
11.0,91.0,20,0,0,9.8,78.0,Lima,11.0,0
10.6,91.0,31,1,0,11.5,88.2,Lima,10.6,1
11.3,46.0,24,0,0,12.7,87.0,Lima,11.3,0
12.4,47.0,27,1,0,15.1,93.5,Lima,12.4,0
11.0,47.0,24,0,0,11.6,84.2,Lima,11.0,0
9.5,83.0,15,1,0,11.6,81.7,Lima,9.5,1
13.2,83.0,21,0,0,13.0,88.2,Lima,13.2,0
11.0,83.0,15,1,0,10.2,76.4,Lima,11.0,0
11.0,83.0,22,0,0,11.0,81.2,Lima,11.0,0
11.2,83.0,7,1,0,10.6,71.4,Lima,11.2,0
11.0,83.0,10,0,0,8.2,68.0,Lima,11.0,0
9.8,83.0,10,1,0,10.2,74.4,Lima,9.8,1
10.5,272.0,8,0,1,9.4,69.5,Lima,10.5,1
10.6,2672.0,20,1,1,11.2,81.7,Lima,10.53,1
11.8,2672.0,28,1,1,12.4,85.4,Lima,11.73,0
12.4,2672.0,30,0,1,11.6,84.2,Lima,12.33,0
12.6,2672.0,27,1,1,12.6,83.4,Lima,12.53,0
10.5,2672.0,7,0,1,7.8,67.3,Lima,10.43,1
12.2,2963.0,31,1,1,11.9,86.4,Lima,12.1,0
11.7,2963.0,30,0,1,12.9,86.2,Lima,11.6,0
11.4,2963.0,15,1,1,11.4,78.4,Lima,11.3,0
14.6,3185.0,26,1,1,14.6,88.8,Lima,14.48,0
12.5,107.0,32,0,0,15.3,94.4,Loreto,12.5,0
11.4,107.0,15,0,0,8.8,73.2,Loreto,11.4,0
10.0,107.0,6,0,0,8.1,66.2,Loreto,10.0,1
10.3,107.0,21,1,0,10.5,81.2,Loreto,10.3,1
10.1,107.0,25,1,0,10.8,82.5,Loreto,10.1,1
12.5,107.0,26,1,0,12.4,84.3,Loreto,12.5,0
11.3,107.0,24,1,0,14.7,89.9,Loreto,11.3,0
11.6,107.0,22,1,0,10.7,82.6,Loreto,11.6,0
11.4,107.0,21,1,0,12.3,84.5,Loreto,11.4,0
11.3,107.0,21,0,0,9.8,81.5,Loreto,11.3,0
10.3,107.0,11,1,0,9.5,72.7,Loreto,10.3,1
11.0,107.0,24,1,0,11.2,86.0,Loreto,11.0,0
11.6,107.0,21,0,0,9.0,75.0,Loreto,11.6,0
11.6,107.0,21,1,0,14.7,88.5,Loreto,11.6,0
12.3,107.0,23,0,0,11.8,84.2,Loreto,12.3,0
10.7,124.0,34,1,0,10.6,83.3,Loreto,10.7,1
9.7,124.0,30,0,0,9.8,82.4,Loreto,9.7,1
10.3,124.0,18,1,0,7.8,71.3,Loreto,10.3,1
10.1,124.0,22,1,0,10.2,80.2,Loreto,10.1,1
9.3,124.0,16,1,0,9.7,75.7,Loreto,9.3,1
11.3,124.0,19,0,0,7.1,72.6,Loreto,11.3,0
10.9,116.0,19,0,0,9.2,77.2,Loreto,10.9,1
10.5,116.0,26,1,0,10.4,84.4,Loreto,10.5,1
9.6,116.0,6,0,0,6.8,65.1,Loreto,9.6,1
8.7,116.0,13,1,0,8.8,73.7,Loreto,8.7,1
10.4,120.0,17,0,0,8.8,76.2,Loreto,10.4,1
12.3,120.0,20,0,0,10.7,78.9,Loreto,12.3,0
12.4,120.0,35,0,0,13.7,95.5,Loreto,12.4,0
12.3,150.0,24,0,0,11.2,84.3,Loreto,12.3,0
11.7,150.0,17,1,0,10.5,76.5,Loreto,11.7,0
12.4,150.0,18,0,0,8.3,73.4,Loreto,12.4,0
10.5,150.0,34,1,0,14.6,91.1,Loreto,10.5,1
11.7,150.0,24,1,0,11.7,83.5,Loreto,11.7,0
11.6,150.0,21,1,0,11.5,84.3,Loreto,11.6,0
10.5,116.0,11,0,0,8.9,70.6,Loreto,10.5,1
11.2,116.0,28,1,0,13.7,86.5,Loreto,11.2,0
7.8,116.0,11,0,0,8.5,71.7,Loreto,7.8,1
10.1,116.0,15,1,0,9.0,72.8,Loreto,10.1,1
10.9,138.0,34,1,0,15.4,96.3,Loreto,10.9,1
12.2,138.0,29,1,0,11.1,84.4,Loreto,12.2,0
10.9,138.0,22,1,0,11.8,83.9,Loreto,10.9,1
11.7,138.0,28,0,0,12.4,89.4,Loreto,11.7,0
11.2,138.0,17,1,0,8.4,72.5,Loreto,11.2,0
8.9,138.0,22,1,0,10.4,81.7,Loreto,8.9,1
10.1,138.0,13,1,0,9.2,73.1,Loreto,10.1,1
10.2,138.0,24,1,0,10.7,78.0,Loreto,10.2,1
11.8,138.0,12,0,0,8.5,71.6,Loreto,11.8,0
10.9,130.0,18,0,0,10.1,79.2,Loreto,10.9,1
8.8,130.0,16,1,0,10.6,75.4,Loreto,8.8,1
10.7,107.0,15,0,1,9.1,73.2,Loreto,10.7,1
10.9,107.0,7,1,1,8.6,69.3,Loreto,10.9,1
11.2,107.0,25,1,1,11.7,83.2,Loreto,11.2,0
11.7,107.0,20,1,1,11.4,81.4,Loreto,11.7,0
10.3,107.0,30,1,1,10.8,83.6,Loreto,10.3,1
9.8,107.0,29,0,1,11.5,83.8,Loreto,9.8,1
11.6,107.0,29,1,1,12.0,89.2,Loreto,11.6,0
10.9,107.0,25,1,1,10.8,79.5,Loreto,10.9,1
10.0,103.0,9,0,1,7.9,69.0,Loreto,10.0,1
11.5,103.0,8,0,1,10.0,70.7,Loreto,11.5,0
11.1,115.0,12,1,1,11.6,74.6,Loreto,11.1,0
10.3,107.0,7,0,1,7.5,66.6,Loreto,10.3,1
10.0,107.0,25,0,1,9.2,81.7,Loreto,10.0,1
10.0,107.0,16,0,1,11.7,81.4,Loreto,10.0,1
10.7,107.0,13,0,1,9.7,75.2,Loreto,10.7,1
8.9,146.0,17,0,1,9.2,76.6,Loreto,8.9,1
10.4,146.0,28,1,1,11.0,83.5,Loreto,10.4,1
10.2,132.0,24,0,1,10.0,81.3,Loreto,10.2,1
9.3,132.0,10,0,1,8.0,68.5,Loreto,9.3,1
11.1,132.0,29,1,1,11.3,83.1,Loreto,11.1,0
9.3,132.0,6,0,1,6.7,65.5,Loreto,9.3,1
8.8,132.0,14,1,1,9.3,74.3,Loreto,8.8,1
10.0,204.0,6,0,0,8.9,66.7,Madre de Dios,10.0,1
11.4,204.0,31,0,0,11.3,84.5,Madre de Dios,11.4,0
10.0,204.0,20,1,0,10.3,79.8,Madre de Dios,10.0,1
11.6,204.0,28,0,0,15.0,90.4,Madre de Dios,11.6,0
10.2,204.0,9,1,0,7.9,68.7,Madre de Dios,10.2,1
11.0,204.0,13,1,0,9.4,76.1,Madre de Dios,11.0,0
9.3,204.0,8,1,0,8.4,71.1,Madre de Dios,9.3,1
10.6,204.0,23,0,0,12.3,87.2,Madre de Dios,10.6,1
9.0,204.0,27,1,0,11.6,97.5,Madre de Dios,9.0,1
10.9,204.0,16,0,0,7.8,75.5,Madre de Dios,10.9,1
11.2,204.0,20,0,0,13.0,81.1,Madre de Dios,11.2,0
11.6,204.0,16,1,0,11.0,81.9,Madre de Dios,11.6,0
7.4,204.0,13,1,0,10.9,76.4,Madre de Dios,7.4,1
11.0,204.0,17,1,0,9.9,79.9,Madre de Dios,11.0,0
11.8,204.0,14,0,0,6.7,69.7,Madre de Dios,11.8,0
10.3,204.0,34,1,0,13.4,97.8,Madre de Dios,10.3,1
11.8,204.0,31,1,0,12.2,90.0,Madre de Dios,11.8,0
9.8,204.0,11,1,0,10.4,73.8,Madre de Dios,9.8,1
10.0,204.0,8,0,0,7.6,67.4,Madre de Dios,10.0,1
9.4,204.0,23,0,0,9.8,80.7,Madre de Dios,9.4,1
10.2,204.0,6,1,0,7.4,67.8,Madre de Dios,10.2,1
10.5,204.0,6,1,0,8.4,67.7,Madre de Dios,10.5,1
11.3,204.0,35,1,0,13.6,91.8,Madre de Dios,11.3,0
10.3,204.0,10,0,0,9.1,69.5,Madre de Dios,10.3,1
9.2,204.0,33,1,0,14.4,91.7,Madre de Dios,9.2,1
11.4,204.0,6,0,0,7.8,68.9,Madre de Dios,11.4,0
9.5,204.0,25,1,0,10.5,79.9,Madre de Dios,9.5,1
10.9,204.0,15,0,0,8.1,71.9,Madre de Dios,10.9,1
11.8,204.0,19,0,0,8.7,76.3,Madre de Dios,11.8,0
11.2,204.0,15,0,0,10.1,79.6,Madre de Dios,11.2,0
9.9,351.0,10,0,0,9.0,72.5,Madre de Dios,9.9,1
10.6,351.0,16,1,0,10.4,77.0,Madre de Dios,10.6,1
10.7,351.0,29,0,0,10.8,82.3,Madre de Dios,10.7,1
10.5,177.0,20,0,0,9.2,80.0,Madre de Dios,10.5,1
10.9,177.0,21,1,0,11.5,83.1,Madre de Dios,10.9,1
10.7,177.0,17,0,0,7.8,73.3,Madre de Dios,10.7,1
10.1,177.0,18,0,0,8.4,75.0,Madre de Dios,10.1,1
10.1,177.0,31,1,0,13.1,87.3,Madre de Dios,10.1,1
9.4,177.0,7,1,0,7.2,65.5,Madre de Dios,9.4,1
11.2,177.0,26,0,0,11.9,85.5,Madre de Dios,11.2,0
13.3,444.0,34,0,0,13.2,88.9,Madre de Dios,13.3,0
11.5,232.0,23,0,1,10.8,84.9,Madre de Dios,11.5,0
10.8,232.0,19,1,1,10.5,80.5,Madre de Dios,10.8,1
9.8,232.0,14,1,1,10.0,79.3,Madre de Dios,9.8,1
9.9,535.0,6,1,1,9.1,66.2,Madre de Dios,9.9,1
11.8,535.0,32,0,1,11.8,89.4,Madre de Dios,11.8,0
11.3,535.0,27,0,1,11.8,85.3,Madre de Dios,11.3,0
11.2,535.0,20,0,1,10.3,79.6,Madre de Dios,11.2,0
10.1,535.0,35,1,1,15.2,95.7,Madre de Dios,10.1,1
12.7,535.0,24,0,1,11.1,83.5,Madre de Dios,12.7,0
10.2,535.0,11,0,1,7.4,72.2,Madre de Dios,10.2,1
11.5,535.0,17,1,1,11.9,81.3,Madre de Dios,11.5,0
11.0,535.0,27,1,1,13.0,91.5,Madre de Dios,11.0,0
9.8,535.0,12,1,1,10.8,76.3,Madre de Dios,9.8,1
11.3,535.0,7,1,1,9.4,70.8,Madre de Dios,11.3,0
9.4,535.0,20,1,1,13.3,84.1,Madre de Dios,9.4,1
10.7,292.0,25,0,1,10.8,80.1,Madre de Dios,10.7,1
9.3,292.0,11,1,1,9.3,72.6,Madre de Dios,9.3,1
7.3,292.0,18,1,1,10.0,77.8,Madre de Dios,7.3,1
10.8,292.0,31,0,1,13.0,88.6,Madre de Dios,10.8,1
10.0,292.0,11,1,1,11.0,77.6,Madre de Dios,10.0,1
10.0,292.0,23,0,1,11.7,86.7,Madre de Dios,10.0,1
9.0,257.0,14,1,1,11.9,78.9,Madre de Dios,9.0,1
11.0,257.0,35,0,1,11.6,90.2,Madre de Dios,11.0,0
11.8,257.0,34,0,1,14.3,93.4,Madre de Dios,11.8,0
10.2,257.0,14,1,1,11.8,81.5,Madre de Dios,10.2,1
9.4,257.0,8,1,1,11.1,70.4,Madre de Dios,9.4,1
10.6,257.0,28,0,1,13.5,89.6,Madre de Dios,10.6,1
12.6,1428.0,33,1,0,15.2,94.4,Moquegua,12.6,0
13.4,1428.0,29,1,0,14.4,93.2,Moquegua,13.4,0
10.4,1428.0,6,0,0,8.3,66.4,Moquegua,10.4,1
12.8,1428.0,12,1,0,9.2,75.6,Moquegua,12.8,0
12.0,1428.0,29,0,0,12.2,87.4,Moquegua,12.0,0
11.0,1428.0,10,0,0,8.1,68.2,Moquegua,11.0,0
12.7,1428.0,26,0,0,10.4,82.2,Moquegua,12.7,0
11.7,1428.0,29,0,0,14.1,93.4,Moquegua,11.7,0
11.0,1428.0,16,1,0,8.2,72.9,Moquegua,11.0,0
12.8,1428.0,34,1,0,15.2,96.3,Moquegua,12.8,0
11.4,1380.0,10,1,0,11.7,74.2,Moquegua,11.4,0
10.9,1380.0,26,1,0,11.5,83.5,Moquegua,10.9,1
10.8,1380.0,8,1,0,8.4,69.5,Moquegua,10.8,1
11.4,1380.0,6,0,0,8.4,66.1,Moquegua,11.4,0
10.0,1380.0,13,1,0,8.4,74.6,Moquegua,10.0,1
12.3,1380.0,29,1,0,13.2,92.1,Moquegua,12.3,0
11.4,1380.0,28,1,0,12.7,91.2,Moquegua,11.4,0
10.9,1380.0,10,1,0,11.4,75.8,Moquegua,10.9,1
12.6,1615.0,17,1,0,14.5,86.9,Moquegua,12.59,0
12.9,1615.0,31,1,0,15.2,93.4,Moquegua,12.89,0
12.5,1615.0,28,0,0,11.6,88.4,Moquegua,12.49,0
13.2,2090.0,20,0,0,10.6,80.5,Moquegua,13.17,0
10.7,2090.0,6,0,0,8.5,66.1,Moquegua,10.67,1
11.0,2152.0,9,0,0,7.7,68.5,Moquegua,10.97,1
12.4,2152.0,10,0,0,7.7,68.8,Moquegua,12.37,0
11.7,2152.0,10,1,0,10.4,76.7,Moquegua,11.67,0
12.1,2152.0,22,1,0,11.9,85.0,Moquegua,12.07,0
13.6,2152.0,25,1,0,12.8,87.2,Moquegua,13.57,0
10.9,33.0,34,0,0,18.7,96.1,Moquegua,10.9,1
11.8,33.0,27,0,0,13.1,87.8,Moquegua,11.8,0
10.8,33.0,13,0,0,9.4,73.1,Moquegua,10.8,1
11.7,33.0,30,1,0,16.5,97.6,Moquegua,11.7,0
10.8,33.0,30,0,0,15.0,90.3,Moquegua,10.8,1
11.5,33.0,16,1,0,11.2,82.3,Moquegua,11.5,0
9.3,33.0,34,1,0,16.4,98.3,Moquegua,9.3,1
11.6,33.0,10,0,0,9.8,73.0,Moquegua,11.6,0
12.6,33.0,15,0,0,12.9,82.2,Moquegua,12.6,0
12.1,33.0,22,0,0,9.9,82.8,Moquegua,12.1,0
12.6,33.0,31,1,0,16.6,95.4,Moquegua,12.6,0
11.4,33.0,21,1,0,14.7,88.0,Moquegua,11.4,0
12.2,33.0,21,1,0,12.5,84.6,Moquegua,12.2,0
12.2,33.0,26,0,0,12.5,85.9,Moquegua,12.2,0
10.7,33.0,6,1,0,9.1,68.5,Moquegua,10.7,1
10.5,33.0,9,1,0,10.7,73.8,Moquegua,10.5,1
10.9,33.0,34,1,0,17.0,94.7,Moquegua,10.9,1
10.5,33.0,7,0,0,7.7,68.4,Moquegua,10.5,1
12.5,33.0,9,0,0,8.9,67.6,Moquegua,12.5,0
11.8,33.0,34,0,0,14.6,91.0,Moquegua,11.8,0
11.8,33.0,32,0,0,11.1,89.6,Moquegua,11.8,0
12.7,33.0,8,1,0,9.9,71.5,Moquegua,12.7,0
11.5,33.0,30,1,0,13.5,91.3,Moquegua,11.5,0
10.8,33.0,34,0,0,15.8,95.7,Moquegua,10.8,1
10.6,33.0,11,0,0,9.2,73.5,Moquegua,10.6,1
10.9,33.0,25,1,0,11.7,86.7,Moquegua,10.9,1
11.8,33.0,13,0,0,9.6,77.3,Moquegua,11.8,0
12.4,33.0,24,1,0,13.3,85.9,Moquegua,12.4,0
11.0,33.0,24,1,0,13.0,87.1,Moquegua,11.0,0
11.4,33.0,23,0,0,13.3,89.3,Moquegua,11.4,0
11.2,77.0,6,1,0,7.8,68.6,Moquegua,11.2,0
12.4,77.0,27,0,0,11.0,81.9,Moquegua,12.4,0
12.3,3092.0,6,1,1,9.1,67.6,Moquegua,12.19,0
15.5,4373.0,33,1,0,12.5,84.8,Pasco,15.22,0
10.9,4373.0,13,1,0,7.6,67.2,Pasco,10.62,1
14.6,4373.0,28,1,0,11.3,79.7,Pasco,14.32,0
15.0,4373.0,31,0,0,10.7,81.6,Pasco,14.72,0
16.0,4373.0,25,0,0,6.6,72.0,Pasco,15.72,0
14.4,4373.0,21,1,0,10.4,81.5,Pasco,14.12,0
15.2,4373.0,32,1,0,11.5,85.7,Pasco,14.92,0
12.3,4354.0,14,1,0,10.1,74.1,Pasco,12.02,0
15.0,4354.0,29,1,0,12.1,86.8,Pasco,14.72,0
14.4,4354.0,24,1,0,11.7,82.6,Pasco,14.12,0
15.1,4354.0,6,0,0,7.8,67.6,Pasco,14.82,0
13.7,4279.0,24,0,0,12.0,85.1,Pasco,13.43,0
11.2,4279.0,18,0,0,9.7,75.8,Pasco,10.93,1
14.6,4279.0,18,1,0,10.8,78.4,Pasco,14.33,0
12.7,4279.0,22,0,0,9.9,80.2,Pasco,12.43,0
12.8,4279.0,14,1,0,10.3,76.8,Pasco,12.53,0
15.6,4279.0,33,1,0,13.7,90.7,Pasco,15.33,0
13.6,4128.0,20,0,0,9.9,79.6,Pasco,13.36,0
13.3,4128.0,8,1,0,8.1,70.7,Pasco,13.06,0
13.1,4128.0,8,0,0,8.1,66.9,Pasco,12.86,0
11.9,4128.0,9,1,0,11.2,75.4,Pasco,11.66,0
12.3,3506.0,10,0,0,8.0,66.0,Pasco,12.14,0
13.3,3713.0,24,0,0,9.2,79.1,Pasco,13.12,0
13.3,3713.0,16,0,0,7.7,70.3,Pasco,13.12,0
13.2,3713.0,20,1,0,9.4,75.1,Pasco,13.02,0
13.0,3713.0,33,0,0,12.7,90.3,Pasco,12.82,0
10.1,3713.0,12,1,0,9.7,75.9,Pasco,9.92,1
13.8,3713.0,33,0,0,14.4,90.2,Pasco,13.62,0
13.3,3713.0,11,1,0,7.6,71.3,Pasco,13.12,0
8.9,3716.0,13,1,0,11.1,74.7,Pasco,8.72,1
12.8,3716.0,24,1,0,11.6,82.8,Pasco,12.62,0
12.2,3716.0,6,0,0,7.3,63.8,Pasco,12.02,0
14.3,3716.0,18,0,0,11.1,78.0,Pasco,14.12,0
11.9,246.0,32,1,0,14.4,92.9,Pasco,11.9,0
10.3,246.0,8,0,0,8.7,67.7,Pasco,10.3,1
9.3,246.0,11,1,0,9.0,73.9,Pasco,9.3,1
10.8,246.0,18,0,0,9.5,78.5,Pasco,10.8,1
13.9,3387.0,34,1,1,12.9,89.7,Pasco,13.76,0
14.9,3387.0,33,1,1,13.5,88.4,Pasco,14.76,0
13.9,3387.0,12,0,1,7.6,68.7,Pasco,13.76,0
15.3,3387.0,6,0,1,8.1,62.7,Pasco,15.16,0
13.3,3387.0,12,0,1,8.7,68.2,Pasco,13.16,0
12.0,3578.0,18,1,1,9.5,80.1,Pasco,11.83,0
13.6,3578.0,6,1,1,8.9,68.4,Pasco,13.43,0
13.3,3578.0,13,1,1,9.9,72.9,Pasco,13.13,0
14.6,3578.0,28,1,1,12.6,87.8,Pasco,14.43,0
13.2,3542.0,20,1,1,10.8,83.6,Pasco,13.04,0
13.8,3542.0,30,1,1,15.8,94.7,Pasco,13.64,0
14.0,3542.0,7,1,1,8.1,64.7,Pasco,13.84,0
13.0,3648.0,24,0,1,10.2,81.6,Pasco,12.82,0
13.0,3648.0,11,1,1,8.9,71.4,Pasco,12.82,0
13.7,3648.0,18,1,1,10.6,80.9,Pasco,13.52,0
13.6,3648.0,33,0,1,10.9,85.9,Pasco,13.42,0
14.5,3648.0,35,0,1,12.4,89.4,Pasco,14.32,0
13.8,3648.0,17,1,1,10.3,77.6,Pasco,13.62,0
13.3,3648.0,31,0,1,10.4,83.5,Pasco,13.12,0
13.6,3648.0,32,0,1,11.8,90.0,Pasco,13.42,0
13.6,1829.0,35,1,1,14.6,93.6,Pasco,13.58,0
12.3,1829.0,27,0,1,15.5,96.9,Pasco,12.28,0
13.0,1829.0,25,0,1,15.0,88.2,Pasco,12.98,0
12.2,1829.0,21,1,1,16.5,85.6,Pasco,12.18,0
10.1,268.0,28,0,1,13.1,92.2,Pasco,10.1,1
11.7,268.0,26,1,1,10.6,83.8,Pasco,11.7,0
10.2,268.0,35,1,1,11.9,90.9,Pasco,10.2,1
10.2,268.0,13,1,1,10.1,75.2,Pasco,10.2,1
10.2,268.0,23,0,1,11.9,80.5,Pasco,10.2,1
11.6,268.0,22,1,1,10.1,77.8,Pasco,11.6,0
9.9,57.0,27,1,0,10.5,83.1,Piura,9.9,1
12.4,57.0,30,0,0,11.2,84.5,Piura,12.4,0
12.5,35.0,31,1,0,13.5,89.9,Piura,12.5,0
10.7,35.0,34,1,0,14.8,93.3,Piura,10.7,1
12.4,35.0,12,0,0,9.2,72.5,Piura,12.4,0
11.0,35.0,11,0,0,8.6,71.1,Piura,11.0,0
10.7,35.0,23,1,0,11.1,82.2,Piura,10.7,1
12.1,53.0,18,0,0,15.0,84.8,Piura,12.1,0
11.3,53.0,15,0,0,11.0,77.9,Piura,11.3,0
12.2,53.0,29,0,0,11.7,86.1,Piura,12.2,0
13.5,53.0,15,0,0,11.5,81.0,Piura,13.5,0
11.1,53.0,12,0,0,8.4,72.4,Piura,11.1,0
12.8,28.0,27,0,0,10.6,81.3,Piura,12.8,0
11.0,28.0,7,0,0,7.5,64.4,Piura,11.0,0
11.4,28.0,35,1,0,12.2,84.0,Piura,11.4,0
12.2,27.0,28,0,0,14.7,91.6,Piura,12.2,0
9.9,27.0,13,0,0,8.2,73.0,Piura,9.9,1
12.6,135.0,23,1,0,10.0,83.8,Piura,12.6,0
10.4,135.0,6,1,0,7.1,64.8,Piura,10.4,1
11.3,135.0,31,0,0,12.2,87.1,Piura,11.3,0
12.4,135.0,16,1,0,10.6,73.8,Piura,12.4,0
10.7,135.0,29,0,0,11.5,85.4,Piura,10.7,1
10.2,135.0,8,0,0,9.4,72.2,Piura,10.2,1
10.8,135.0,12,0,0,7.9,69.1,Piura,10.8,1
12.2,135.0,18,1,0,10.8,82.2,Piura,12.2,0
10.6,71.0,29,1,0,12.5,85.9,Piura,10.6,1
11.0,71.0,35,0,0,13.8,96.6,Piura,11.0,0
12.9,71.0,23,0,0,10.3,83.4,Piura,12.9,0
11.8,71.0,7,1,0,8.2,69.2,Piura,11.8,0
11.6,71.0,14,0,0,9.5,75.0,Piura,11.6,0
9.8,20.0,10,0,0,10.7,73.7,Piura,9.8,1
11.7,20.0,26,0,0,11.4,84.7,Piura,11.7,0
11.4,77.0,9,1,0,9.6,72.1,Piura,11.4,0
11.0,77.0,13,0,0,9.0,70.8,Piura,11.0,0
11.9,66.0,23,0,0,12.1,82.5,Piura,11.9,0
10.7,66.0,16,0,0,9.7,78.3,Piura,10.7,1
10.2,66.0,16,1,0,8.8,77.3,Piura,10.2,1
11.4,66.0,32,0,0,13.0,91.1,Piura,11.4,0
10.8,66.0,11,0,0,9.1,71.2,Piura,10.8,1
11.4,66.0,21,1,0,11.6,88.1,Piura,11.4,0
12.6,66.0,33,0,0,13.9,95.0,Piura,12.6,0
12.4,71.0,22,1,0,10.4,84.2,Piura,12.4,0
11.8,71.0,30,0,0,14.1,88.2,Piura,11.8,0
11.8,71.0,27,0,0,11.0,85.9,Piura,11.8,0
10.7,25.0,32,1,0,10.3,82.3,Piura,10.7,1
11.5,25.0,10,1,0,7.9,68.3,Piura,11.5,0
10.4,25.0,16,1,0,11.2,79.1,Piura,10.4,1
12.0,25.0,27,0,0,11.4,82.7,Piura,12.0,0
12.0,25.0,31,1,0,10.6,81.9,Piura,12.0,0
11.0,25.0,26,0,0,11.1,82.7,Piura,11.0,0
11.5,25.0,34,0,0,13.2,92.1,Piura,11.5,0
11.7,25.0,25,0,0,10.0,82.3,Piura,11.7,0
12.7,18.0,28,1,0,11.1,86.3,Piura,12.7,0
11.7,18.0,25,0,0,11.3,80.2,Piura,11.7,0
11.4,18.0,31,0,0,13.8,84.5,Piura,11.4,0
10.7,18.0,6,1,0,8.4,66.9,Piura,10.7,1
10.8,18.0,10,0,0,8.4,68.5,Piura,10.8,1
11.3,18.0,18,1,0,9.4,80.9,Piura,11.3,0
11.1,20.0,23,0,0,11.3,81.3,Piura,11.1,0
12.9,20.0,18,0,0,9.2,74.7,Piura,12.9,0
10.9,47.0,12,0,1,8.9,70.8,Piura,10.9,1
9.4,47.0,6,1,1,7.1,63.6,Piura,9.4,1
11.4,148.0,21,1,1,10.5,84.2,Piura,11.4,0
10.8,148.0,22,1,1,11.0,82.4,Piura,10.8,1
12.8,148.0,33,1,1,11.1,87.9,Piura,12.8,0
13.1,148.0,10,0,1,8.6,70.4,Piura,13.1,0
10.6,2291.0,34,0,1,12.5,87.5,Piura,10.56,1
11.8,2291.0,11,1,1,8.5,70.1,Piura,11.76,0
12.8,2291.0,20,0,1,11.0,77.7,Piura,12.76,0
13.7,2291.0,35,1,1,14.6,94.5,Piura,13.66,0
13.7,2291.0,22,0,1,11.0,81.5,Piura,13.66,0
12.4,2291.0,30,0,1,11.1,84.2,Piura,12.36,0
11.4,2421.0,10,0,1,10.6,72.7,Piura,11.35,0
13.1,2421.0,32,1,1,12.2,87.3,Piura,13.05,0
10.9,2421.0,6,0,1,8.3,66.2,Piura,10.85,1
9.4,2421.0,10,0,1,6.7,64.4,Piura,9.35,1
10.4,2421.0,10,0,1,6.7,64.8,Piura,10.35,1
12.2,2496.0,34,1,1,13.3,89.9,Piura,12.14,0
12.3,2496.0,11,1,1,8.0,68.5,Piura,12.24,0
11.9,2496.0,6,0,1,7.9,63.7,Piura,11.84,0
12.9,2496.0,27,1,1,12.1,84.9,Piura,12.84,0
11.8,2496.0,25,0,1,12.0,83.9,Piura,11.74,0
12.8,3848.0,6,1,0,8.1,67.2,Puno,12.6,0
14.9,3848.0,17,0,0,8.2,72.6,Puno,14.7,0
12.6,2746.0,18,1,0,10.6,81.0,Puno,12.52,0
10.1,2746.0,16,0,0,11.0,80.0,Puno,10.02,1
11.2,2746.0,17,1,0,10.6,79.7,Puno,11.12,0
12.1,2746.0,35,1,0,13.1,89.4,Puno,12.02,0
15.9,3937.0,26,0,0,10.2,81.3,Puno,15.68,0
12.4,3937.0,22,0,0,12.6,83.8,Puno,12.18,0
10.0,3878.0,21,1,0,12.3,82.4,Puno,9.79,1
14.4,3878.0,18,1,0,11.2,81.5,Puno,14.19,0
14.3,3878.0,16,1,0,10.9,79.5,Puno,14.09,0
12.8,3878.0,13,1,0,8.8,74.2,Puno,12.59,0
12.7,3878.0,13,0,0,8.7,70.9,Puno,12.49,0
13.4,3921.0,34,1,0,13.6,91.6,Puno,13.19,0
13.9,3921.0,9,0,0,6.6,66.3,Puno,13.69,0
14.0,3921.0,25,1,0,12.3,85.1,Puno,13.79,0
13.1,3877.0,21,0,0,10.8,79.1,Puno,12.89,0
12.7,3877.0,12,1,0,8.9,72.5,Puno,12.49,0
13.8,3877.0,19,0,0,11.1,82.0,Puno,13.59,0
15.0,3877.0,21,0,0,10.4,78.6,Puno,14.79,0
13.3,3877.0,28,1,0,12.5,91.7,Puno,13.09,0
12.8,3877.0,35,1,0,12.3,92.5,Puno,12.59,0
11.6,3949.0,28,1,1,12.7,84.6,Puno,11.38,0
14.8,3949.0,34,1,1,13.4,93.4,Puno,14.58,0
14.0,3949.0,25,1,1,10.6,78.5,Puno,13.78,0
12.1,3949.0,17,1,1,11.4,77.8,Puno,11.88,0
13.4,4278.0,31,1,1,12.6,85.7,Puno,13.13,0
15.0,4278.0,16,1,1,8.6,74.2,Puno,14.73,0
12.8,4278.0,12,0,1,8.8,73.2,Puno,12.53,0
13.7,389.0,14,1,1,8.6,75.0,Puno,13.7,0
14.3,389.0,12,0,1,8.0,70.7,Puno,14.3,0
14.8,389.0,34,1,1,13.5,90.1,Puno,14.8,0
11.2,445.0,17,0,1,10.1,78.1,Puno,11.2,0
10.1,445.0,33,1,1,16.7,93.1,Puno,10.1,1
13.0,3906.0,24,1,1,11.5,81.0,Puno,12.79,0
12.6,3906.0,27,1,1,12.0,83.5,Puno,12.39,0
13.8,3906.0,32,0,1,13.6,89.8,Puno,13.59,0
14.2,3906.0,9,0,1,9.3,69.8,Puno,13.99,0
13.9,3856.0,9,0,1,10.8,73.9,Puno,13.7,0
14.1,3838.0,8,0,1,7.3,67.6,Puno,13.9,0
14.0,3838.0,29,0,1,13.4,88.4,Puno,13.8,0
11.9,3838.0,27,0,1,11.1,83.2,Puno,11.7,0
12.4,3838.0,8,0,1,8.8,67.0,Puno,12.2,0
13.6,3838.0,30,1,1,13.1,82.8,Puno,13.4,0
13.4,3838.0,7,0,1,7.4,66.4,Puno,13.2,0
12.5,3854.0,25,1,1,12.7,84.2,Puno,12.3,0
11.7,895.0,27,0,0,14.6,90.1,San Martin,11.7,0
12.6,342.0,20,0,0,11.8,84.5,San Martin,12.6,0
10.9,342.0,34,1,0,15.0,94.3,San Martin,10.9,1
10.9,342.0,30,1,0,13.7,93.0,San Martin,10.9,1
11.6,342.0,27,0,0,9.9,82.5,San Martin,11.6,0
12.0,418.0,16,1,0,8.9,74.3,San Martin,12.0,0
10.6,418.0,10,1,0,9.4,70.5,San Martin,10.6,1
12.1,418.0,13,0,0,8.2,69.2,San Martin,12.1,0
11.2,418.0,20,1,0,11.4,82.2,San Martin,11.2,0
11.9,418.0,28,1,0,12.6,86.2,San Martin,11.9,0
10.2,418.0,31,1,0,14.9,92.5,San Martin,10.2,1
10.0,418.0,14,0,0,9.0,76.0,San Martin,10.0,1
11.8,418.0,27,1,0,13.8,86.8,San Martin,11.8,0
10.4,418.0,26,0,0,11.9,84.5,San Martin,10.4,1
12.6,290.0,21,0,0,10.6,80.5,San Martin,12.6,0
11.5,290.0,17,1,0,11.5,83.7,San Martin,11.5,0
11.8,290.0,30,1,0,12.5,97.0,San Martin,11.8,0
10.0,1066.0,9,1,0,9.9,70.2,San Martin,10.01,1
12.3,1066.0,31,0,0,13.3,88.6,San Martin,12.31,0
11.6,1066.0,8,1,0,9.9,70.1,San Martin,11.61,0
10.2,1066.0,12,1,0,8.5,72.0,San Martin,10.21,1
9.3,1066.0,17,1,0,9.7,75.8,San Martin,9.31,1
10.7,251.0,9,1,0,10.5,75.1,San Martin,10.7,1
12.0,251.0,33,1,0,13.2,90.8,San Martin,12.0,0
10.3,251.0,24,0,0,7.4,75.1,San Martin,10.3,1
10.7,251.0,19,1,0,9.8,80.5,San Martin,10.7,1
10.2,289.0,33,1,0,13.2,92.3,San Martin,10.2,1
11.1,289.0,22,0,0,10.6,82.6,San Martin,11.1,0
12.1,289.0,28,0,0,11.7,88.0,San Martin,12.1,0
10.6,289.0,24,0,0,10.2,82.0,San Martin,10.6,1
12.2,316.0,30,1,0,12.7,87.7,San Martin,12.2,0
11.7,316.0,14,0,0,10.3,78.0,San Martin,11.7,0
11.2,316.0,31,1,0,12.3,94.4,San Martin,11.2,0
11.5,299.0,21,1,0,12.0,85.9,San Martin,11.5,0
11.8,299.0,35,0,0,18.7,100.6,San Martin,11.8,0
10.0,299.0,11,0,0,8.5,73.0,San Martin,10.0,1
11.1,299.0,28,0,0,10.9,80.7,San Martin,11.1,0
10.5,299.0,30,0,0,11.1,88.7,San Martin,10.5,1
10.5,299.0,33,0,0,14.0,91.5,San Martin,10.5,1
10.0,308.0,7,0,0,6.4,68.0,San Martin,10.0,1
11.2,308.0,6,0,0,7.2,67.5,San Martin,11.2,0
11.6,308.0,23,1,0,10.9,83.9,San Martin,11.6,0
12.1,308.0,22,0,0,11.3,87.6,San Martin,12.1,0
12.0,308.0,23,0,0,10.8,82.5,San Martin,12.0,0
10.9,308.0,8,0,0,8.4,69.4,San Martin,10.9,1
10.9,308.0,14,1,0,8.6,73.5,San Martin,10.9,1
11.1,308.0,29,1,0,13.3,89.4,San Martin,11.1,0
11.2,812.0,25,1,0,14.2,87.0,San Martin,11.2,0
13.0,812.0,9,0,0,9.8,71.3,San Martin,13.0,0
10.8,812.0,14,1,0,11.8,76.5,San Martin,10.8,1
12.1,812.0,15,1,0,10.4,78.3,San Martin,12.1,0
10.7,309.0,33,1,0,12.4,88.2,San Martin,10.7,1
12.5,309.0,22,0,0,12.8,88.0,San Martin,12.5,0
10.4,421.0,15,1,1,10.8,76.0,San Martin,10.4,1
9.4,421.0,14,0,1,9.0,72.5,San Martin,9.4,1
9.7,421.0,8,1,1,8.1,67.6,San Martin,9.7,1
12.1,421.0,17,1,1,11.2,77.0,San Martin,12.1,0
10.9,421.0,25,0,1,10.6,81.5,San Martin,10.9,1
10.9,421.0,17,1,1,7.3,71.2,San Martin,10.9,1
11.6,421.0,30,0,1,11.3,87.6,San Martin,11.6,0
10.4,1140.0,12,0,1,8.5,71.3,San Martin,10.41,1
10.8,1140.0,6,1,1,8.8,66.7,San Martin,10.81,1
11.8,1140.0,20,1,1,10.4,82.3,San Martin,11.81,0
9.6,883.0,8,0,1,6.7,64.6,San Martin,9.6,1
12.3,883.0,29,0,1,12.7,85.8,San Martin,12.3,0
12.8,883.0,17,0,1,10.7,78.9,San Martin,12.8,0
12.9,883.0,19,0,1,8.3,76.2,San Martin,12.9,0
10.2,883.0,6,0,1,9.3,66.5,San Martin,10.2,1
13.5,883.0,24,0,1,11.0,80.9,San Martin,13.5,0
12.9,883.0,27,1,1,11.6,85.9,San Martin,12.9,0
11.7,883.0,31,1,1,11.3,84.7,San Martin,11.7,0
11.9,883.0,21,1,1,13.6,86.3,San Martin,11.9,0
8.5,493.0,14,0,1,10.0,76.1,San Martin,8.5,1
11.1,583.0,10,0,0,9.0,70.9,Tacna,11.1,0
10.3,583.0,9,0,0,10.3,65.8,Tacna,10.3,1
12.2,583.0,16,1,0,9.7,76.0,Tacna,12.2,0
12.1,583.0,30,0,0,17.9,96.3,Tacna,12.1,0
11.8,583.0,34,0,0,14.3,97.6,Tacna,11.8,0
12.3,583.0,16,1,0,9.8,77.3,Tacna,12.3,0
11.6,583.0,30,0,0,13.4,90.1,Tacna,11.6,0
9.9,583.0,23,0,0,12.2,84.6,Tacna,9.9,1
12.6,583.0,18,0,0,10.8,77.0,Tacna,12.6,0
10.1,583.0,8,0,0,8.9,66.0,Tacna,10.1,1
12.7,583.0,32,1,0,16.8,98.4,Tacna,12.7,0
10.8,583.0,12,0,0,10.5,74.5,Tacna,10.8,1
13.1,603.0,34,1,0,17.1,96.6,Tacna,13.1,0
11.5,603.0,29,1,0,14.4,90.3,Tacna,11.5,0
11.9,603.0,17,0,0,12.7,82.1,Tacna,11.9,0
11.8,603.0,7,0,0,9.1,73.8,Tacna,11.8,0
13.3,695.0,33,0,0,21.2,96.3,Tacna,13.3,0
10.1,695.0,10,1,0,10.1,75.5,Tacna,10.1,1
10.5,695.0,24,0,0,11.0,84.7,Tacna,10.5,1
11.8,695.0,31,1,0,14.0,88.9,Tacna,11.8,0
12.0,695.0,35,0,0,16.7,95.2,Tacna,12.0,0
10.3,695.0,13,0,0,12.7,74.7,Tacna,10.3,1
10.6,695.0,22,1,0,12.9,82.4,Tacna,10.6,1
11.2,695.0,24,1,0,13.4,86.9,Tacna,11.2,0
10.4,695.0,15,0,0,10.1,75.8,Tacna,10.4,1
11.4,695.0,24,0,0,11.6,86.6,Tacna,11.4,0
12.3,695.0,32,1,0,14.3,95.2,Tacna,12.3,0
11.0,695.0,30,1,0,16.1,92.7,Tacna,11.0,0
12.5,695.0,24,1,0,14.5,85.6,Tacna,12.5,0
12.7,695.0,15,0,0,10.0,78.6,Tacna,12.7,0
11.1,690.0,9,1,0,9.5,70.0,Tacna,11.1,0
12.1,690.0,10,0,0,9.7,75.0,Tacna,12.1,0
10.5,690.0,8,0,0,9.1,68.3,Tacna,10.5,1
11.0,690.0,12,1,0,12.9,77.3,Tacna,11.0,0
9.8,690.0,8,0,0,9.4,70.1,Tacna,9.8,1
10.9,690.0,31,0,0,14.2,86.5,Tacna,10.9,1
11.4,690.0,31,0,0,12.0,82.5,Tacna,11.4,0
11.5,690.0,8,1,0,11.1,73.9,Tacna,11.5,0
12.4,690.0,10,1,0,11.2,76.5,Tacna,12.4,0
10.9,690.0,12,1,0,11.7,75.8,Tacna,10.9,1
10.0,562.0,9,0,0,8.7,71.1,Tacna,10.0,1
10.6,562.0,17,1,0,11.5,82.3,Tacna,10.6,1
10.7,562.0,7,1,0,8.7,68.6,Tacna,10.7,1
10.4,562.0,7,0,0,9.0,66.3,Tacna,10.4,1
13.5,562.0,27,1,0,12.2,88.4,Tacna,13.5,0
12.8,562.0,20,1,0,12.1,86.8,Tacna,12.8,0
11.0,562.0,23,0,0,12.4,82.9,Tacna,11.0,0
12.3,562.0,20,0,0,10.4,80.5,Tacna,12.3,0
11.2,562.0,21,1,0,11.1,81.6,Tacna,11.2,0
11.6,562.0,26,1,0,10.3,82.7,Tacna,11.6,0
12.5,562.0,13,1,0,13.5,79.0,Tacna,12.5,0
11.7,562.0,33,0,0,13.0,91.9,Tacna,11.7,0
13.4,562.0,28,1,0,16.0,95.8,Tacna,13.4,0
8.5,562.0,19,0,0,10.3,80.4,Tacna,8.5,1
9.4,562.0,24,1,0,12.7,87.4,Tacna,9.4,1
11.2,562.0,12,0,0,8.4,68.7,Tacna,11.2,0
10.8,562.0,15,1,0,12.1,81.7,Tacna,10.8,1
11.7,562.0,27,1,0,15.4,89.1,Tacna,11.7,0
11.9,562.0,8,0,0,9.7,70.0,Tacna,11.9,0
12.1,562.0,31,1,0,13.5,87.7,Tacna,12.1,0
13.1,562.0,17,1,0,13.7,82.5,Tacna,13.1,0
10.9,562.0,15,1,0,11.6,78.8,Tacna,10.9,1
12.2,562.0,19,0,0,11.9,80.3,Tacna,12.2,0
11.3,562.0,35,1,0,15.4,93.8,Tacna,11.3,0
10.8,562.0,15,1,0,10.7,77.3,Tacna,10.8,1
10.4,562.0,10,0,0,9.4,70.1,Tacna,10.4,1
13.5,171.0,10,0,1,9.6,68.9,Tacna,13.5,0
10.7,171.0,31,1,1,13.4,90.1,Tacna,10.7,1
11.5,41.0,11,1,1,10.8,77.8,Tacna,11.5,0
12.3,9.0,22,0,0,10.4,81.0,Tumbes,12.3,0
12.2,9.0,33,0,0,13.7,93.9,Tumbes,12.2,0
10.8,9.0,11,0,0,10.3,73.4,Tumbes,10.8,1
11.5,9.0,26,0,0,10.2,85.1,Tumbes,11.5,0
11.0,9.0,19,0,0,10.0,80.5,Tumbes,11.0,0
11.8,9.0,20,1,0,13.3,86.3,Tumbes,11.8,0
12.1,9.0,19,0,0,8.8,79.4,Tumbes,12.1,0
11.4,9.0,13,0,0,9.0,71.3,Tumbes,11.4,0
9.6,9.0,7,0,0,6.8,64.4,Tumbes,9.6,1
10.7,9.0,9,1,0,9.4,70.9,Tumbes,10.7,1
11.5,9.0,21,0,0,10.2,80.0,Tumbes,11.5,0
11.7,9.0,15,1,0,9.3,74.6,Tumbes,11.7,0
11.1,9.0,16,1,0,9.9,78.0,Tumbes,11.1,0
10.0,9.0,24,1,0,11.7,85.6,Tumbes,10.0,1
10.0,9.0,8,1,0,8.7,67.5,Tumbes,10.0,1
12.4,9.0,28,1,0,11.9,86.4,Tumbes,12.4,0
10.8,9.0,29,1,0,12.5,89.1,Tumbes,10.8,1
11.2,9.0,10,0,0,8.8,69.8,Tumbes,11.2,0
11.1,9.0,34,0,0,11.1,84.1,Tumbes,11.1,0
11.0,9.0,29,1,0,10.6,87.6,Tumbes,11.0,0
11.5,9.0,15,0,0,9.4,74.3,Tumbes,11.5,0
10.7,9.0,6,0,0,8.2,65.0,Tumbes,10.7,1
9.9,9.0,27,0,0,11.7,84.5,Tumbes,9.9,1
9.0,9.0,17,1,0,11.4,82.8,Tumbes,9.0,1
11.2,9.0,31,0,0,12.8,91.1,Tumbes,11.2,0
11.2,9.0,35,0,0,18.9,98.0,Tumbes,11.2,0
10.9,9.0,7,1,0,8.1,70.4,Tumbes,10.9,1
11.7,9.0,26,0,0,10.2,83.0,Tumbes,11.7,0
11.8,9.0,14,0,0,8.2,73.7,Tumbes,11.8,0
11.4,9.0,12,0,0,9.5,71.2,Tumbes,11.4,0
11.3,9.0,30,1,0,13.2,94.8,Tumbes,11.3,0
12.8,9.0,18,1,0,10.8,77.8,Tumbes,12.8,0
12.6,27.0,29,0,0,15.1,93.1,Tumbes,12.6,0
11.4,27.0,7,0,0,8.6,67.7,Tumbes,11.4,0
10.1,27.0,7,0,0,8.6,65.8,Tumbes,10.1,1
10.8,27.0,15,0,0,8.8,73.5,Tumbes,10.8,1
10.4,27.0,9,0,0,8.4,69.5,Tumbes,10.4,1
12.1,27.0,29,1,0,11.6,86.6,Tumbes,12.1,0
9.2,27.0,15,0,0,8.2,69.9,Tumbes,9.2,1
11.6,27.0,21,0,0,14.6,85.0,Tumbes,11.6,0
11.3,27.0,23,1,0,12.7,82.4,Tumbes,11.3,0
12.2,27.0,6,0,0,7.1,64.5,Tumbes,12.2,0
9.6,27.0,18,0,0,10.5,79.5,Tumbes,9.6,1
11.9,27.0,16,0,0,9.4,78.2,Tumbes,11.9,0
11.4,27.0,32,0,0,16.1,95.9,Tumbes,11.4,0
11.6,23.0,7,1,0,8.5,68.9,Tumbes,11.6,0
11.6,23.0,26,1,0,14.8,87.0,Tumbes,11.6,0
10.7,23.0,6,1,0,8.3,68.5,Tumbes,10.7,1
11.0,23.0,15,0,0,9.3,75.5,Tumbes,11.0,0
10.2,11.0,8,1,0,8.0,72.6,Tumbes,10.2,1
11.8,11.0,27,1,0,13.5,90.6,Tumbes,11.8,0
11.3,11.0,33,1,0,13.4,93.5,Tumbes,11.3,0
10.1,11.0,6,0,0,8.4,66.5,Tumbes,10.1,1
10.2,11.0,17,1,0,11.7,80.3,Tumbes,10.2,1
11.1,6.0,26,0,0,11.0,86.6,Tumbes,11.1,0
11.6,6.0,26,0,0,13.3,90.0,Tumbes,11.6,0
10.6,6.0,9,0,0,10.1,71.1,Tumbes,10.6,1
10.7,6.0,11,0,0,8.8,71.4,Tumbes,10.7,1
10.6,15.0,7,0,0,7.1,63.3,Tumbes,10.6,1
11.3,15.0,23,1,0,11.3,84.7,Tumbes,11.3,0
11.5,15.0,8,0,0,7.3,66.5,Tumbes,11.5,0
11.3,15.0,21,0,0,11.1,84.6,Tumbes,11.3,0
10.5,15.0,15,1,0,9.9,75.5,Tumbes,10.5,1
11.7,15.0,28,0,0,12.9,85.4,Tumbes,11.7,0
12.7,15.0,32,1,0,12.0,91.6,Tumbes,12.7,0
11.4,15.0,33,1,0,14.4,92.9,Tumbes,11.4,0
10.3,15.0,13,1,0,11.0,79.3,Tumbes,10.3,1
12.6,15.0,30,0,0,15.7,91.8,Tumbes,12.6,0
11.5,15.0,24,0,0,10.1,83.3,Tumbes,11.5,0
10.6,13.0,22,0,0,8.9,79.4,Tumbes,10.6,1
10.5,13.0,13,1,0,8.9,76.7,Tumbes,10.5,1
11.0,13.0,17,0,0,8.6,74.8,Tumbes,11.0,0
10.2,13.0,11,1,0,9.9,72.6,Tumbes,10.2,1
10.8,13.0,28,1,0,10.4,83.0,Tumbes,10.8,1
8.7,13.0,8,1,0,8.7,70.5,Tumbes,8.7,1
12.2,137.0,21,0,1,10.6,83.8,Tumbes,12.2,0
8.7,137.0,9,0,1,9.1,71.6,Tumbes,8.7,1
10.9,137.0,24,1,1,12.8,89.7,Tumbes,10.9,1
11.5,137.0,33,1,1,16.3,91.5,Tumbes,11.5,0
8.6,137.0,13,0,1,8.5,72.4,Tumbes,8.6,1
12.1,162.0,13,1,1,9.0,72.5,Tumbes,12.1,0
10.9,162.0,12,0,1,6.9,66.0,Tumbes,10.9,1
10.0,162.0,19,0,0,11.5,83.7,Ucayali,10.0,1
11.9,162.0,8,0,0,7.9,65.0,Ucayali,11.9,0
11.1,162.0,31,1,0,10.5,83.1,Ucayali,11.1,0
11.1,162.0,12,0,0,8.1,72.2,Ucayali,11.1,0
11.9,162.0,22,1,0,11.5,84.1,Ucayali,11.9,0
10.5,162.0,6,0,0,7.6,65.5,Ucayali,10.5,1
12.3,162.0,13,0,0,8.3,74.2,Ucayali,12.3,0
11.6,162.0,21,1,0,14.3,92.9,Ucayali,11.6,0
9.1,162.0,23,1,0,9.8,76.7,Ucayali,9.1,1
10.6,131.0,30,1,0,13.3,91.4,Ucayali,10.6,1
8.6,131.0,27,1,0,11.1,83.4,Ucayali,8.6,1
11.2,131.0,32,0,0,12.7,92.0,Ucayali,11.2,0
11.3,131.0,29,1,0,11.5,88.5,Ucayali,11.3,0
10.9,131.0,7,1,0,8.5,70.6,Ucayali,10.9,1
10.9,131.0,22,1,0,11.1,83.8,Ucayali,10.9,1
9.0,131.0,7,1,0,9.1,70.5,Ucayali,9.0,1
9.7,131.0,16,0,0,10.1,79.0,Ucayali,9.7,1
10.8,131.0,17,1,0,9.6,76.8,Ucayali,10.8,1
11.9,131.0,8,0,0,8.2,69.0,Ucayali,11.9,0
10.9,131.0,15,1,0,10.1,79.8,Ucayali,10.9,1
9.5,131.0,14,1,0,8.6,72.8,Ucayali,9.5,1
8.0,131.0,17,0,0,8.9,72.0,Ucayali,8.0,1
10.0,131.0,31,1,0,13.5,93.5,Ucayali,10.0,1
10.9,131.0,21,0,0,8.7,67.3,Ucayali,10.9,1
11.6,131.0,29,1,0,11.2,82.6,Ucayali,11.6,0
10.9,170.0,8,1,0,7.1,67.3,Ucayali,10.9,1
10.4,170.0,13,0,0,8.7,73.4,Ucayali,10.4,1
10.4,170.0,22,0,0,9.0,78.5,Ucayali,10.4,1
11.7,170.0,23,1,0,9.2,80.3,Ucayali,11.7,0
11.7,170.0,23,0,0,10.3,83.0,Ucayali,11.7,0
10.8,170.0,10,0,0,8.4,69.4,Ucayali,10.8,1
11.6,165.0,28,0,0,11.1,85.5,Ucayali,11.6,0
10.7,165.0,12,0,0,8.8,71.0,Ucayali,10.7,1
10.7,165.0,15,1,0,9.7,73.5,Ucayali,10.7,1
11.4,165.0,20,0,0,10.1,80.7,Ucayali,11.4,0
10.0,165.0,14,0,0,11.4,74.6,Ucayali,10.0,1
12.4,165.0,18,1,0,10.9,80.4,Ucayali,12.4,0
11.4,165.0,35,1,0,14.1,94.3,Ucayali,11.4,0
11.2,165.0,17,0,0,10.0,76.0,Ucayali,11.2,0
11.3,165.0,28,1,0,13.7,90.5,Ucayali,11.3,0
10.9,165.0,6,1,0,10.6,67.2,Ucayali,10.9,1
10.7,165.0,23,0,0,10.3,80.3,Ucayali,10.7,1
12.0,165.0,24,0,0,9.8,82.4,Ucayali,12.0,0
11.2,165.0,7,1,0,9.2,65.6,Ucayali,11.2,0
10.4,165.0,11,1,0,9.1,71.6,Ucayali,10.4,1
10.6,165.0,12,0,0,9.3,75.5,Ucayali,10.6,1
9.9,165.0,19,0,0,7.2,76.1,Ucayali,9.9,1
11.5,165.0,23,0,0,10.1,83.8,Ucayali,11.5,0
10.7,165.0,27,0,0,12.4,82.7,Ucayali,10.7,1
11.5,165.0,30,0,0,10.9,82.7,Ucayali,11.5,0
12.6,165.0,19,1,0,12.5,87.4,Ucayali,12.6,0
12.4,165.0,10,1,0,8.4,71.0,Ucayali,12.4,0
11.6,165.0,30,0,0,10.9,86.5,Ucayali,11.6,0
10.8,165.0,32,1,0,12.0,87.5,Ucayali,10.8,1
10.1,165.0,23,1,0,10.0,81.8,Ucayali,10.1,1
9.3,165.0,6,1,0,8.2,68.5,Ucayali,9.3,1
10.7,165.0,11,1,0,8.4,70.0,Ucayali,10.7,1
9.9,165.0,24,0,0,9.1,77.9,Ucayali,9.9,1
10.7,165.0,34,0,0,13.8,88.3,Ucayali,10.7,1
8.5,165.0,13,1,0,10.3,75.8,Ucayali,8.5,1
11.5,181.0,31,1,0,13.4,91.0,Ucayali,11.5,0
11.4,181.0,35,0,0,14.8,94.8,Ucayali,11.4,0
12.4,181.0,35,1,0,13.7,93.0,Ucayali,12.4,0
10.9,181.0,18,0,0,11.9,77.3,Ucayali,10.9,1
10.1,181.0,19,0,0,9.1,76.4,Ucayali,10.1,1
10.9,156.0,11,0,1,7.8,70.9,Ucayali,10.9,1
10.8,156.0,23,1,1,11.8,84.0,Ucayali,10.8,1
9.0,156.0,9,0,1,7.1,68.4,Ucayali,9.0,1
10.4,156.0,21,0,1,11.7,80.5,Ucayali,10.4,1
10.8,170.0,22,1,1,9.9,76.8,Ucayali,10.8,1
12.1,170.0,31,0,1,12.1,85.5,Ucayali,12.1,0
11.7,170.0,24,0,1,10.3,80.8,Ucayali,11.7,0
8.7,170.0,20,0,1,11.8,76.9,Ucayali,8.7,1
11.9,170.0,16,0,1,9.8,75.2,Ucayali,11.9,0
9.9,170.0,9,1,1,8.8,69.4,Ucayali,9.9,1
9.3,181.0,21,1,1,10.2,79.1,Ucayali,9.3,1
10.9,181.0,10,1,1,9.5,72.9,Ucayali,10.9,1
11.0,181.0,30,1,1,11.6,87.5,Ucayali,11.0,0
11.2,181.0,10,0,1,7.9,70.6,Ucayali,11.2,0
11.4,181.0,15,0,1,8.6,73.1,Ucayali,11.4,0
10.3,181.0,9,1,1,8.5,69.8,Ucayali,10.3,1
9.5,181.0,19,1,1,8.4,73.9,Ucayali,9.5,1
10.1,181.0,14,0,1,8.8,74.1,Ucayali,10.1,1
11.6,2393.0,32,0,1,12.3,89.5,Ucayali,11.55,0
10.7,2393.0,26,1,1,11.5,83.0,Ucayali,10.65,1
11.6,2393.0,24,0,1,8.7,75.0,Ucayali,11.55,0
10.8,2293.0,6,0,0,7.4,63.1,Amazonas,10.76,1
11.9,2293.0,26,0,0,10.0,85.6,Amazonas,11.86,0
12.0,2293.0,29,0,0,11.0,87.1,Amazonas,11.96,0
13.5,2293.0,23,1,0,12.4,85.5,Amazonas,13.46,0
13.3,2383.0,32,1,0,12.4,90.5,Amazonas,13.25,0
12.0,2383.0,30,1,0,13.3,88.5,Amazonas,11.95,0
13.8,2383.0,23,1,0,14.6,87.5,Amazonas,13.75,0
12.1,2383.0,22,1,0,11.8,81.0,Amazonas,12.05,0
12.7,368.0,21,0,0,11.4,84.3,Amazonas,12.7,0
10.9,368.0,23,0,0,10.6,80.6,Amazonas,10.9,1
9.3,368.0,11,0,0,8.3,71.0,Amazonas,9.3,1
11.5,368.0,21,1,0,12.2,85.6,Amazonas,11.5,0
9.3,368.0,15,0,0,8.5,74.4,Amazonas,9.3,1
10.0,368.0,11,1,0,10.9,73.3,Amazonas,10.0,1
11.7,435.0,30,0,0,12.4,87.3,Amazonas,11.7,0
11.7,435.0,9,1,0,7.5,69.5,Amazonas,11.7,0
10.0,435.0,10,1,0,8.5,71.8,Amazonas,10.0,1
7.8,488.0,13,0,0,12.3,77.3,Amazonas,7.8,1
11.6,488.0,30,0,0,10.9,86.6,Amazonas,11.6,0
10.9,488.0,21,1,0,9.1,74.5,Amazonas,10.9,1
12.8,488.0,19,1,0,11.2,77.6,Amazonas,12.8,0
10.4,488.0,7,0,0,9.2,67.8,Amazonas,10.4,1
10.6,1342.0,14,0,0,10.8,78.8,Amazonas,10.6,1
11.3,1342.0,16,1,0,11.0,77.4,Amazonas,11.3,0
12.2,1277.0,28,0,0,11.4,85.3,Amazonas,12.2,0
12.6,1277.0,15,0,0,8.6,74.0,Amazonas,12.6,0
12.3,1277.0,12,0,0,8.1,72.5,Amazonas,12.3,0
12.1,1277.0,28,1,0,12.6,84.5,Amazonas,12.1,0
11.7,2246.0,27,0,0,9.5,77.9,Amazonas,11.66,0
11.7,2246.0,14,0,0,8.6,71.9,Amazonas,11.66,0
11.0,220.0,13,0,1,7.7,68.6,Amazonas,11.0,0
12.3,220.0,34,1,1,14.7,93.5,Amazonas,12.3,0
11.5,220.0,27,1,1,10.8,80.5,Amazonas,11.5,0
10.3,220.0,24,0,1,9.6,77.2,Amazonas,10.3,1
11.1,220.0,26,1,1,10.4,82.7,Amazonas,11.1,0
11.9,220.0,21,0,1,10.4,77.1,Amazonas,11.9,0
10.6,304.0,21,0,1,8.5,71.6,Amazonas,10.6,1
9.8,304.0,33,1,1,12.9,86.0,Amazonas,9.8,1
11.0,304.0,26,0,1,10.6,78.8,Amazonas,11.0,0
9.6,304.0,34,1,1,11.1,82.8,Amazonas,9.6,1
9.6,304.0,28,1,1,13.6,87.1,Amazonas,9.6,1
8.5,304.0,13,1,1,10.5,74.0,Amazonas,8.5,1
11.0,304.0,20,0,1,10.2,78.0,Amazonas,11.0,0
12.0,405.0,34,0,1,14.9,93.9,Amazonas,12.0,0
12.4,405.0,19,0,1,11.0,82.1,Amazonas,12.4,0
8.9,405.0,22,1,1,11.1,85.1,Amazonas,8.9,1
9.2,405.0,9,1,1,9.0,71.0,Amazonas,9.2,1
9.5,1899.0,20,0,1,9.7,78.8,Amazonas,9.48,1
11.9,1899.0,13,1,1,8.9,75.8,Amazonas,11.88,0
9.6,1899.0,20,1,1,10.4,81.0,Amazonas,9.58,1
13.1,2027.0,30,1,1,12.2,86.5,Amazonas,13.07,0
12.6,2027.0,34,1,1,13.2,90.8,Amazonas,12.57,0
14.4,2103.0,21,1,1,14.3,85.5,Amazonas,14.37,0
12.1,2103.0,31,1,1,11.9,86.7,Amazonas,12.07,0
9.6,2329.0,9,1,1,8.1,67.0,Amazonas,9.56,1
10.4,2329.0,6,1,1,9.5,67.0,Amazonas,10.36,1
13.6,2329.0,29,0,1,11.0,84.6,Amazonas,13.56,0
11.7,2329.0,24,0,1,8.3,75.8,Amazonas,11.66,0
13.5,2405.0,21,0,1,11.0,80.4,Amazonas,13.45,0
12.9,2405.0,12,1,1,8.1,73.7,Amazonas,12.85,0
13.6,2405.0,25,0,1,11.7,83.6,Amazonas,13.55,0
13.1,2405.0,33,0,1,13.6,92.5,Amazonas,13.05,0
12.4,2405.0,10,1,1,9.8,70.6,Amazonas,12.35,0
11.9,2121.0,6,0,1,7.9,65.3,Amazonas,11.87,0
11.8,2121.0,24,1,1,13.0,89.3,Amazonas,11.77,0
12.0,2121.0,7,0,1,8.6,66.0,Amazonas,11.97,0
11.2,2121.0,9,0,1,9.9,73.1,Amazonas,11.17,0
12.2,2297.0,14,1,1,9.4,73.0,Amazonas,12.16,0
14.9,2297.0,16,1,1,10.9,79.0,Amazonas,14.86,0
13.0,1769.0,12,1,1,10.3,75.7,Amazonas,12.99,0
13.1,1769.0,26,1,1,14.3,88.5,Amazonas,13.09,0
14.1,1769.0,17,1,1,10.8,77.9,Amazonas,14.09,0
11.2,14.0,13,0,0,9.9,74.3,Ancash,11.2,0
11.3,14.0,30,1,0,12.6,88.9,Ancash,11.3,0
11.0,14.0,15,1,0,10.0,78.2,Ancash,11.0,0
12.8,11.0,28,1,0,17.0,93.3,Ancash,12.8,0
11.8,16.0,23,1,0,11.6,84.9,Ancash,11.8,0
10.7,16.0,9,0,0,9.5,71.3,Ancash,10.7,1
12.1,16.0,35,0,0,10.6,87.3,Ancash,12.1,0
11.7,16.0,20,1,0,10.4,77.1,Ancash,11.7,0
11.3,16.0,21,1,0,13.1,83.3,Ancash,11.3,0
11.8,16.0,32,1,0,19.4,98.6,Ancash,11.8,0
11.0,16.0,13,1,0,9.5,74.7,Ancash,11.0,0
11.4,11.0,12,0,0,10.8,74.5,Ancash,11.4,0
14.2,16.0,22,1,0,12.1,84.2,Ancash,14.2,0
13.3,16.0,27,0,0,12.4,87.5,Ancash,13.3,0
12.3,16.0,27,0,0,14.0,87.3,Ancash,12.3,0
12.5,3168.0,7,0,0,8.3,65.7,Ancash,12.38,0
13.4,3168.0,27,0,0,11.9,85.1,Ancash,13.28,0
12.7,3168.0,6,0,0,6.4,63.1,Ancash,12.58,0
12.8,3160.0,18,1,0,11.2,79.0,Ancash,12.68,0
12.5,3160.0,21,0,0,9.0,73.9,Ancash,12.38,0
12.4,3160.0,32,1,0,13.2,89.1,Ancash,12.28,0
13.8,3160.0,23,0,0,10.9,78.4,Ancash,13.68,0
11.7,124.0,18,0,0,11.8,83.5,Ancash,11.7,0
10.3,124.0,19,1,0,9.4,77.2,Ancash,10.3,1
11.5,124.0,6,0,0,9.4,65.3,Ancash,11.5,0
11.0,124.0,12,1,0,10.0,69.5,Ancash,11.0,0
10.4,124.0,16,0,0,9.4,71.3,Ancash,10.4,1
12.4,124.0,32,0,0,11.3,86.2,Ancash,12.4,0
12.4,47.0,18,1,0,9.7,76.8,Ancash,12.4,0
11.5,47.0,11,1,0,10.3,73.9,Ancash,11.5,0
11.4,45.0,26,0,0,12.0,85.9,Ancash,11.4,0
13.6,45.0,28,1,0,15.9,91.6,Ancash,13.6,0
10.4,45.0,10,0,0,9.2,73.4,Ancash,10.4,1
10.2,45.0,29,1,0,12.0,86.0,Ancash,10.2,1
11.1,2826.0,6,0,0,7.2,64.0,Ancash,11.01,0
11.8,2826.0,6,1,0,8.3,67.3,Ancash,11.71,0
13.5,3145.0,28,1,0,13.2,92.1,Ancash,13.38,0
12.0,3145.0,31,0,0,15.4,95.3,Ancash,11.88,0
13.7,1894.0,35,0,1,10.4,87.5,Ancash,13.68,0
12.7,1894.0,8,0,1,8.2,67.7,Ancash,12.68,0
13.9,3361.0,34,0,1,14.3,93.9,Ancash,13.76,0
12.8,3461.0,17,1,1,7.4,69.5,Ancash,12.65,0
13.7,3461.0,10,0,1,7.1,65.7,Ancash,13.55,0
10.8,3461.0,12,1,1,9.8,72.1,Ancash,10.65,1
14.1,3461.0,18,1,1,10.5,78.4,Ancash,13.95,0
14.6,3461.0,14,1,1,9.1,73.2,Ancash,14.45,0
13.7,3332.0,29,0,1,11.9,85.3,Ancash,13.56,0
12.9,3332.0,24,1,1,13.3,83.3,Ancash,12.76,0
14.4,3300.0,23,1,1,11.2,78.7,Ancash,14.27,0
13.1,3176.0,11,1,1,7.5,70.1,Ancash,12.98,0
14.0,3176.0,28,1,1,11.0,85.1,Ancash,13.88,0
8.4,3176.0,9,1,1,7.1,65.7,Ancash,8.28,1
10.6,2451.0,12,1,0,13.3,77.7,Apurimac,10.55,1
11.1,2451.0,18,0,0,8.9,75.5,Apurimac,11.05,0
14.6,2451.0,29,1,0,14.4,89.4,Apurimac,14.55,0
10.6,2256.0,8,0,0,8.5,69.0,Apurimac,10.56,1
13.3,2256.0,35,1,0,14.0,92.6,Apurimac,13.26,0
11.0,2256.0,14,0,0,8.3,74.6,Apurimac,10.96,1
11.5,2299.0,27,0,0,10.2,82.3,Apurimac,11.46,0
11.4,2299.0,35,0,0,14.2,94.6,Apurimac,11.36,0
12.7,2924.0,35,1,0,15.9,99.1,Apurimac,12.61,0
15.7,2924.0,14,1,0,9.5,73.1,Apurimac,15.61,0
12.5,2923.0,19,0,0,8.8,76.3,Apurimac,12.41,0
12.1,2923.0,24,0,0,10.4,80.8,Apurimac,12.01,0
13.0,2659.0,24,1,0,12.1,84.7,Apurimac,12.93,0
13.8,2659.0,16,0,0,9.2,75.6,Apurimac,13.73,0
12.0,2659.0,12,0,0,8.9,73.6,Apurimac,11.93,0
13.7,2764.0,32,1,0,12.3,88.6,Apurimac,13.62,0
13.7,2764.0,12,0,0,6.7,70.2,Apurimac,13.62,0
12.8,2764.0,7,1,0,8.3,68.5,Apurimac,12.72,0
13.7,2764.0,24,1,0,12.3,84.8,Apurimac,13.62,0
12.7,3343.0,15,0,0,10.7,76.7,Apurimac,12.56,0
13.5,3138.0,13,1,1,8.8,72.8,Apurimac,13.38,0
13.0,3138.0,16,1,1,9.4,77.4,Apurimac,12.88,0
12.7,3138.0,18,0,1,8.9,77.9,Apurimac,12.58,0
13.7,3140.0,7,0,1,8.4,65.2,Apurimac,13.58,0
13.3,3140.0,8,1,1,8.9,69.5,Apurimac,13.18,0
12.4,2781.0,20,0,1,10.0,80.7,Apurimac,12.32,0
11.5,2781.0,16,1,1,9.8,74.7,Apurimac,11.42,0
13.5,2781.0,17,1,1,10.7,78.0,Apurimac,13.42,0
13.2,2781.0,17,0,1,10.0,78.2,Apurimac,13.12,0
12.6,2781.0,7,0,1,7.7,64.7,Apurimac,12.52,0
14.6,3206.0,35,0,1,12.2,90.3,Apurimac,14.48,0
13.6,3206.0,10,0,1,10.4,72.7,Apurimac,13.48,0
12.8,3206.0,12,0,1,9.6,70.2,Apurimac,12.68,0
10.6,3206.0,9,1,1,10.3,73.1,Apurimac,10.48,1
11.0,3572.0,6,1,1,6.8,61.8,Apurimac,10.83,1
11.0,3572.0,10,0,1,7.5,68.2,Apurimac,10.83,1
12.9,3572.0,22,0,1,9.5,74.8,Apurimac,12.73,0
12.5,3572.0,19,1,1,9.4,77.8,Apurimac,12.33,0
13.5,3572.0,13,1,1,7.1,68.2,Apurimac,13.33,0
13.5,2754.0,33,0,1,10.9,84.8,Apurimac,13.42,0
12.8,2754.0,31,1,1,12.1,87.4,Apurimac,12.72,0
13.9,3075.0,6,0,1,7.2,64.7,Apurimac,13.79,0
12.1,3075.0,26,0,1,9.7,81.1,Apurimac,11.99,0
13.4,3075.0,7,1,1,7.9,67.3,Apurimac,13.29,0
14.5,3596.0,24,1,1,13.5,87.8,Apurimac,14.33,0
13.5,3596.0,8,1,1,7.4,67.0,Apurimac,13.33,0
11.3,3596.0,24,1,1,11.1,82.9,Apurimac,11.13,0
11.9,3596.0,27,0,1,13.3,84.1,Apurimac,11.73,0
12.7,3596.0,27,1,1,13.7,88.3,Apurimac,12.53,0
13.2,3596.0,25,1,1,12.1,81.4,Apurimac,13.03,0
11.8,3453.0,27,0,1,13.0,88.2,Apurimac,11.65,0
14.0,3453.0,25,0,1,10.9,85.0,Apurimac,13.85,0
13.2,3453.0,8,1,1,8.1,69.0,Apurimac,13.05,0
12.9,3453.0,10,1,1,8.9,70.0,Apurimac,12.75,0
14.5,3917.0,14,1,1,9.1,74.7,Apurimac,14.29,0
13.0,2286.0,29,1,0,15.7,92.2,Arequipa,12.96,0
13.0,2286.0,32,1,0,11.6,83.7,Arequipa,12.96,0
10.8,2286.0,7,0,0,6.1,62.6,Arequipa,10.76,1
12.5,2362.0,7,1,0,7.9,69.5,Arequipa,12.45,0
12.7,2362.0,34,0,0,16.3,96.6,Arequipa,12.65,0
13.5,2362.0,27,1,0,13.2,89.7,Arequipa,13.45,0
12.3,2371.0,14,0,0,11.2,74.0,Arequipa,12.25,0
11.9,2371.0,30,1,0,16.3,90.9,Arequipa,11.85,0
12.2,2371.0,31,0,0,11.8,86.0,Arequipa,12.15,0
13.4,2312.0,34,1,0,15.5,101.7,Arequipa,13.36,0
14.1,2312.0,30,0,0,13.3,91.2,Arequipa,14.06,0
12.4,2312.0,13,0,0,9.1,76.2,Arequipa,12.36,0
11.7,2312.0,11,1,0,10.6,75.2,Arequipa,11.66,0
13.0,2555.0,21,0,0,12.3,83.7,Arequipa,12.94,0
11.8,2555.0,20,0,0,11.0,80.7,Arequipa,11.74,0
13.7,2555.0,26,0,0,9.8,80.0,Arequipa,13.64,0
11.8,2431.0,9,1,0,9.5,70.6,Arequipa,11.75,0
13.2,2431.0,32,1,0,15.5,96.1,Arequipa,13.15,0
13.5,2431.0,24,0,0,11.4,81.4,Arequipa,13.45,0
12.7,2431.0,25,0,0,11.5,85.5,Arequipa,12.65,0
12.4,2587.0,24,1,0,13.8,88.6,Arequipa,12.34,0
11.9,2587.0,18,0,0,11.2,79.6,Arequipa,11.84,0
11.7,2587.0,31,0,0,15.4,92.0,Arequipa,11.64,0
10.9,2556.0,8,1,0,8.1,68.3,Arequipa,10.84,1
13.9,2556.0,33,1,0,14.6,95.3,Arequipa,13.84,0
14.2,2556.0,29,1,0,16.6,91.7,Arequipa,14.14,0
14.1,2556.0,23,1,0,11.3,85.1,Arequipa,14.04,0
12.8,2353.0,32,0,0,15.3,92.4,Arequipa,12.75,0
11.7,2265.0,15,0,0,9.7,74.4,Arequipa,11.66,0
11.0,2265.0,22,1,0,10.8,80.9,Arequipa,10.96,1
12.4,2265.0,25,0,0,11.6,83.6,Arequipa,12.36,0
13.6,2265.0,34,1,0,15.9,96.3,Arequipa,13.56,0
12.6,2265.0,33,1,0,15.0,90.8,Arequipa,12.56,0
10.5,2167.0,6,0,0,8.8,68.0,Arequipa,10.47,1
12.7,2490.0,14,0,0,10.5,74.2,Arequipa,12.64,0
13.4,2490.0,8,1,0,6.6,67.6,Arequipa,13.34,0
14.0,2651.0,30,0,0,12.4,87.3,Arequipa,13.93,0
7.9,2651.0,33,0,0,12.6,91.0,Arequipa,7.83,1
11.3,2651.0,12,0,0,8.1,68.3,Arequipa,11.23,0
11.1,97.0,19,0,0,10.7,81.5,Arequipa,11.1,0
11.5,97.0,18,0,0,9.8,81.3,Arequipa,11.5,0
9.5,97.0,14,1,0,11.6,77.7,Arequipa,9.5,1
11.0,1392.0,35,0,0,12.5,87.7,Arequipa,11.0,0
12.8,1392.0,33,0,0,14.4,90.7,Arequipa,12.8,0
13.8,1392.0,32,0,0,14.2,92.7,Arequipa,13.8,0
12.0,104.0,24,1,0,11.4,84.7,Arequipa,12.0,0
11.2,104.0,27,0,0,12.5,85.8,Arequipa,11.2,0
11.3,1502.0,10,0,0,11.1,73.3,Arequipa,11.3,0
11.8,1502.0,11,0,0,9.8,73.9,Arequipa,11.8,0
11.7,1502.0,6,0,0,10.2,68.4,Arequipa,11.7,0
10.6,2955.0,8,1,1,9.4,71.0,Arequipa,10.5,1
13.2,2955.0,6,1,1,7.8,65.0,Arequipa,13.1,0
12.8,2823.0,19,1,0,11.9,83.3,Ayacucho,12.72,0
12.2,2823.0,35,1,0,15.7,94.3,Ayacucho,12.12,0
11.3,2823.0,6,1,0,8.1,67.0,Ayacucho,11.22,0
12.7,2823.0,26,0,0,12.7,82.2,Ayacucho,12.62,0
8.9,2823.0,9,0,0,7.3,64.4,Ayacucho,8.82,1
13.7,2823.0,28,1,0,11.0,81.0,Ayacucho,13.62,0
11.8,2921.0,27,1,0,9.9,84.4,Ayacucho,11.71,0
13.6,2921.0,27,1,0,13.2,89.3,Ayacucho,13.51,0
11.5,2921.0,22,0,0,10.5,83.2,Ayacucho,11.41,0
12.2,2921.0,26,1,0,13.0,86.8,Ayacucho,12.11,0
12.0,2908.0,33,1,0,11.4,85.5,Ayacucho,11.91,0
12.1,2908.0,34,0,0,11.9,88.0,Ayacucho,12.01,0
14.3,2908.0,29,1,0,13.4,88.5,Ayacucho,14.21,0
12.6,2718.0,14,0,0,9.5,74.0,Ayacucho,12.52,0
13.8,2718.0,29,0,0,11.5,88.3,Ayacucho,13.72,0
13.4,2787.0,24,0,0,12.1,85.1,Ayacucho,13.32,0
10.4,2787.0,18,1,0,9.6,77.0,Ayacucho,10.32,1
13.0,2787.0,17,1,0,9.4,75.8,Ayacucho,12.92,0
13.6,2787.0,32,0,0,11.8,87.8,Ayacucho,13.52,0
14.0,2931.0,34,0,0,12.2,87.2,Ayacucho,13.9,0
13.1,2931.0,7,0,0,7.8,65.5,Ayacucho,13.0,0
13.4,2931.0,29,1,0,12.4,85.5,Ayacucho,13.3,0
13.2,2632.0,19,1,0,11.7,80.4,Ayacucho,13.13,0
12.7,2617.0,30,1,0,12.2,88.5,Ayacucho,12.63,0
11.8,2617.0,12,1,0,10.1,72.8,Ayacucho,11.73,0
11.8,2617.0,14,0,0,9.7,75.5,Ayacucho,11.73,0
10.0,2617.0,7,0,0,7.6,65.6,Ayacucho,9.93,1
13.0,2597.0,18,0,0,11.3,77.6,Ayacucho,12.93,0
11.1,721.0,25,1,0,11.4,86.2,Ayacucho,11.1,0
11.7,721.0,19,1,0,11.9,84.4,Ayacucho,11.7,0
8.9,721.0,22,0,0,16.0,88.3,Ayacucho,8.9,1
13.0,2565.0,15,0,0,7.6,72.2,Ayacucho,12.94,0
13.1,2565.0,20,0,0,9.0,77.0,Ayacucho,13.04,0
13.0,2565.0,24,1,0,11.6,82.4,Ayacucho,12.94,0
12.5,3266.0,27,1,0,12.4,85.7,Ayacucho,12.37,0
14.4,3266.0,32,0,0,12.3,87.4,Ayacucho,14.27,0
11.9,3266.0,10,1,0,8.4,70.7,Ayacucho,11.77,0
12.6,3266.0,12,1,0,9.6,72.5,Ayacucho,12.47,0
12.7,2613.0,20,0,0,10.2,79.8,Ayacucho,12.63,0
12.8,2730.0,23,1,1,12.0,85.0,Ayacucho,12.72,0
11.5,2730.0,8,0,1,7.8,64.7,Ayacucho,11.42,0
14.0,2730.0,24,0,1,13.0,81.5,Ayacucho,13.92,0
13.4,2730.0,32,1,1,13.2,88.3,Ayacucho,13.32,0
13.9,3393.0,28,0,1,11.8,86.8,Ayacucho,13.76,0
13.5,3375.0,19,1,1,9.7,81.8,Ayacucho,13.36,0
12.0,2724.0,7,0,1,8.6,69.9,Ayacucho,11.92,0
13.9,2724.0,27,1,1,12.6,85.9,Ayacucho,13.82,0
11.2,2724.0,29,0,1,12.3,87.1,Ayacucho,11.12,0
12.4,2724.0,25,1,1,9.5,82.7,Ayacucho,12.32,0
14.4,3462.0,33,0,1,14.9,94.0,Ayacucho,14.25,0
13.3,3327.0,33,1,1,12.1,87.3,Ayacucho,13.16,0
12.8,3327.0,13,0,1,8.3,68.5,Ayacucho,12.66,0
13.5,3327.0,32,1,1,13.2,88.0,Ayacucho,13.36,0
13.2,3327.0,14,0,1,10.3,77.4,Ayacucho,13.06,0
13.0,3327.0,10,1,1,8.7,69.1,Ayacucho,12.86,0
10.8,3253.0,15,0,1,10.6,75.0,Ayacucho,10.67,1
9.5,3253.0,22,1,1,11.4,82.3,Ayacucho,9.37,1
12.4,3253.0,16,0,1,11.2,77.3,Ayacucho,12.27,0
13.5,3416.0,19,0,1,8.0,74.0,Ayacucho,13.35,0
13.4,2742.0,16,1,0,11.8,80.3,Cajamarca,13.32,0
13.4,2742.0,29,1,0,13.8,93.4,Cajamarca,13.32,0
14.0,2742.0,27,0,0,14.4,89.0,Cajamarca,13.92,0
13.1,2743.0,23,1,0,10.4,78.1,Cajamarca,13.02,0
12.1,786.0,26,1,0,14.3,91.4,Cajamarca,12.1,0
11.4,786.0,32,1,0,13.7,91.0,Cajamarca,11.4,0
11.8,733.0,17,0,0,8.9,77.6,Cajamarca,11.8,0
12.1,733.0,17,1,0,11.3,80.2,Cajamarca,12.1,0
11.8,733.0,25,1,0,9.7,80.4,Cajamarca,11.8,0
10.8,733.0,11,1,0,8.8,73.5,Cajamarca,10.8,1
11.3,797.0,15,0,0,9.0,75.0,Cajamarca,11.3,0
9.9,797.0,11,0,0,8.9,75.1,Cajamarca,9.9,1
11.7,797.0,34,1,0,12.0,90.1,Cajamarca,11.7,0
9.1,797.0,27,0,0,9.9,78.9,Cajamarca,9.1,1
12.9,797.0,27,1,0,10.1,86.4,Cajamarca,12.9,0
13.0,2592.0,28,1,0,11.8,88.9,Cajamarca,12.94,0
14.0,2592.0,20,1,0,10.3,79.5,Cajamarca,13.94,0
12.8,2592.0,21,1,0,11.0,83.7,Cajamarca,12.74,0
10.7,1267.0,19,0,1,10.1,79.0,Cajamarca,10.71,1
12.0,2799.0,8,1,1,7.7,66.5,Cajamarca,11.92,0
10.8,2799.0,11,0,1,10.0,73.0,Cajamarca,10.72,1
14.1,2799.0,19,0,1,10.5,78.7,Cajamarca,14.02,0
13.4,2799.0,16,1,1,10.0,76.8,Cajamarca,13.32,0
10.3,1968.0,9,0,1,9.3,69.8,Cajamarca,10.28,1
12.4,1968.0,16,1,1,9.3,73.2,Cajamarca,12.38,0
13.7,3501.0,25,1,1,13.5,86.3,Cajamarca,13.54,0
13.0,3501.0,7,0,1,7.4,63.8,Cajamarca,12.84,0
14.0,3501.0,19,1,1,10.4,81.1,Cajamarca,13.84,0
11.2,3271.0,9,1,1,8.0,67.2,Cajamarca,11.07,0
16.5,3271.0,29,0,1,10.8,83.3,Cajamarca,16.37,0
12.1,3271.0,28,0,1,10.6,83.2,Cajamarca,11.97,0
14.1,3271.0,31,1,1,13.3,88.4,Cajamarca,13.97,0
12.9,3500.0,35,0,1,11.9,88.6,Cajamarca,12.74,0
13.2,3500.0,10,0,1,7.2,65.6,Cajamarca,13.04,0
14.3,3500.0,35,1,1,12.3,87.0,Cajamarca,14.14,0
14.2,3500.0,22,0,1,10.0,78.9,Cajamarca,14.04,0
12.4,3500.0,28,0,1,10.3,83.7,Cajamarca,12.24,0
15.1,3500.0,11,1,1,7.8,68.5,Cajamarca,14.94,0
12.8,3486.0,24,0,1,10.6,83.1,Cajamarca,12.64,0
11.6,3486.0,10,1,1,8.8,70.9,Cajamarca,11.44,0
13.6,3486.0,22,1,1,9.8,76.4,Cajamarca,13.44,0
10.4,3225.0,14,1,1,9.2,73.3,Cajamarca,10.27,1
11.5,3225.0,12,1,1,8.0,70.2,Cajamarca,11.37,0
12.7,3225.0,11,1,1,8.7,67.5,Cajamarca,12.57,0
12.5,2952.0,24,0,1,12.3,80.7,Cajamarca,12.4,0
13.2,2952.0,11,0,1,8.7,69.3,Cajamarca,13.1,0
13.1,2952.0,9,0,1,8.4,66.2,Cajamarca,13.0,0
13.4,2952.0,23,0,1,10.0,77.3,Cajamarca,13.3,0
13.3,3330.0,28,1,1,13.6,87.3,Cajamarca,13.16,0
12.9,3330.0,27,0,1,10.1,83.7,Cajamarca,12.76,0
13.3,3330.0,34,1,1,13.5,92.0,Cajamarca,13.16,0
12.8,3330.0,11,1,1,9.0,70.6,Cajamarca,12.66,0
13.8,3330.0,26,1,1,11.8,84.8,Cajamarca,13.66,0
11.9,2796.0,20,0,1,12.1,82.3,Cajamarca,11.82,0
12.6,2796.0,14,1,1,10.7,75.1,Cajamarca,12.52,0
12.1,2796.0,28,0,1,11.4,84.8,Cajamarca,12.02,0
10.8,263.0,19,0,0,13.4,84.5,Callao,10.8,1
11.2,263.0,16,0,0,9.4,74.1,Callao,11.2,0
11.8,263.0,29,1,0,14.0,90.1,Callao,11.8,0
10.6,263.0,12,0,0,11.7,79.0,Callao,10.6,1
11.6,263.0,17,1,0,10.7,78.4,Callao,11.6,0
9.8,263.0,8,0,0,7.8,69.4,Callao,9.8,1
10.4,317.0,14,0,0,9.3,74.4,Callao,10.4,1
11.1,317.0,28,1,0,12.9,87.4,Callao,11.1,0
13.5,317.0,18,1,0,10.6,79.7,Callao,13.5,0
13.2,269.0,14,1,0,11.1,78.2,Callao,13.2,0
11.5,269.0,15,1,0,9.5,75.0,Callao,11.5,0
9.2,269.0,27,0,0,12.0,87.3,Callao,9.2,1
10.6,64.0,27,1,0,14.4,90.5,Callao,10.6,1
12.0,64.0,22,0,0,12.5,84.4,Callao,12.0,0
9.6,64.0,19,0,0,11.5,83.0,Callao,9.6,1
9.5,64.0,18,0,0,10.9,82.9,Callao,9.5,1
11.9,36.0,33,0,0,15.1,92.1,Callao,11.9,0
13.0,243.0,23,0,0,12.4,86.0,Callao,13.0,0
10.8,243.0,23,1,0,9.1,77.5,Callao,10.8,1
10.8,243.0,6,0,0,9.2,66.1,Callao,10.8,1
13.1,243.0,31,0,0,12.7,87.8,Callao,13.1,0
12.3,4.0,23,0,0,10.7,85.0,Callao,12.3,0
11.1,4.0,18,0,0,12.4,79.1,Callao,11.1,0
11.9,4.0,19,0,0,11.3,78.2,Callao,11.9,0
8.6,4.0,6,1,0,6.7,62.0,Callao,8.6,1
6.7,4.0,6,1,0,6.8,61.2,Callao,6.7,1
10.8,91.0,8,0,0,7.6,69.0,Callao,10.8,1
11.2,91.0,21,1,0,12.0,82.6,Callao,11.2,0
11.1,91.0,26,0,0,13.9,89.8,Callao,11.1,0
8.9,91.0,14,1,0,9.3,73.8,Callao,8.9,1
11.1,91.0,12,1,0,10.4,77.3,Callao,11.1,0
12.5,82.0,33,0,0,15.5,98.0,Callao,12.5,0
11.6,67.0,31,1,0,14.3,90.1,Callao,11.6,0
11.5,71.0,11,0,0,10.1,76.2,Callao,11.5,0
10.5,71.0,22,1,0,14.8,89.4,Callao,10.5,1
11.6,71.0,21,1,0,14.1,87.3,Callao,11.6,0
10.7,30.0,35,0,0,11.1,85.5,Callao,10.7,1
10.7,30.0,21,1,0,14.3,87.3,Callao,10.7,1
13.9,50.0,27,0,0,14.1,92.7,Callao,13.9,0
12.6,50.0,18,1,0,10.8,80.5,Callao,12.6,0
10.4,9.0,30,1,0,13.7,87.3,Callao,10.4,1
10.1,34.0,8,0,0,9.5,70.4,Callao,10.1,1
11.8,34.0,20,1,0,11.6,81.2,Callao,11.8,0
11.2,39.0,22,1,0,12.8,82.3,Callao,11.2,0
11.3,39.0,8,1,0,8.2,70.2,Callao,11.3,0
10.9,50.0,22,0,0,11.7,82.1,Callao,10.9,1
12.3,50.0,34,1,0,13.0,91.9,Callao,12.3,0
11.2,50.0,13,0,0,8.4,70.5,Callao,11.2,0
11.8,10.0,34,0,0,14.9,94.2,Callao,11.8,0
11.7,10.0,15,1,0,7.6,73.3,Callao,11.7,0
11.9,31.0,14,1,0,9.2,72.9,Callao,11.9,0
9.2,31.0,27,0,0,10.0,81.4,Callao,9.2,1
11.7,22.0,24,0,0,9.4,82.0,Callao,11.7,0
11.6,22.0,35,1,0,13.3,89.2,Callao,11.6,0
13.7,3430.0,9,1,0,9.6,71.5,Cusco,13.55,0
14.9,3430.0,34,1,0,16.0,93.8,Cusco,14.75,0
13.5,3388.0,7,1,0,7.5,67.6,Cusco,13.36,0
13.0,3388.0,27,0,0,11.4,82.6,Cusco,12.86,0
13.7,3388.0,24,1,0,13.4,86.5,Cusco,13.56,0
14.2,3388.0,22,0,0,11.2,82.3,Cusco,14.06,0
14.3,3388.0,26,0,0,11.0,84.3,Cusco,14.16,0
14.6,3359.0,24,0,0,10.8,86.3,Cusco,14.46,0
13.9,3359.0,24,1,0,14.7,93.8,Cusco,13.76,0
13.9,3476.0,27,0,0,11.4,83.8,Cusco,13.75,0
13.4,3476.0,23,0,0,12.4,83.4,Cusco,13.25,0
13.7,3476.0,23,0,0,12.6,83.4,Cusco,13.55,0
13.4,3494.0,34,1,0,14.0,94.0,Cusco,13.24,0
14.9,3494.0,33,1,0,16.1,92.8,Cusco,14.74,0
13.2,3350.0,13,1,0,9.1,74.7,Cusco,13.06,0
13.5,3350.0,35,0,0,14.6,93.7,Cusco,13.36,0
10.7,607.0,7,0,0,9.4,68.6,Cusco,10.7,1
14.5,3894.0,31,0,0,13.6,91.4,Cusco,14.29,0
15.0,3894.0,31,0,0,11.3,83.7,Cusco,14.79,0
13.5,3894.0,33,1,0,13.6,88.2,Cusco,13.29,0
12.8,3894.0,20,1,0,10.8,79.1,Cusco,12.59,0
13.1,3894.0,14,0,0,9.2,72.1,Cusco,12.89,0
13.5,3537.0,21,0,0,10.4,80.3,Cusco,13.34,0
7.9,529.0,13,1,0,8.7,75.1,Cusco,7.9,1
11.1,529.0,29,1,0,12.0,89.1,Cusco,11.1,0
10.8,529.0,21,0,0,10.0,78.3,Cusco,10.8,1
11.8,1646.0,17,0,1,12.7,83.2,Cusco,11.79,0
13.6,3126.0,31,0,1,13.2,89.2,Cusco,13.49,0
11.2,3126.0,9,0,1,8.7,70.0,Cusco,11.09,0
12.8,3126.0,26,1,1,11.2,82.5,Cusco,12.69,0
11.0,3126.0,11,1,1,9.2,74.5,Cusco,10.89,1
13.7,2798.0,19,0,1,9.9,78.4,Cusco,13.62,0
13.5,2798.0,22,0,1,11.2,82.0,Cusco,13.42,0
13.2,2798.0,28,0,1,12.5,87.2,Cusco,13.12,0
13.8,2798.0,28,0,1,13.1,88.0,Cusco,13.72,0
11.5,2798.0,9,0,1,9.1,71.3,Cusco,11.42,0
12.8,2798.0,22,1,1,10.6,84.5,Cusco,12.72,0
13.1,2798.0,27,1,1,11.1,80.4,Cusco,13.02,0
12.9,2798.0,15,1,1,10.2,76.0,Cusco,12.82,0
14.2,3766.0,17,0,1,10.4,77.9,Cusco,14.01,0
16.1,3931.0,9,0,1,7.3,66.2,Cusco,15.89,0
13.4,3931.0,22,1,1,13.0,84.2,Cusco,13.19,0
11.3,3931.0,24,1,1,13.0,88.4,Cusco,11.09,0
13.5,3931.0,26,0,1,12.1,84.1,Cusco,13.29,0
13.0,4149.0,24,0,1,10.6,80.1,Cusco,12.75,0
15.9,4149.0,31,0,1,11.3,82.0,Cusco,15.65,0
14.2,4149.0,12,0,1,9.3,71.0,Cusco,13.95,0
13.9,3703.0,16,1,0,8.1,76.8,Huancavelica,13.72,0
14.1,3691.0,19,0,0,10.4,71.1,Huancavelica,13.92,0
14.1,3691.0,33,1,0,16.5,97.5,Huancavelica,13.92,0
13.1,3667.0,34,0,0,11.7,87.4,Huancavelica,12.92,0
13.4,3667.0,34,0,0,11.6,87.0,Huancavelica,13.22,0
15.3,3667.0,33,0,0,11.9,88.8,Huancavelica,15.12,0
16.3,3667.0,8,0,0,7.2,65.1,Huancavelica,16.12,0
13.7,3264.0,31,0,0,13.0,88.2,Huancavelica,13.57,0
15.2,3264.0,13,0,0,9.3,72.2,Huancavelica,15.07,0
13.2,3264.0,7,0,0,9.2,69.8,Huancavelica,13.07,0
13.4,3264.0,23,1,0,11.1,81.8,Huancavelica,13.27,0
11.1,3293.0,16,0,0,12.0,80.5,Huancavelica,10.97,1
13.2,3293.0,28,0,0,11.5,84.5,Huancavelica,13.07,0
12.7,3293.0,21,1,0,8.8,75.7,Huancavelica,12.57,0
13.1,3293.0,17,1,0,10.2,77.3,Huancavelica,12.97,0
14.0,3293.0,19,0,0,9.0,76.6,Huancavelica,13.87,0
10.7,2987.0,15,1,1,9.4,74.6,Huancavelica,10.6,1
13.9,2987.0,23,1,1,11.9,83.4,Huancavelica,13.8,0
11.8,2987.0,11,1,1,8.7,71.4,Huancavelica,11.7,0
11.5,2987.0,12,0,1,8.6,72.7,Huancavelica,11.4,0
12.1,2197.0,21,0,1,9.9,80.2,Huancavelica,12.06,0
11.7,2197.0,6,1,1,8.7,63.8,Huancavelica,11.66,0
13.8,3645.0,33,0,1,11.6,87.0,Huancavelica,13.62,0
11.8,3645.0,11,1,1,8.0,71.2,Huancavelica,11.62,0
12.8,3548.0,32,0,1,10.9,81.2,Huancavelica,12.64,0
13.2,4003.0,15,1,1,9.8,73.8,Huancavelica,12.98,0
13.7,4003.0,17,0,1,10.5,76.5,Huancavelica,13.48,0
14.0,4003.0,34,1,1,14.0,89.9,Huancavelica,13.78,0
10.7,4003.0,9,1,1,9.3,69.1,Huancavelica,10.48,1
14.4,3453.0,18,0,1,10.4,74.5,Huancavelica,14.25,0
13.3,3453.0,20,0,1,8.0,76.3,Huancavelica,13.15,0
13.8,4000.0,19,1,1,11.1,80.4,Huancavelica,13.58,0
13.0,3597.0,28,1,1,11.7,85.0,Huancavelica,12.83,0
12.5,3597.0,20,0,1,8.5,75.9,Huancavelica,12.33,0
14.0,3597.0,11,0,1,7.5,66.8,Huancavelica,13.83,0
13.0,3597.0,9,0,1,9.0,67.8,Huancavelica,12.83,0
14.9,3597.0,29,0,1,14.5,90.6,Huancavelica,14.73,0
13.6,3597.0,28,1,1,12.9,85.1,Huancavelica,13.43,0
12.4,3597.0,20,0,1,9.5,77.9,Huancavelica,12.23,0
13.6,3597.0,26,0,1,12.7,84.6,Huancavelica,13.43,0
15.3,3837.0,34,0,1,11.7,90.0,Huancavelica,15.1,0
14.4,3837.0,34,1,1,14.0,88.2,Huancavelica,14.2,0
12.1,3949.0,13,1,1,7.8,69.8,Huancavelica,11.88,0
15.1,3949.0,33,0,1,9.7,84.1,Huancavelica,14.88,0
14.3,2718.0,26,1,1,10.9,83.3,Huancavelica,14.22,0
13.0,2718.0,9,1,1,8.5,69.9,Huancavelica,12.92,0
10.9,2038.0,9,0,0,8.1,66.4,Huanuco,10.87,1
11.4,2038.0,15,1,0,8.5,74.0,Huanuco,11.37,0
12.3,2038.0,24,1,0,10.1,80.4,Huanuco,12.27,0
13.2,2038.0,15,0,0,8.3,73.1,Huanuco,13.17,0
11.2,1973.0,8,0,0,7.0,65.6,Huanuco,11.18,0
13.8,1874.0,24,1,0,14.1,87.3,Huanuco,13.78,0
11.1,1874.0,21,1,0,15.0,89.4,Huanuco,11.08,0
10.6,1874.0,11,1,0,10.3,74.1,Huanuco,10.58,1
12.8,2044.0,35,0,0,11.6,87.0,Huanuco,12.77,0
10.4,2044.0,24,0,0,10.9,80.6,Huanuco,10.37,1
12.3,645.0,35,1,0,13.8,94.7,Huanuco,12.3,0
13.4,645.0,35,0,0,12.5,92.8,Huanuco,13.4,0
12.8,645.0,32,1,0,13.3,94.9,Huanuco,12.8,0
10.8,645.0,27,1,0,12.7,89.8,Huanuco,10.8,1
13.2,651.0,24,1,0,14.5,88.8,Huanuco,13.2,0
10.9,651.0,23,0,0,11.0,80.1,Huanuco,10.9,1
11.1,651.0,7,1,0,9.4,69.8,Huanuco,11.1,0
12.3,660.0,7,0,0,9.0,68.8,Huanuco,12.3,0
9.2,660.0,26,0,0,13.4,90.0,Huanuco,9.2,1
13.1,660.0,14,1,0,13.3,81.6,Huanuco,13.1,0
10.7,660.0,21,1,0,10.2,82.6,Huanuco,10.7,1
11.3,629.0,21,1,0,14.7,86.2,Huanuco,11.3,0
10.6,629.0,8,0,0,8.2,71.6,Huanuco,10.6,1
11.0,2137.0,17,0,0,9.5,76.9,Huanuco,10.97,1
12.9,2137.0,8,0,0,7.6,68.5,Huanuco,12.87,0
12.1,2137.0,23,0,0,10.7,83.6,Huanuco,12.07,0
11.6,2137.0,32,0,0,11.1,80.5,Huanuco,11.57,0
12.9,2137.0,17,0,0,10.2,82.5,Huanuco,12.87,0
11.2,513.0,35,0,1,12.7,89.4,Huanuco,11.2,0
11.4,513.0,11,0,1,9.5,73.0,Huanuco,11.4,0
10.9,513.0,23,1,1,13.2,86.3,Huanuco,10.9,1
11.3,1025.0,30,1,1,15.3,87.2,Huanuco,11.31,0
12.4,1025.0,10,0,1,6.6,68.9,Huanuco,12.41,0
11.8,1025.0,13,0,1,11.1,79.0,Huanuco,11.81,0
10.9,1025.0,7,0,1,6.7,64.3,Huanuco,10.91,1
11.5,1025.0,16,0,1,10.0,79.0,Huanuco,11.51,0
14.4,3586.0,16,1,1,9.4,75.6,Huanuco,14.23,0
12.7,3586.0,25,1,1,12.0,81.2,Huanuco,12.53,0
12.9,3311.0,21,1,1,10.0,78.5,Huanuco,12.76,0
15.0,3311.0,14,0,1,11.5,74.1,Huanuco,14.86,0
12.8,3311.0,32,0,1,11.1,81.1,Huanuco,12.66,0
13.9,3311.0,11,0,1,8.5,71.3,Huanuco,13.76,0
12.1,3506.0,10,0,1,7.8,65.9,Huanuco,11.94,0
12.4,3506.0,12,0,1,9.0,71.1,Huanuco,12.24,0
12.2,3506.0,15,0,1,8.9,73.5,Huanuco,12.04,0
15.1,3506.0,35,0,1,14.0,91.3,Huanuco,14.94,0
12.7,3423.0,25,1,1,12.4,85.9,Huanuco,12.55,0
14.7,3423.0,17,1,1,10.0,76.3,Huanuco,14.55,0
13.3,3423.0,33,0,1,13.0,88.7,Huanuco,13.15,0
13.4,3423.0,15,0,1,10.4,74.6,Huanuco,13.25,0
13.8,2789.0,32,0,1,15.7,90.7,Huanuco,13.72,0
13.9,2789.0,28,0,1,13.9,88.0,Huanuco,13.82,0
10.6,2789.0,11,1,1,8.7,72.5,Huanuco,10.52,1
11.9,2789.0,16,0,1,11.7,78.3,Huanuco,11.82,0
13.6,2789.0,31,1,1,11.4,84.2,Huanuco,13.52,0
11.8,2789.0,11,0,1,7.9,68.6,Huanuco,11.72,0
10.8,2324.0,17,0,1,8.1,70.3,Huanuco,10.76,1
12.4,2324.0,29,1,1,11.3,86.4,Huanuco,12.36,0
14.4,2880.0,26,0,1,12.1,82.4,Huanuco,14.31,0
15.4,2880.0,8,0,1,8.6,69.2,Huanuco,15.31,0
11.4,2880.0,17,0,1,12.6,73.4,Huanuco,11.31,0
14.7,2880.0,33,1,1,13.1,90.9,Huanuco,14.61,0
10.7,225.0,35,1,1,13.0,90.7,Huanuco,10.7,1
11.5,225.0,12,1,1,10.9,75.3,Huanuco,11.5,0
11.5,225.0,35,0,1,12.5,94.5,Huanuco,11.5,0
7.7,225.0,15,0,1,8.7,73.2,Huanuco,7.7,1
11.3,225.0,30,1,1,12.4,87.3,Huanuco,11.3,0
11.0,225.0,15,0,1,10.5,79.0,Huanuco,11.0,0
9.8,225.0,17,1,1,8.4,74.5,Huanuco,9.8,1
12.0,2723.0,7,0,1,7.8,68.0,Huanuco,11.92,0
12.4,2723.0,14,0,1,9.2,72.5,Huanuco,12.32,0
12.9,2723.0,29,0,1,12.3,89.7,Huanuco,12.82,0
14.6,2723.0,13,0,1,11.8,74.8,Huanuco,14.52,0
11.1,407.0,26,0,0,11.2,81.8,Ica,11.1,0
11.6,407.0,15,0,0,9.8,76.3,Ica,11.6,0
11.3,407.0,6,0,0,8.3,64.3,Ica,11.3,0
11.4,404.0,8,0,0,9.1,67.9,Ica,11.4,0
11.9,403.0,27,0,0,18.4,91.4,Ica,11.9,0
11.8,403.0,8,1,0,9.6,70.3,Ica,11.8,0
13.1,403.0,27,0,0,14.1,87.2,Ica,13.1,0
10.1,403.0,10,1,0,9.1,72.9,Ica,10.1,1
12.3,403.0,16,0,0,10.8,78.0,Ica,12.3,0
10.9,403.0,35,0,0,13.5,94.9,Ica,10.9,1
12.8,403.0,25,0,0,14.5,89.1,Ica,12.8,0
12.5,403.0,34,1,0,13.7,92.5,Ica,12.5,0
12.0,399.0,20,0,0,10.5,83.8,Ica,12.0,0
11.8,399.0,31,1,0,14.0,90.0,Ica,11.8,0
10.3,125.0,14,1,0,8.9,73.0,Ica,10.3,1
11.9,125.0,21,0,0,12.3,81.4,Ica,11.9,0
11.5,125.0,34,1,0,13.9,88.6,Ica,11.5,0
11.2,113.0,15,1,0,10.6,78.9,Ica,11.2,0
13.0,113.0,31,1,0,13.3,95.9,Ica,13.0,0
10.9,113.0,23,1,0,13.8,91.4,Ica,10.9,1
9.6,94.0,8,0,0,6.9,63.4,Ica,9.6,1
10.8,94.0,11,1,0,10.2,69.2,Ica,10.8,1
11.7,17.0,10,1,0,9.1,72.6,Ica,11.7,0
12.2,17.0,32,1,0,14.5,94.0,Ica,12.2,0
11.1,19.0,19,1,0,11.0,83.9,Ica,11.1,0
12.0,19.0,17,0,0,11.2,82.5,Ica,12.0,0
10.6,19.0,24,0,0,9.9,84.4,Ica,10.6,1
10.6,402.0,9,1,0,9.3,70.7,Ica,10.6,1
12.9,378.0,35,1,0,17.2,97.9,Ica,12.9,0
10.7,378.0,16,1,0,9.5,74.8,Ica,10.7,1
12.8,328.0,25,0,0,14.1,88.8,Ica,12.8,0
10.5,328.0,20,1,0,13.2,82.3,Ica,10.5,1
12.3,440.0,26,0,0,13.2,85.4,Ica,12.3,0
11.0,440.0,25,1,0,12.5,86.5,Ica,11.0,0
10.6,440.0,11,1,0,8.0,69.8,Ica,10.6,1
12.4,188.0,21,0,0,11.7,82.2,Ica,12.4,0
12.2,188.0,6,0,0,7.6,65.8,Ica,12.2,0
11.0,126.0,9,0,0,8.1,66.5,Ica,11.0,0
12.0,56.0,25,0,0,11.3,83.8,Ica,12.0,0
11.0,56.0,29,1,0,13.1,86.8,Ica,11.0,0
11.2,56.0,25,1,0,13.7,88.8,Ica,11.2,0
9.3,56.0,11,1,0,10.5,76.3,Ica,9.3,1
13.1,80.0,34,1,0,12.0,90.5,Ica,13.1,0
10.8,80.0,22,1,0,11.0,83.8,Ica,10.8,1
10.9,80.0,13,0,0,8.6,71.9,Ica,10.9,1
10.8,417.0,22,0,0,10.8,82.9,Ica,10.8,1
10.6,417.0,23,1,0,10.4,83.4,Ica,10.6,1
14.5,3637.0,32,1,1,12.6,86.8,Ica,14.33,0
14.1,3637.0,23,1,1,11.7,83.3,Ica,13.93,0
14.1,3637.0,8,1,1,8.4,68.3,Ica,13.93,0
10.4,377.0,13,0,1,11.0,75.9,Ica,10.4,1
11.1,377.0,33,0,1,14.7,99.1,Ica,11.1,0
9.6,377.0,15,0,1,11.6,81.3,Ica,9.6,1
15.1,3262.0,8,1,0,8.1,71.5,Junin,14.97,0
12.9,3262.0,23,1,0,9.1,80.3,Junin,12.77,0
12.7,3291.0,34,0,0,11.3,88.6,Junin,12.57,0
12.3,3291.0,19,0,0,10.6,76.8,Junin,12.17,0
11.8,3244.0,13,0,0,8.3,70.5,Junin,11.67,0
15.3,3244.0,25,0,0,11.2,81.7,Junin,15.17,0
14.0,3244.0,35,1,0,14.4,95.6,Junin,13.87,0
13.8,3241.0,31,0,0,11.6,89.1,Junin,13.67,0
14.0,3241.0,25,1,0,11.7,83.4,Junin,13.87,0
11.0,3264.0,10,0,0,9.8,71.7,Junin,10.87,1
13.4,3323.0,10,0,0,9.6,71.0,Junin,13.26,0
14.1,4113.0,22,0,0,11.1,78.7,Junin,13.86,0
13.8,4113.0,7,0,0,7.5,66.1,Junin,13.56,0
13.8,4113.0,18,1,0,10.4,79.5,Junin,13.56,0
14.0,4113.0,15,0,0,8.8,74.0,Junin,13.76,0
14.2,4113.0,17,0,0,9.5,75.9,Junin,13.96,0
13.5,3362.0,8,1,0,9.1,69.5,Junin,13.36,0
13.5,3362.0,33,0,0,12.9,89.0,Junin,13.36,0
13.2,3245.0,18,1,0,9.2,81.0,Junin,13.07,0
13.1,3245.0,6,0,0,9.1,67.2,Junin,12.97,0
14.7,3245.0,17,1,0,9.8,75.0,Junin,14.57,0
12.8,3272.0,24,1,0,15.7,90.0,Junin,12.67,0
13.0,3272.0,19,1,0,10.3,83.1,Junin,12.87,0
13.8,3272.0,6,1,0,7.7,66.2,Junin,13.67,0
12.7,3272.0,11,1,0,9.8,71.3,Junin,12.57,0
12.4,3272.0,6,0,0,6.9,61.3,Junin,12.27,0
11.8,3272.0,24,0,0,9.8,79.6,Junin,11.67,0
11.2,612.0,19,1,0,9.6,76.0,Junin,11.2,0
11.3,612.0,32,1,0,13.3,90.4,Junin,11.3,0
11.2,532.0,8,1,0,8.0,69.2,Junin,11.2,0
11.1,532.0,13,0,0,9.6,73.5,Junin,11.1,0
10.8,532.0,6,0,0,8.0,66.0,Junin,10.8,1
11.3,532.0,25,0,0,9.8,80.2,Junin,11.3,0
14.5,3324.0,33,1,0,13.8,88.2,Junin,14.36,0
15.0,3324.0,11,0,0,9.5,74.1,Junin,14.86,0
14.9,3324.0,30,0,0,11.1,84.9,Junin,14.76,0
13.4,3324.0,30,0,0,11.9,86.0,Junin,13.26,0
13.1,3324.0,27,1,0,13.9,89.0,Junin,12.96,0
12.2,3244.0,9,1,0,9.9,70.2,Junin,12.07,0
13.7,3244.0,24,1,0,11.0,83.4,Junin,13.57,0
14.6,3244.0,6,1,0,8.5,67.9,Junin,14.47,0
13.3,3773.0,25,0,1,10.2,84.6,Junin,13.11,0
14.1,3773.0,30,0,1,11.2,85.9,Junin,13.91,0
13.4,3773.0,25,0,1,10.1,81.0,Junin,13.21,0
15.3,3773.0,30,0,1,10.5,83.1,Junin,15.11,0
14.0,3773.0,18,0,1,9.9,75.5,Junin,13.81,0
13.2,3773.0,6,1,1,6.4,60.4,Junin,13.01,0
11.3,496.0,18,0,1,8.6,75.9,Junin,11.3,0
10.5,496.0,28,1,1,13.7,86.1,Junin,10.5,1
10.6,496.0,34,0,1,11.8,85.0,Junin,10.6,1
12.8,496.0,24,1,1,11.7,83.2,Junin,12.8,0
10.9,496.0,33,0,1,12.2,90.3,Junin,10.9,1
11.5,496.0,17,1,1,11.7,80.5,Junin,11.5,0
11.1,566.0,28,0,1,10.4,81.7,Junin,11.1,0
11.7,566.0,31,1,1,13.8,90.9,Junin,11.7,0
12.1,3931.0,17,0,1,9.2,75.5,Junin,11.89,0
14.2,3376.0,22,1,1,10.9,83.1,Junin,14.06,0
11.4,3376.0,14,0,1,9.5,76.0,Junin,11.26,0
12.5,3376.0,24,1,1,11.7,80.8,Junin,12.36,0
12.9,3376.0,12,0,1,8.5,71.1,Junin,12.76,0
12.2,92.0,33,0,0,14.3,92.6,La Libertad,12.2,0
12.7,92.0,24,0,0,13.0,86.7,La Libertad,12.7,0
11.4,70.0,15,1,0,13.2,77.9,La Libertad,11.4,0
11.1,70.0,35,0,0,12.0,94.1,La Libertad,11.1,0
10.0,66.0,33,1,0,14.5,92.4,La Libertad,10.0,1
9.7,66.0,10,0,0,9.2,70.5,La Libertad,9.7,1
11.6,66.0,31,0,0,11.2,87.0,La Libertad,11.6,0
11.1,66.0,24,1,0,11.6,84.4,La Libertad,11.1,0
10.0,66.0,8,0,0,9.4,70.4,La Libertad,10.0,1
10.7,66.0,22,0,0,9.9,81.6,La Libertad,10.7,1
6.3,27.0,13,1,0,11.1,79.1,La Libertad,6.3,1
10.8,26.0,7,0,0,8.7,70.7,La Libertad,10.8,1
13.4,26.0,7,1,0,10.1,70.5,La Libertad,13.4,0
11.4,27.0,31,1,0,16.7,94.7,La Libertad,11.4,0
12.5,27.0,20,0,0,10.4,80.9,La Libertad,12.5,0
12.0,162.0,30,1,0,13.4,92.2,La Libertad,12.0,0
11.9,162.0,28,1,0,12.7,88.6,La Libertad,11.9,0
11.9,162.0,6,0,0,7.6,64.8,La Libertad,11.9,0
10.7,162.0,10,0,0,9.2,71.8,La Libertad,10.7,1
10.3,162.0,6,0,0,7.6,66.9,La Libertad,10.3,1
8.6,133.0,7,1,0,8.1,72.2,La Libertad,8.6,1
11.1,133.0,17,0,0,9.8,78.5,La Libertad,11.1,0
10.6,133.0,35,0,0,12.5,82.8,La Libertad,10.6,1
11.7,167.0,34,0,0,10.7,85.9,La Libertad,11.7,0
10.0,167.0,7,1,0,10.1,69.5,La Libertad,10.0,1
11.7,167.0,18,0,0,10.1,78.6,La Libertad,11.7,0
10.4,167.0,10,0,0,8.6,71.2,La Libertad,10.4,1
10.1,94.0,32,1,0,13.4,92.8,La Libertad,10.1,1
12.3,162.0,14,0,0,9.3,74.1,La Libertad,12.3,0
11.2,162.0,6,0,0,7.3,64.4,La Libertad,11.2,0
10.5,162.0,15,0,0,9.8,76.8,La Libertad,10.5,1
11.7,162.0,17,1,0,9.8,77.9,La Libertad,11.7,0
11.4,91.0,17,1,0,10.6,77.7,La Libertad,11.4,0
12.0,91.0,10,0,0,10.1,74.3,La Libertad,12.0,0
12.1,91.0,26,1,0,13.3,86.3,La Libertad,12.1,0
10.8,39.0,7,1,0,9.5,71.2,La Libertad,10.8,1
10.7,39.0,7,1,0,8.2,70.0,La Libertad,10.7,1
10.4,39.0,20,0,0,9.5,81.4,La Libertad,10.4,1
11.5,39.0,26,1,0,10.2,82.1,La Libertad,11.5,0
10.7,39.0,28,0,0,9.8,80.5,La Libertad,10.7,1
12.3,145.0,15,1,0,10.1,75.8,La Libertad,12.3,0
12.8,10.0,20,0,0,8.4,76.9,La Libertad,12.8,0
11.3,857.0,9,0,1,8.1,68.6,La Libertad,11.3,0
7.6,857.0,7,1,1,9.8,68.9,La Libertad,7.6,1
12.3,857.0,25,1,1,15.2,94.5,La Libertad,12.3,0
11.0,857.0,23,1,1,12.0,83.9,La Libertad,11.0,0
12.5,857.0,23,0,1,11.8,84.4,La Libertad,12.5,0
11.4,857.0,33,1,1,12.5,86.5,La Libertad,11.4,0
13.7,3630.0,21,1,1,10.9,80.0,La Libertad,13.53,0
12.1,3630.0,13,1,1,8.8,74.0,La Libertad,11.93,0
13.5,3630.0,25,1,1,14.9,88.2,La Libertad,13.33,0
13.5,3020.0,33,0,1,12.1,87.0,La Libertad,13.4,0
14.9,3020.0,12,0,1,7.9,67.6,La Libertad,14.8,0
12.2,3020.0,13,1,1,9.4,75.3,La Libertad,12.1,0
13.0,3020.0,19,1,1,9.0,73.6,La Libertad,12.9,0
12.6,3020.0,11,1,1,7.6,68.9,La Libertad,12.5,0
13.2,3020.0,20,0,1,9.5,76.0,La Libertad,13.1,0
11.1,3020.0,20,0,1,7.0,68.0,La Libertad,11.0,0
12.9,3020.0,34,1,1,11.6,85.0,La Libertad,12.8,0
14.7,3085.0,21,1,1,9.6,75.9,La Libertad,14.59,0
13.5,3085.0,13,1,1,11.5,75.9,La Libertad,13.39,0
14.5,3085.0,34,0,1,10.2,82.4,La Libertad,14.39,0
12.6,3085.0,14,1,1,10.3,72.7,La Libertad,12.49,0
12.6,3085.0,14,1,1,10.9,76.7,La Libertad,12.49,0
13.4,3085.0,14,1,1,7.8,70.5,La Libertad,13.29,0
13.6,3085.0,31,1,1,12.7,88.2,La Libertad,13.49,0
15.0,3085.0,21,0,1,10.8,79.9,La Libertad,14.89,0
11.6,28.0,13,0,0,9.9,77.3,Lambayeque,11.6,0
12.8,28.0,32,1,0,14.2,92.9,Lambayeque,12.8,0
11.9,28.0,21,1,0,13.5,85.5,Lambayeque,11.9,0
13.4,32.0,30,0,0,17.0,93.4,Lambayeque,13.4,0
10.9,32.0,31,0,0,12.3,88.1,Lambayeque,10.9,1
9.4,32.0,8,1,0,8.8,69.2,Lambayeque,9.4,1
10.7,32.0,20,1,0,11.3,83.3,Lambayeque,10.7,1
12.7,33.0,23,0,0,10.7,83.0,Lambayeque,12.7,0
10.3,33.0,8,0,0,8.1,68.3,Lambayeque,10.3,1
10.2,33.0,17,0,0,10.5,78.3,Lambayeque,10.2,1
11.2,33.0,22,0,0,15.9,91.9,Lambayeque,11.2,0
11.6,34.0,26,1,0,12.0,85.0,Lambayeque,11.6,0
11.8,34.0,18,0,0,9.6,76.7,Lambayeque,11.8,0
11.5,36.0,6,0,0,5.8,64.3,Lambayeque,11.5,0
11.4,26.0,28,0,0,11.9,87.3,Lambayeque,11.4,0
12.0,28.0,24,1,0,11.6,88.8,Lambayeque,12.0,0
12.3,28.0,8,0,0,8.4,68.6,Lambayeque,12.3,0
11.7,27.0,15,0,0,14.8,76.4,Lambayeque,11.7,0
10.7,27.0,26,1,0,11.0,86.4,Lambayeque,10.7,1
11.0,27.0,29,0,0,11.5,85.0,Lambayeque,11.0,0
11.9,27.0,19,0,0,15.0,84.3,Lambayeque,11.9,0
11.4,29.0,20,1,0,11.4,82.4,Lambayeque,11.4,0
13.0,29.0,28,1,0,12.7,90.1,Lambayeque,13.0,0
10.8,29.0,13,0,0,9.4,76.1,Lambayeque,10.8,1
11.4,25.0,18,0,0,9.2,78.2,Lambayeque,11.4,0
10.4,25.0,20,1,0,11.6,82.9,Lambayeque,10.4,1
9.8,25.0,34,0,0,12.9,90.4,Lambayeque,9.8,1
9.8,25.0,31,0,0,11.8,90.0,Lambayeque,9.8,1
11.7,19.0,31,1,0,14.3,94.5,Lambayeque,11.7,0
12.4,19.0,16,0,0,9.1,76.7,Lambayeque,12.4,0
11.3,19.0,16,0,0,10.6,80.6,Lambayeque,11.3,0
11.2,19.0,27,1,0,14.1,90.4,Lambayeque,11.2,0
10.8,20.0,14,1,0,11.5,77.0,Lambayeque,10.8,1
11.5,20.0,21,0,0,9.6,79.7,Lambayeque,11.5,0
11.1,20.0,19,1,0,10.9,80.2,Lambayeque,11.1,0
11.6,46.0,24,0,0,12.2,85.3,Lambayeque,11.6,0
11.7,46.0,16,1,0,13.0,81.9,Lambayeque,11.7,0
11.9,140.0,35,0,0,16.3,95.4,Lambayeque,11.9,0
11.3,140.0,26,0,0,10.8,83.3,Lambayeque,11.3,0
9.9,140.0,17,0,0,9.6,77.1,Lambayeque,9.9,1
10.2,36.0,29,0,0,10.1,82.3,Lambayeque,10.2,1
10.3,36.0,33,0,0,11.6,85.2,Lambayeque,10.3,1
11.5,36.0,17,0,0,9.6,75.4,Lambayeque,11.5,0
11.8,36.0,23,0,0,12.2,82.1,Lambayeque,11.8,0
11.8,36.0,17,1,0,8.3,76.2,Lambayeque,11.8,0
10.5,36.0,32,1,0,12.4,90.0,Lambayeque,10.5,1
11.9,7.0,29,0,0,13.2,89.1,Lambayeque,11.9,0
8.6,7.0,8,1,0,8.5,72.7,Lambayeque,8.6,1
10.7,7.0,25,1,0,10.4,86.3,Lambayeque,10.7,1
12.5,7.0,32,1,0,13.5,90.8,Lambayeque,12.5,0
11.6,7.0,27,1,0,13.5,84.7,Lambayeque,11.6,0
12.0,7.0,34,0,0,13.0,91.2,Lambayeque,12.0,0
12.1,12.0,14,1,0,7.6,70.1,Lambayeque,12.1,0
10.4,12.0,6,1,0,7.6,66.6,Lambayeque,10.4,1
11.5,12.0,18,1,0,11.0,76.5,Lambayeque,11.5,0
13.1,4.0,18,0,0,13.9,83.5,Lambayeque,13.1,0
10.9,4.0,10,0,0,9.3,73.7,Lambayeque,10.9,1
11.8,4.0,23,0,0,12.0,81.1,Lambayeque,11.8,0
11.5,34.0,27,0,1,11.8,87.8,Lambayeque,11.5,0
12.2,34.0,18,0,1,11.9,82.0,Lambayeque,12.2,0
11.2,34.0,22,1,1,11.6,83.5,Lambayeque,11.2,0
10.5,34.0,26,0,1,12.5,84.0,Lambayeque,10.5,1
10.5,34.0,17,0,1,11.1,77.5,Lambayeque,10.5,1
13.6,3054.0,6,1,1,9.7,65.0,Lambayeque,13.49,0
12.2,3054.0,23,0,1,9.5,75.3,Lambayeque,12.09,0
13.0,124.0,19,1,1,12.2,85.2,Lambayeque,13.0,0
11.2,124.0,11,0,1,8.7,70.0,Lambayeque,11.2,0
11.2,124.0,25,1,1,11.0,84.0,Lambayeque,11.2,0
11.7,124.0,15,1,1,10.2,75.7,Lambayeque,11.7,0
11.5,124.0,17,0,1,10.6,79.8,Lambayeque,11.5,0
10.6,124.0,20,1,1,9.7,81.8,Lambayeque,10.6,1
11.1,189.0,6,1,0,7.8,66.4,Lima,11.1,0
10.8,31.0,16,0,0,9.8,80.4,Lima,10.8,1
10.9,69.0,11,0,0,9.0,72.1,Lima,10.9,1
9.3,69.0,14,0,0,10.3,75.9,Lima,9.3,1
9.0,92.0,16,0,0,11.1,80.2,Lima,9.0,1
12.5,92.0,28,0,0,10.6,84.5,Lima,12.5,0
9.3,92.0,13,0,0,11.8,77.4,Lima,9.3,1
11.2,92.0,9,0,0,8.9,68.6,Lima,11.2,0
11.0,57.0,14,1,0,10.7,75.2,Lima,11.0,0
12.2,57.0,22,1,0,15.1,88.1,Lima,12.2,0
11.3,186.0,21,1,0,13.2,85.9,Lima,11.3,0
11.8,186.0,20,0,0,11.0,84.2,Lima,11.8,0
12.4,186.0,22,0,0,10.2,81.6,Lima,12.4,0
10.0,162.0,7,1,0,8.9,65.0,Lima,10.0,1
11.0,162.0,6,1,0,10.1,72.2,Lima,11.0,0
10.2,109.0,32,1,0,13.9,93.6,Lima,10.2,1
10.9,143.0,26,1,0,12.1,87.3,Lima,10.9,1
8.4,149.0,29,0,0,12.4,90.0,Lima,8.4,1
11.3,177.0,9,0,0,9.9,71.8,Lima,11.3,0
11.8,177.0,29,1,0,13.2,90.4,Lima,11.8,0
11.6,177.0,21,1,0,14.0,86.5,Lima,11.6,0
11.7,177.0,32,0,0,15.1,90.9,Lima,11.7,0
10.9,477.0,34,1,0,15.5,90.8,Lima,10.9,1
11.1,477.0,32,0,0,11.9,86.8,Lima,11.1,0
11.7,355.0,27,0,0,13.2,87.4,Lima,11.7,0
9.4,355.0,20,0,0,10.4,79.1,Lima,9.4,1
11.2,314.0,13,0,0,11.1,77.5,Lima,11.2,0
11.9,217.0,35,0,0,12.9,89.7,Lima,11.9,0
9.7,217.0,14,0,0,10.4,74.0,Lima,9.7,1
11.6,217.0,29,0,0,12.8,91.6,Lima,11.6,0
10.2,321.0,6,0,0,7.4,67.9,Lima,10.2,1
10.8,321.0,18,0,0,12.1,80.0,Lima,10.8,1
13.0,321.0,31,0,0,21.6,99.5,Lima,13.0,0
10.8,405.0,15,1,0,10.4,79.3,Lima,10.8,1
12.3,405.0,32,0,0,13.2,90.9,Lima,12.3,0
10.8,405.0,6,1,0,10.8,71.1,Lima,10.8,1
11.3,550.0,12,1,0,9.4,73.0,Lima,11.3,0
13.0,550.0,27,1,0,13.1,89.6,Lima,13.0,0
9.8,280.0,17,1,0,14.1,84.9,Lima,9.8,1
10.7,83.0,7,0,0,7.6,66.7,Lima,10.7,1
11.6,83.0,18,0,0,10.0,77.2,Lima,11.6,0
11.0,83.0,9,0,0,8.1,67.7,Lima,11.0,0
10.0,114.0,33,1,0,14.7,96.8,Lima,10.0,1
11.2,114.0,33,0,0,14.6,94.4,Lima,11.2,0
11.7,114.0,32,0,0,12.8,90.6,Lima,11.7,0
12.0,117.0,14,1,0,11.9,80.9,Lima,12.0,0
9.3,117.0,11,0,0,9.2,72.6,Lima,9.3,1
11.4,156.0,26,0,0,11.2,85.0,Lima,11.4,0
10.1,156.0,14,1,0,11.2,76.5,Lima,10.1,1
11.7,177.0,13,0,0,7.5,73.7,Lima,11.7,0
9.6,177.0,8,0,0,9.2,69.6,Lima,9.6,1
10.9,177.0,15,1,0,9.0,75.5,Lima,10.9,1
10.7,120.0,6,0,0,8.3,66.8,Lima,10.7,1
10.3,120.0,7,1,0,7.2,64.9,Lima,10.3,1
9.8,120.0,7,0,0,6.2,64.1,Lima,9.8,1
10.7,120.0,26,0,0,10.8,82.5,Lima,10.7,1
10.0,111.0,7,0,0,8.6,65.2,Lima,10.0,1
11.0,111.0,35,0,0,12.8,90.4,Lima,11.0,0
11.3,111.0,9,0,0,7.9,68.6,Lima,11.3,0
9.8,151.0,11,1,0,9.4,75.5,Lima,9.8,1
11.7,171.0,34,1,0,14.8,94.8,Lima,11.7,0
12.2,171.0,27,0,0,12.7,90.7,Lima,12.2,0
7.9,150.0,6,1,0,8.0,67.3,Lima,7.9,1
11.6,44.0,31,0,0,13.5,88.2,Lima,11.6,0
10.4,5.0,10,1,0,7.5,71.8,Lima,10.4,1
11.3,5.0,18,1,0,10.2,77.5,Lima,11.3,0
12.5,5.0,23,0,0,14.1,88.7,Lima,12.5,0
12.4,74.0,26,0,0,12.3,84.9,Lima,12.4,0
12.4,74.0,16,0,0,10.5,76.2,Lima,12.4,0
10.7,74.0,28,0,0,10.6,83.6,Lima,10.7,1
12.2,119.0,30,0,0,13.0,91.6,Lima,12.2,0
9.4,119.0,9,1,0,9.9,71.0,Lima,9.4,1
11.6,119.0,15,1,0,11.8,77.3,Lima,11.6,0
12.0,119.0,30,1,0,15.6,94.6,Lima,12.0,0
11.2,119.0,6,1,0,8.2,67.9,Lima,11.2,0
12.4,104.0,32,0,0,10.4,84.5,Lima,12.4,0
12.7,119.0,19,0,0,10.6,80.5,Lima,12.7,0
12.7,238.0,21,0,0,8.7,78.2,Lima,12.7,0
12.4,168.0,35,0,0,12.8,90.3,Lima,12.4,0
10.6,168.0,12,0,0,8.8,71.7,Lima,10.6,1
7.3,168.0,11,1,0,10.1,74.0,Lima,7.3,1
11.4,168.0,31,0,0,12.1,90.1,Lima,11.4,0
10.4,152.0,7,1,0,7.9,65.6,Lima,10.4,1
10.3,132.0,8,0,0,9.4,68.6,Lima,10.3,1
11.2,132.0,35,0,0,14.9,97.2,Lima,11.2,0
11.0,132.0,35,0,0,13.8,95.5,Lima,11.0,0
12.2,132.0,17,1,0,11.7,81.2,Lima,12.2,0
12.0,132.0,33,0,0,12.0,87.2,Lima,12.0,0
11.6,446.0,11,0,0,8.0,71.0,Lima,11.6,0
12.1,446.0,13,0,0,9.9,77.8,Lima,12.1,0
11.7,446.0,23,1,0,14.0,88.2,Lima,11.7,0
9.6,30.0,12,1,0,11.8,77.1,Lima,9.6,1
9.7,30.0,12,1,0,12.2,75.1,Lima,9.7,1
10.4,30.0,29,0,0,12.9,88.8,Lima,10.4,1
11.2,226.0,26,1,0,11.7,86.7,Lima,11.2,0
11.7,226.0,29,1,0,15.7,95.9,Lima,11.7,0
10.6,298.0,13,1,0,8.7,77.1,Lima,10.6,1
11.8,298.0,27,1,0,15.3,91.5,Lima,11.8,0
12.1,655.0,28,1,0,16.9,90.9,Lima,12.1,0
10.3,655.0,31,1,0,12.5,86.9,Lima,10.3,1
11.5,655.0,8,1,0,8.8,70.2,Lima,11.5,0
9.5,655.0,19,0,0,10.8,80.5,Lima,9.5,1
11.4,549.0,11,1,0,10.6,75.5,Lima,11.4,0
11.9,355.0,32,0,0,11.3,89.1,Lima,11.9,0
12.0,355.0,7,0,0,7.1,66.6,Lima,12.0,0
11.6,355.0,7,0,0,7.0,65.9,Lima,11.6,0
10.2,355.0,8,0,0,8.0,67.0,Lima,10.2,1
11.2,355.0,34,0,0,11.5,87.0,Lima,11.2,0
12.1,355.0,17,1,0,10.4,76.8,Lima,12.1,0
11.9,531.0,18,1,0,10.8,78.0,Lima,11.9,0
12.0,531.0,17,0,0,12.9,80.3,Lima,12.0,0
10.8,200.0,24,0,0,12.6,84.7,Lima,10.8,1
12.0,200.0,18,0,0,12.5,83.6,Lima,12.0,0
13.1,49.0,34,1,0,15.1,93.1,Lima,13.1,0
10.5,40.0,18,0,0,10.4,79.4,Lima,10.5,1
10.9,40.0,8,0,0,7.9,70.6,Lima,10.9,1
10.9,40.0,26,1,0,15.2,89.7,Lima,10.9,1
10.6,40.0,13,0,0,9.1,72.6,Lima,10.6,1
12.2,45.0,16,0,0,8.5,77.6,Lima,12.2,0
10.1,54.0,24,0,0,11.9,86.0,Lima,10.1,1
12.0,54.0,32,1,0,14.5,93.3,Lima,12.0,0
11.5,54.0,21,0,0,11.1,81.1,Lima,11.5,0
9.8,54.0,21,1,0,12.6,82.7,Lima,9.8,1
12.0,54.0,34,0,0,15.1,91.5,Lima,12.0,0
11.1,88.0,33,0,0,13.2,91.8,Lima,11.1,0
11.1,88.0,17,0,0,9.1,75.4,Lima,11.1,0
11.2,88.0,27,0,0,13.3,92.5,Lima,11.2,0
11.5,88.0,35,0,0,11.9,87.2,Lima,11.5,0
11.8,59.0,34,0,0,13.7,89.2,Lima,11.8,0
10.8,18.0,8,1,0,8.9,68.7,Lima,10.8,1
10.3,18.0,25,1,0,14.8,87.4,Lima,10.3,1
9.0,18.0,9,1,0,8.3,67.6,Lima,9.0,1
11.2,18.0,34,1,0,15.1,93.2,Lima,11.2,0
10.8,18.0,20,1,0,11.7,82.3,Lima,10.8,1
11.5,174.0,14,0,0,8.8,71.5,Lima,11.5,0
9.7,174.0,14,1,0,8.1,72.3,Lima,9.7,1
13.5,174.0,26,1,0,14.1,91.5,Lima,13.5,0
9.8,174.0,18,1,0,11.9,80.1,Lima,9.8,1
9.6,174.0,10,0,0,10.0,72.0,Lima,9.6,1
11.0,174.0,16,0,0,9.6,78.3,Lima,11.0,0
11.6,174.0,20,1,0,9.1,82.7,Lima,11.6,0
12.1,3175.0,17,0,0,10.4,79.7,Lima,11.98,0
13.9,3175.0,16,0,0,8.7,71.3,Lima,13.78,0
11.5,3175.0,24,1,0,11.0,82.9,Lima,11.38,0
10.6,38.0,33,0,0,12.7,89.0,Lima,10.6,1
10.9,38.0,9,1,0,7.6,67.1,Lima,10.9,1
10.7,38.0,20,0,0,11.8,82.0,Lima,10.7,1
11.7,38.0,10,1,0,8.1,70.4,Lima,11.7,0
10.1,38.0,15,0,0,10.7,75.8,Lima,10.1,1
11.8,86.0,18,1,0,9.5,79.0,Lima,11.8,0
9.7,86.0,25,0,0,11.9,83.9,Lima,9.7,1
14.9,86.0,6,0,0,7.0,65.3,Lima,14.9,0
12.2,4.0,26,1,0,17.9,91.5,Lima,12.2,0
11.0,4.0,21,0,0,10.3,82.2,Lima,11.0,0
9.5,147.0,11,1,1,9.4,72.2,Lima,9.5,1
9.2,147.0,10,1,1,11.2,73.3,Lima,9.2,1
10.7,147.0,19,0,1,9.4,73.2,Lima,10.7,1
11.3,147.0,7,0,1,6.6,61.5,Lima,11.3,0
9.6,147.0,10,1,1,9.2,73.0,Lima,9.6,1
10.9,147.0,33,1,1,13.5,88.9,Lima,10.9,1
10.8,147.0,18,0,1,8.9,75.3,Lima,10.8,1
11.6,147.0,21,1,1,13.7,86.7,Lima,11.6,0
8.4,147.0,21,1,1,12.2,83.3,Lima,8.4,1
8.8,147.0,8,1,1,9.6,71.8,Lima,8.8,1
11.3,2073.0,12,0,1,8.6,72.3,Lima,11.27,0
10.6,2073.0,10,0,1,9.0,71.1,Lima,10.57,1
10.2,2073.0,14,0,1,9.3,76.3,Lima,10.17,1
10.6,1048.0,9,1,1,10.1,72.4,Lima,10.61,1
13.3,1048.0,35,0,1,12.6,92.2,Lima,13.31,0
15.1,3572.0,32,0,1,12.4,92.5,Lima,14.93,0
11.3,31.0,32,1,1,13.6,92.4,Lima,11.3,0
8.5,31.0,10,0,1,10.2,74.8,Lima,8.5,1
10.9,681.0,32,1,1,12.9,90.6,Lima,10.9,1
11.2,681.0,23,1,1,14.7,90.4,Lima,11.2,0
10.6,681.0,9,1,1,8.4,72.2,Lima,10.6,1
10.6,681.0,24,0,1,12.7,86.9,Lima,10.6,1
10.6,88.0,35,1,0,12.5,91.7,Loreto,10.6,1
9.7,88.0,17,0,0,9.0,76.5,Loreto,9.7,1
11.5,88.0,7,0,0,7.0,62.5,Loreto,11.5,0
11.7,88.0,22,1,0,9.6,78.8,Loreto,11.7,0
10.4,88.0,8,1,0,8.4,68.5,Loreto,10.4,1
12.3,97.0,13,1,0,10.4,74.6,Loreto,12.3,0
10.2,97.0,19,0,0,12.3,85.6,Loreto,10.2,1
13.1,97.0,19,0,0,9.7,81.6,Loreto,13.1,0
11.8,97.0,20,1,0,10.0,77.0,Loreto,11.8,0
13.0,97.0,8,0,0,7.8,67.2,Loreto,13.0,0
10.4,97.0,12,1,0,11.3,75.5,Loreto,10.4,1
9.8,98.0,11,0,0,11.0,71.1,Loreto,9.8,1
11.3,98.0,14,1,0,10.0,79.3,Loreto,11.3,0
12.0,98.0,21,0,0,13.4,88.8,Loreto,12.0,0
10.6,96.0,21,1,0,12.5,81.2,Loreto,10.6,1
9.1,96.0,24,0,0,10.3,78.0,Loreto,9.1,1
12.2,96.0,21,0,0,10.5,77.7,Loreto,12.2,0
9.9,90.0,25,0,0,11.5,83.0,Loreto,9.9,1
11.3,90.0,17,1,0,11.4,83.6,Loreto,11.3,0
12.8,91.0,16,0,0,9.3,76.3,Loreto,12.8,0
9.9,91.0,13,1,0,9.1,76.3,Loreto,9.9,1
11.7,89.0,19,0,0,9.2,80.9,Loreto,11.7,0
11.2,89.0,33,0,0,14.0,91.2,Loreto,11.2,0
10.9,89.0,30,0,0,12.0,87.7,Loreto,10.9,1
10.6,89.0,31,0,0,11.8,87.2,Loreto,10.6,1
10.1,92.0,15,0,0,8.9,73.5,Loreto,10.1,1
9.5,92.0,35,1,0,13.8,93.5,Loreto,9.5,1
11.3,92.0,21,1,0,11.3,81.5,Loreto,11.3,0
11.3,92.0,10,1,0,7.2,66.7,Loreto,11.3,0
10.2,92.0,16,1,0,8.7,73.7,Loreto,10.2,1
9.4,115.0,8,1,0,8.1,67.4,Loreto,9.4,1
10.9,115.0,22,1,0,10.6,80.0,Loreto,10.9,1
11.4,115.0,20,1,0,10.5,83.4,Loreto,11.4,0
12.8,115.0,26,0,0,10.6,84.3,Loreto,12.8,0
10.6,115.0,27,0,0,10.9,85.0,Loreto,10.6,1
11.8,115.0,24,1,0,12.3,85.2,Loreto,11.8,0
11.5,145.0,6,1,0,8.8,69.4,Loreto,11.5,0
11.9,145.0,21,1,0,10.4,84.4,Loreto,11.9,0
11.6,145.0,24,1,0,11.1,86.1,Loreto,11.6,0
12.8,145.0,16,1,0,9.0,79.9,Loreto,12.8,0
10.8,152.0,30,0,0,12.9,86.4,Loreto,10.8,1
10.1,152.0,21,0,0,8.5,79.7,Loreto,10.1,1
9.4,152.0,8,0,0,7.3,69.5,Loreto,9.4,1
10.9,152.0,27,1,0,14.0,90.5,Loreto,10.9,1
11.9,152.0,13,1,0,10.5,76.5,Loreto,11.9,0
9.7,206.0,15,0,1,8.1,69.1,Loreto,9.7,1
11.9,206.0,21,1,1,8.4,74.1,Loreto,11.9,0
10.9,206.0,28,1,1,11.0,81.0,Loreto,10.9,1
11.0,206.0,24,0,1,11.0,79.0,Loreto,11.0,0
10.9,206.0,17,0,1,9.1,76.6,Loreto,10.9,1
9.3,206.0,9,0,1,5.9,63.2,Loreto,9.3,1
10.2,160.0,12,0,1,7.1,71.3,Loreto,10.2,1
10.3,160.0,20,1,1,11.3,80.5,Loreto,10.3,1
9.0,160.0,9,1,1,9.3,71.5,Loreto,9.0,1
9.7,160.0,31,0,1,10.9,82.8,Loreto,9.7,1
10.5,160.0,19,0,1,9.3,77.7,Loreto,10.5,1
9.3,160.0,23,1,1,8.2,76.6,Loreto,9.3,1
10.6,93.0,15,1,1,9.1,75.1,Loreto,10.6,1
10.7,93.0,32,0,1,10.3,83.2,Loreto,10.7,1
9.8,93.0,23,1,1,11.8,83.2,Loreto,9.8,1
10.8,93.0,12,1,1,7.8,70.2,Loreto,10.8,1
11.1,93.0,27,1,1,12.5,87.4,Loreto,11.1,0
10.5,93.0,15,1,1,8.6,70.5,Loreto,10.5,1
11.4,97.0,33,0,1,13.6,88.2,Loreto,11.4,0
11.1,97.0,33,1,1,13.2,87.4,Loreto,11.1,0
10.0,97.0,17,0,1,9.1,75.7,Loreto,10.0,1
10.8,97.0,33,0,1,13.5,89.8,Loreto,10.8,1
9.7,97.0,22,1,1,11.5,84.1,Loreto,9.7,1
12.1,97.0,11,0,1,7.3,68.0,Loreto,12.1,0
7.4,97.0,11,0,1,8.2,70.2,Loreto,7.4,1
9.3,128.0,8,0,1,7.6,66.5,Loreto,9.3,1
11.9,128.0,26,1,1,10.5,80.6,Loreto,11.9,0
12.6,128.0,31,1,1,12.5,87.7,Loreto,12.6,0
9.9,128.0,8,1,1,8.3,68.0,Loreto,9.9,1
11.2,128.0,31,0,1,10.5,83.6,Loreto,11.2,0
8.2,128.0,12,1,1,9.9,76.9,Loreto,8.2,1
10.1,128.0,22,1,1,10.5,81.2,Loreto,10.1,1
11.7,209.0,34,0,0,12.7,90.5,Madre de Dios,11.7,0
10.2,209.0,12,0,0,9.7,73.2,Madre de Dios,10.2,1
12.1,210.0,32,0,0,12.8,89.0,Madre de Dios,12.1,0
9.5,210.0,12,1,0,10.7,77.6,Madre de Dios,9.5,1
10.2,210.0,7,1,0,7.2,68.4,Madre de Dios,10.2,1
11.0,205.0,17,0,0,12.0,79.6,Madre de Dios,11.0,0
8.8,205.0,10,0,0,8.0,67.5,Madre de Dios,8.8,1
11.0,202.0,18,1,0,10.2,83.2,Madre de Dios,11.0,0
9.4,202.0,31,1,0,13.3,88.4,Madre de Dios,9.4,1
12.0,212.0,24,1,0,13.0,86.8,Madre de Dios,12.0,0
11.6,212.0,22,1,0,10.9,82.2,Madre de Dios,11.6,0
11.9,212.0,14,0,0,8.2,74.9,Madre de Dios,11.9,0
10.3,212.0,20,1,0,10.5,80.9,Madre de Dios,10.3,1
11.6,202.0,12,1,0,9.2,75.6,Madre de Dios,11.6,0
11.0,210.0,35,1,0,14.4,92.5,Madre de Dios,11.0,0
10.5,210.0,14,0,0,8.4,78.0,Madre de Dios,10.5,1
9.8,210.0,6,1,0,10.0,74.0,Madre de Dios,9.8,1
10.6,209.0,12,0,0,10.1,76.7,Madre de Dios,10.6,1
12.3,209.0,12,0,0,9.0,75.2,Madre de Dios,12.3,0
12.4,209.0,32,0,0,12.6,91.8,Madre de Dios,12.4,0
11.0,209.0,13,1,0,8.6,74.5,Madre de Dios,11.0,0
11.4,209.0,27,0,0,13.8,90.9,Madre de Dios,11.4,0
11.2,207.0,30,0,0,12.4,84.7,Madre de Dios,11.2,0
8.6,207.0,7,0,0,6.3,65.5,Madre de Dios,8.6,1
10.6,197.0,20,0,0,10.8,82.6,Madre de Dios,10.6,1
10.2,197.0,28,0,0,12.2,88.2,Madre de Dios,10.2,1
11.4,197.0,15,1,0,13.2,81.2,Madre de Dios,11.4,0
11.8,209.0,20,1,0,11.1,82.3,Madre de Dios,11.8,0
9.7,209.0,32,0,0,11.7,88.3,Madre de Dios,9.7,1
11.2,209.0,30,0,0,12.0,89.7,Madre de Dios,11.2,0
12.6,202.0,26,0,0,10.1,82.1,Madre de Dios,12.6,0
11.2,202.0,10,0,0,8.9,72.0,Madre de Dios,11.2,0
11.1,202.0,9,0,0,8.8,70.5,Madre de Dios,11.1,0
11.4,202.0,19,0,0,13.2,84.5,Madre de Dios,11.4,0
10.8,202.0,9,0,0,8.4,68.6,Madre de Dios,10.8,1
10.4,354.0,19,1,0,15.8,84.4,Madre de Dios,10.4,1
11.2,354.0,23,1,0,12.6,87.5,Madre de Dios,11.2,0
9.2,354.0,8,1,0,9.6,73.3,Madre de Dios,9.2,1
9.3,194.0,17,1,0,9.9,78.5,Madre de Dios,9.3,1
11.8,231.0,28,0,0,11.5,82.8,Madre de Dios,11.8,0
13.2,231.0,35,0,0,15.1,95.1,Madre de Dios,13.2,0
9.9,359.0,25,1,0,13.9,85.2,Madre de Dios,9.9,1
10.6,359.0,18,1,0,11.1,80.5,Madre de Dios,10.6,1
10.1,355.0,14,1,1,8.7,74.3,Madre de Dios,10.1,1
10.2,355.0,12,1,1,9.5,77.5,Madre de Dios,10.2,1
10.1,202.0,30,1,1,11.7,85.7,Madre de Dios,10.1,1
8.6,202.0,21,1,1,11.4,84.9,Madre de Dios,8.6,1
8.4,202.0,10,0,1,8.8,70.9,Madre de Dios,8.4,1
9.4,202.0,10,1,1,9.2,71.5,Madre de Dios,9.4,1
10.0,215.0,14,0,1,9.2,75.5,Madre de Dios,10.0,1
10.5,215.0,14,0,1,9.4,77.0,Madre de Dios,10.5,1
9.6,190.0,19,1,1,9.4,80.4,Madre de Dios,9.6,1
10.6,190.0,7,0,1,7.7,64.9,Madre de Dios,10.6,1
10.7,1465.0,28,1,0,12.8,88.8,Moquegua,10.7,1
12.7,1452.0,35,0,0,15.2,93.7,Moquegua,12.7,0
9.9,1452.0,15,0,0,8.5,73.0,Moquegua,9.9,1
13.8,1320.0,14,0,0,10.4,73.6,Moquegua,13.8,0
12.4,1320.0,28,1,0,14.5,92.0,Moquegua,12.4,0
10.7,1320.0,28,1,0,13.7,95.0,Moquegua,10.7,1
12.0,1301.0,10,0,0,7.9,67.2,Moquegua,12.0,0
9.9,1301.0,23,0,0,13.6,83.6,Moquegua,9.9,1
12.0,1347.0,33,1,0,13.1,87.4,Moquegua,12.0,0
11.6,1347.0,10,1,0,9.9,72.5,Moquegua,11.6,0
12.1,1347.0,30,1,0,14.2,94.2,Moquegua,12.1,0
12.2,1347.0,27,0,0,12.4,90.0,Moquegua,12.2,0
12.0,1351.0,31,0,0,11.9,89.9,Moquegua,12.0,0
10.8,1351.0,18,0,0,11.0,80.3,Moquegua,10.8,1
11.1,1381.0,12,1,0,10.6,77.7,Moquegua,11.1,0
12.3,1381.0,30,0,0,11.8,86.1,Moquegua,12.3,0
12.5,1381.0,13,1,0,9.9,77.2,Moquegua,12.5,0
8.8,28.0,10,0,0,8.4,69.3,Moquegua,8.8,1
11.1,28.0,19,0,0,12.1,84.4,Moquegua,11.1,0
10.4,28.0,11,0,0,9.9,72.5,Moquegua,10.4,1
11.1,189.0,31,0,0,13.0,89.1,Moquegua,11.1,0
10.5,189.0,12,1,0,10.7,77.0,Moquegua,10.5,1
9.9,189.0,12,0,0,10.6,74.1,Moquegua,9.9,1
10.1,193.0,35,1,0,19.8,100.2,Moquegua,10.1,1
11.5,193.0,8,1,0,8.8,69.4,Moquegua,11.5,0
9.4,193.0,9,0,0,7.6,68.5,Moquegua,9.4,1
11.7,174.0,8,1,0,7.8,66.8,Moquegua,11.7,0
10.7,174.0,7,1,0,7.6,68.0,Moquegua,10.7,1
9.8,177.0,15,1,0,11.0,77.5,Moquegua,9.8,1
11.0,177.0,21,1,0,13.7,87.5,Moquegua,11.0,0
9.9,177.0,33,1,0,16.3,96.6,Moquegua,9.9,1
9.2,165.0,22,0,0,13.6,86.2,Moquegua,9.2,1
13.5,165.0,29,1,0,16.5,93.4,Moquegua,13.5,0
12.8,165.0,16,0,0,10.6,80.1,Moquegua,12.8,0
11.9,165.0,31,1,0,14.9,91.3,Moquegua,11.9,0
11.7,44.0,34,0,0,13.5,90.7,Moquegua,11.7,0
10.4,44.0,11,0,0,9.8,74.2,Moquegua,10.4,1
11.5,44.0,10,1,0,9.8,74.4,Moquegua,11.5,0
11.6,44.0,7,0,0,6.6,66.1,Moquegua,11.6,0
12.9,203.0,35,0,0,13.0,91.5,Moquegua,12.9,0
9.8,203.0,11,1,0,10.7,73.3,Moquegua,9.8,1
8.6,203.0,11,1,0,9.7,74.3,Moquegua,8.6,1
13.1,3449.0,30,1,1,13.2,86.9,Moquegua,12.95,0
12.9,2240.0,31,0,1,14.0,92.1,Moquegua,12.86,0
12.0,2240.0,34,0,1,14.4,92.4,Moquegua,11.96,0
11.6,2240.0,29,0,1,11.3,87.6,Moquegua,11.56,0
12.5,2548.0,19,0,1,8.9,74.6,Moquegua,12.44,0
13.1,2548.0,24,1,1,11.3,82.3,Moquegua,13.04,0
13.1,2548.0,32,1,1,15.3,88.9,Moquegua,13.04,0
11.8,2548.0,8,0,1,8.7,66.6,Moquegua,11.74,0
13.8,3878.0,31,1,1,12.1,88.1,Moquegua,13.59,0
13.6,3878.0,26,0,1,12.5,87.0,Moquegua,13.39,0
12.9,3131.0,19,1,1,8.1,82.0,Moquegua,12.78,0
14.7,3131.0,29,1,1,15.9,92.3,Moquegua,14.58,0
13.1,3131.0,17,0,1,11.6,78.1,Moquegua,12.98,0
14.3,4335.0,11,1,0,8.4,70.4,Pasco,14.03,0
14.3,4335.0,35,1,0,12.8,90.3,Pasco,14.03,0
15.2,4335.0,18,0,0,9.6,77.1,Pasco,14.93,0
15.8,4335.0,14,0,0,9.2,72.1,Pasco,15.53,0
16.2,4382.0,35,1,0,12.4,88.7,Pasco,15.92,0
14.2,4391.0,34,1,0,11.0,83.3,Pasco,13.92,0
15.0,4193.0,23,0,0,11.0,83.7,Pasco,14.75,0
14.0,4193.0,19,0,0,10.4,79.2,Pasco,13.75,0
11.7,4193.0,7,1,0,8.3,66.2,Pasco,11.45,0
15.8,4193.0,30,0,0,10.6,89.0,Pasco,15.55,0
12.6,4342.0,6,1,0,7.5,63.3,Pasco,12.32,0
14.3,4342.0,34,0,0,12.5,87.3,Pasco,14.02,0
15.1,4342.0,25,0,0,11.5,84.9,Pasco,14.82,0
13.8,4342.0,15,0,0,8.7,73.5,Pasco,13.52,0
15.1,4346.0,10,0,0,7.9,67.3,Pasco,14.82,0
13.6,3151.0,13,0,0,8.8,72.3,Pasco,13.48,0
11.5,3151.0,6,1,0,7.4,65.0,Pasco,11.38,0
10.1,3151.0,14,1,0,9.7,73.2,Pasco,9.98,1
13.6,3486.0,35,1,0,12.4,89.6,Pasco,13.44,0
14.7,3486.0,8,1,0,7.5,67.9,Pasco,14.54,0
12.4,3486.0,13,0,0,10.7,78.3,Pasco,12.24,0
13.1,3486.0,21,1,0,12.8,86.4,Pasco,12.94,0
13.7,4101.0,32,0,0,11.3,85.3,Pasco,13.46,0
13.1,4101.0,16,1,0,8.2,73.3,Pasco,12.86,0
13.4,4101.0,11,0,0,8.1,68.2,Pasco,13.16,0
13.4,2979.0,33,1,0,12.0,86.2,Pasco,13.3,0
12.9,2979.0,25,1,0,10.5,83.5,Pasco,12.8,0
13.4,2979.0,23,1,0,11.8,84.2,Pasco,13.3,0
11.0,1798.0,23,0,0,10.6,78.6,Pasco,10.99,1
11.7,1798.0,9,0,0,11.3,70.5,Pasco,11.69,0
9.6,1798.0,14,0,0,13.1,78.3,Pasco,9.59,1
11.9,260.0,23,0,0,10.4,82.0,Pasco,11.9,0
10.7,260.0,9,0,0,7.5,67.1,Pasco,10.7,1
12.0,260.0,20,1,0,14.5,84.0,Pasco,12.0,0
10.9,235.0,35,1,0,11.7,87.5,Pasco,10.9,1
10.7,235.0,16,1,0,11.0,79.0,Pasco,10.7,1
10.3,235.0,13,1,0,9.4,74.8,Pasco,10.3,1
13.9,3358.0,34,0,1,12.1,88.0,Pasco,13.76,0
12.2,3358.0,31,1,1,13.0,89.5,Pasco,12.06,0
12.7,3358.0,25,0,1,11.5,83.6,Pasco,12.56,0
13.4,2596.0,22,0,1,10.5,80.0,Pasco,13.33,0
14.8,4144.0,35,0,1,13.2,90.5,Pasco,14.55,0
15.0,4144.0,10,1,1,9.0,70.7,Pasco,14.75,0
14.5,4144.0,26,1,1,11.9,87.4,Pasco,14.25,0
14.1,4144.0,26,0,1,9.2,80.2,Pasco,13.85,0
15.0,4144.0,21,1,1,11.1,80.3,Pasco,14.75,0
12.4,4144.0,11,0,1,8.4,68.5,Pasco,12.15,0
15.0,4144.0,13,1,1,8.9,71.5,Pasco,14.75,0
9.5,1914.0,22,0,1,11.5,84.1,Pasco,9.48,1
11.3,1914.0,10,1,1,8.1,70.3,Pasco,11.28,0
12.3,1914.0,32,1,1,13.9,90.0,Pasco,12.28,0
12.8,1914.0,23,1,1,11.6,85.6,Pasco,12.78,0
12.4,1914.0,24,1,1,12.2,88.0,Pasco,12.38,0
10.6,285.0,29,1,1,12.6,85.0,Pasco,10.6,1
10.8,285.0,6,0,1,6.5,60.6,Pasco,10.8,1
11.8,285.0,22,1,1,10.6,80.8,Pasco,11.8,0
12.0,285.0,32,1,1,10.9,83.2,Pasco,12.0,0
10.5,285.0,20,0,1,9.1,74.7,Pasco,10.5,1
10.4,285.0,17,1,1,9.1,80.4,Pasco,10.4,1
11.7,285.0,23,1,1,12.3,85.1,Pasco,11.7,0
11.4,285.0,15,0,1,13.8,81.5,Pasco,11.4,0
8.6,285.0,6,0,1,7.4,64.2,Pasco,8.6,1
12.2,44.0,35,0,0,16.5,92.9,Piura,12.2,0
10.7,44.0,33,1,0,13.1,89.2,Piura,10.7,1
12.1,37.0,20,0,0,9.6,80.9,Piura,12.1,0
13.1,37.0,33,1,0,13.3,95.3,Piura,13.1,0
10.9,37.0,28,0,0,10.9,86.3,Piura,10.9,1
12.1,37.0,33,0,0,17.1,98.2,Piura,12.1,0
11.7,36.0,31,1,0,13.1,90.2,Piura,11.7,0
11.2,36.0,34,0,0,11.6,88.2,Piura,11.2,0
9.4,36.0,10,0,0,8.1,68.1,Piura,9.4,1
10.5,36.0,30,0,0,11.1,87.0,Piura,10.5,1
12.7,36.0,15,1,0,9.6,76.4,Piura,12.7,0
11.0,36.0,15,0,0,9.2,75.2,Piura,11.0,0
10.4,36.0,26,1,0,11.6,90.0,Piura,10.4,1
11.0,30.0,23,0,0,10.1,82.6,Piura,11.0,0
10.2,30.0,15,1,0,9.9,75.9,Piura,10.2,1
10.8,30.0,7,1,0,7.6,64.8,Piura,10.8,1
12.7,30.0,27,0,0,14.8,89.4,Piura,12.7,0
11.4,26.0,26,1,0,12.6,87.6,Piura,11.4,0
11.5,26.0,34,0,0,12.1,90.4,Piura,11.5,0
10.8,87.0,14,1,0,8.9,76.5,Piura,10.8,1
12.2,87.0,26,0,0,12.7,87.7,Piura,12.2,0
12.9,87.0,34,1,0,12.1,93.9,Piura,12.9,0
10.8,10.0,9,1,0,9.3,74.0,Piura,10.8,1
10.5,31.0,9,1,0,10.0,72.2,Piura,10.5,1
10.5,31.0,7,0,0,7.2,67.2,Piura,10.5,1
10.6,31.0,31,0,0,14.8,96.8,Piura,10.6,1
10.2,31.0,30,1,0,11.6,87.4,Piura,10.2,1
10.1,31.0,8,0,0,7.0,70.0,Piura,10.1,1
10.9,31.0,32,1,0,13.1,90.8,Piura,10.9,1
11.4,24.0,7,0,0,8.6,67.4,Piura,11.4,0
11.3,24.0,7,0,0,9.6,66.5,Piura,11.3,0
11.9,24.0,33,0,0,12.1,89.4,Piura,11.9,0
10.6,24.0,15,0,0,9.2,77.6,Piura,10.6,1
11.9,25.0,16,1,0,11.3,79.2,Piura,11.9,0
12.3,204.0,15,1,0,8.0,73.4,Piura,12.3,0
10.2,204.0,8,0,0,7.8,67.6,Piura,10.2,1
13.2,204.0,23,1,0,11.7,88.5,Piura,13.2,0
11.1,204.0,17,1,0,10.8,79.7,Piura,11.1,0
11.2,105.0,13,0,0,9.8,73.5,Piura,11.2,0
10.6,105.0,8,0,0,7.6,67.3,Piura,10.6,1
9.4,118.0,24,0,0,9.7,77.7,Piura,9.4,1
10.8,118.0,28,0,0,11.8,85.4,Piura,10.8,1
11.3,12.0,15,1,0,11.7,82.0,Piura,11.3,0
9.3,12.0,11,0,0,7.3,68.4,Piura,9.3,1
12.0,12.0,27,0,0,15.5,88.5,Piura,12.0,0
10.9,12.0,24,0,0,10.2,82.5,Piura,10.9,1
12.2,16.0,28,0,0,9.1,83.7,Piura,12.2,0
10.1,16.0,23,1,0,11.7,86.7,Piura,10.1,1
11.0,16.0,21,0,0,9.5,79.3,Piura,11.0,0
11.4,16.0,28,0,0,10.3,82.4,Piura,11.4,0
11.3,103.0,6,1,0,8.1,65.9,Piura,11.3,0
10.3,103.0,24,1,0,11.8,82.1,Piura,10.3,1
10.4,103.0,14,0,0,9.9,74.5,Piura,10.4,1
8.4,103.0,15,1,0,10.5,77.7,Piura,8.4,1
12.3,2400.0,12,0,1,8.4,68.7,Piura,12.25,0
12.5,2400.0,12,0,1,9.0,70.2,Piura,12.45,0
11.7,2400.0,16,0,1,9.9,79.3,Piura,11.65,0
11.6,2400.0,6,0,1,7.9,64.7,Piura,11.55,0
11.9,2400.0,31,0,1,11.0,85.7,Piura,11.85,0
11.8,2400.0,16,0,1,10.0,76.7,Piura,11.75,0
12.5,2145.0,17,0,1,10.5,76.2,Piura,12.47,0
12.6,2145.0,15,0,1,8.4,71.3,Piura,12.57,0
12.7,2145.0,24,0,1,10.4,80.8,Piura,12.67,0
13.1,2145.0,30,0,1,10.1,84.4,Piura,13.07,0
14.8,3858.0,34,0,0,13.0,88.4,Puno,14.6,0
13.1,3858.0,14,1,0,7.8,71.8,Puno,12.9,0
12.4,3858.0,19,0,0,10.6,80.6,Puno,12.2,0
12.9,4134.0,12,1,0,9.1,74.0,Puno,12.66,0
15.2,4134.0,20,1,0,10.9,80.2,Puno,14.96,0
13.3,4134.0,7,1,0,8.1,71.6,Puno,13.06,0
14.4,4138.0,25,1,0,13.1,86.9,Puno,14.16,0
14.8,4138.0,17,0,0,10.4,82.8,Puno,14.56,0
14.6,4138.0,25,0,0,11.5,85.8,Puno,14.36,0
14.1,4138.0,13,1,0,11.0,75.9,Puno,13.86,0
13.4,3832.0,15,1,0,12.4,79.3,Puno,13.2,0
15.1,3832.0,22,0,0,11.1,81.4,Puno,14.9,0
14.4,3832.0,28,0,0,13.1,89.0,Puno,14.2,0
12.4,3832.0,17,1,0,12.6,79.2,Puno,12.2,0
14.2,3830.0,18,0,0,9.6,77.6,Puno,14.0,0
13.8,3830.0,28,1,0,10.7,82.9,Puno,13.6,0
12.4,3831.0,26,0,0,11.0,86.8,Puno,12.2,0
13.6,3831.0,17,1,0,10.3,79.9,Puno,13.4,0
15.3,3831.0,11,1,0,10.8,73.0,Puno,15.1,0
13.9,3848.0,27,1,0,11.5,88.6,Puno,13.7,0
11.1,3848.0,13,1,0,9.1,75.6,Puno,10.9,1
14.3,3848.0,27,1,0,12.4,81.7,Puno,14.1,0
13.3,3825.0,16,1,0,10.5,78.1,Puno,13.1,0
13.9,3825.0,20,1,0,11.1,82.1,Puno,13.7,0
13.6,3825.0,11,0,0,10.9,74.3,Puno,13.4,0
13.5,3844.0,31,0,1,15.2,86.8,Puno,13.3,0
13.4,3844.0,7,1,1,9.6,66.8,Puno,13.2,0
12.2,3844.0,32,1,1,11.1,85.5,Puno,12.0,0
13.5,3353.0,16,1,1,9.0,74.5,Puno,13.36,0
10.8,3353.0,7,0,1,7.8,64.6,Puno,10.66,1
13.1,3353.0,29,0,1,11.3,83.5,Puno,12.96,0
13.8,3353.0,33,0,1,15.0,93.0,Puno,13.66,0
12.6,3907.0,11,0,1,9.0,70.9,Puno,12.39,0
14.4,3907.0,18,0,1,11.1,78.9,Puno,14.19,0
14.2,3820.0,32,0,1,14.1,90.7,Puno,14.0,0
14.2,4009.0,11,1,1,8.8,71.4,Puno,13.97,0
12.2,4009.0,6,1,1,8.1,64.4,Puno,11.97,0
13.3,4009.0,12,1,1,9.3,72.3,Puno,13.07,0
13.6,4009.0,16,1,1,9.8,77.6,Puno,13.37,0
14.4,3899.0,7,1,1,9.9,70.0,Puno,14.19,0
12.7,3899.0,24,1,1,13.3,86.7,Puno,12.49,0
12.8,3899.0,29,0,1,12.6,88.6,Puno,12.59,0
14.0,3899.0,35,0,1,13.1,89.4,Puno,13.79,0
13.6,3899.0,26,1,1,11.5,83.4,Puno,13.39,0
14.6,3834.0,9,1,1,8.2,70.5,Puno,14.4,0
16.6,3824.0,10,1,1,8.5,68.1,Puno,16.4,0
15.3,3824.0,10,0,1,7.7,68.5,Puno,15.1,0
14.3,3824.0,30,1,1,14.6,92.9,Puno,14.1,0
14.1,3824.0,35,1,1,13.0,89.6,Puno,13.9,0
11.0,284.0,21,1,0,12.7,88.1,San Martin,11.0,0
10.2,284.0,10,1,0,11.9,74.0,San Martin,10.2,1
11.4,284.0,15,1,0,10.4,77.1,San Martin,11.4,0
10.9,265.0,30,0,0,11.1,90.0,San Martin,10.9,1
11.9,265.0,11,1,0,7.6,69.0,San Martin,11.9,0
11.0,265.0,29,0,0,10.8,86.5,San Martin,11.0,0
9.9,303.0,9,1,0,9.3,69.3,San Martin,9.9,1
11.9,303.0,28,0,0,19.0,92.7,San Martin,11.9,0
13.4,303.0,9,0,0,9.4,71.8,San Martin,13.4,0
11.7,303.0,6,1,0,7.6,67.3,San Martin,11.7,0
12.0,303.0,29,0,0,11.8,88.4,San Martin,12.0,0
9.3,284.0,26,1,0,11.4,89.3,San Martin,9.3,1
9.6,284.0,7,1,0,7.0,65.7,San Martin,9.6,1
11.2,284.0,13,0,0,10.0,75.2,San Martin,11.2,0
11.8,284.0,22,0,0,9.8,83.1,San Martin,11.8,0
11.0,343.0,28,1,0,13.5,89.8,San Martin,11.0,0
8.9,343.0,9,0,0,7.8,69.2,San Martin,8.9,1
11.9,343.0,35,1,0,13.5,92.4,San Martin,11.9,0
10.4,343.0,26,0,0,9.9,83.8,San Martin,10.4,1
12.3,343.0,20,1,0,11.2,81.1,San Martin,12.3,0
11.8,343.0,20,0,0,10.3,79.3,San Martin,11.8,0
10.3,297.0,10,0,0,8.0,69.2,San Martin,10.3,1
13.2,297.0,23,1,0,9.5,83.6,San Martin,13.2,0
10.9,297.0,21,1,0,11.8,82.5,San Martin,10.9,1
10.6,297.0,23,1,0,12.9,91.9,San Martin,10.6,1
12.1,816.0,16,0,0,10.5,75.0,San Martin,12.1,0
11.5,816.0,25,1,0,13.0,85.2,San Martin,11.5,0
9.6,816.0,6,1,0,8.5,67.1,San Martin,9.6,1
10.6,816.0,19,1,0,7.7,72.4,San Martin,10.6,1
11.9,878.0,34,0,0,12.5,89.0,San Martin,11.9,0
10.5,878.0,12,0,0,9.3,71.3,San Martin,10.5,1
11.1,878.0,21,1,0,11.6,83.6,San Martin,11.1,0
10.7,878.0,15,0,0,10.0,79.9,San Martin,10.7,1
10.3,878.0,19,1,0,10.3,79.0,San Martin,10.3,1
12.3,289.0,31,0,0,13.8,88.3,San Martin,12.3,0
11.3,289.0,6,1,0,8.2,65.1,San Martin,11.3,0
10.5,289.0,25,1,0,12.3,84.8,San Martin,10.5,1
10.3,508.0,30,1,0,12.5,86.7,San Martin,10.3,1
11.5,508.0,34,1,0,15.4,99.4,San Martin,11.5,0
10.7,508.0,7,0,0,7.5,69.0,San Martin,10.7,1
11.3,508.0,6,0,0,7.2,66.2,San Martin,11.3,0
11.1,316.0,21,0,0,13.2,85.1,San Martin,11.1,0
10.1,316.0,16,0,0,11.8,83.9,San Martin,10.1,1
11.4,316.0,23,1,0,10.5,83.1,San Martin,11.4,0
6.4,316.0,9,1,0,8.0,67.5,San Martin,6.4,1
9.8,316.0,23,0,0,12.4,85.7,San Martin,9.8,1
10.4,316.0,21,1,0,11.3,83.9,San Martin,10.4,1
10.8,292.0,21,1,0,9.4,79.7,San Martin,10.8,1
10.9,292.0,12,0,0,7.1,74.5,San Martin,10.9,1
10.5,292.0,8,0,0,7.9,65.5,San Martin,10.5,1
10.9,292.0,12,0,0,6.1,66.0,San Martin,10.9,1
10.3,292.0,23,0,0,9.2,76.4,San Martin,10.3,1
11.0,622.0,26,1,0,9.8,82.7,San Martin,11.0,0
11.1,622.0,18,0,0,9.0,76.8,San Martin,11.1,0
11.0,857.0,9,1,1,8.7,68.3,San Martin,11.0,0
11.5,857.0,8,0,1,8.8,69.6,San Martin,11.5,0
10.4,857.0,32,1,1,11.9,84.2,San Martin,10.4,1
10.7,1121.0,16,1,1,11.4,78.1,San Martin,10.71,1
8.3,1121.0,13,0,1,7.1,68.3,San Martin,8.31,1
10.4,1121.0,6,0,1,7.4,65.3,San Martin,10.41,1
10.0,1121.0,13,0,1,8.4,71.3,San Martin,10.01,1
12.2,343.0,23,1,1,10.7,84.7,San Martin,12.2,0
10.7,343.0,20,1,1,9.5,78.2,San Martin,10.7,1
10.8,343.0,16,1,1,9.8,76.3,San Martin,10.8,1
11.8,343.0,35,0,1,11.9,88.3,San Martin,11.8,0
9.9,343.0,16,0,1,9.6,76.0,San Martin,9.9,1
11.1,343.0,17,1,1,9.9,77.2,San Martin,11.1,0
10.2,343.0,22,0,1,10.0,78.1,San Martin,10.2,1
9.2,229.0,13,1,1,9.5,75.0,San Martin,9.2,1
10.3,229.0,29,1,1,11.5,83.8,San Martin,10.3,1
9.5,229.0,29,1,1,10.7,84.6,San Martin,9.5,1
8.7,229.0,12,1,1,8.0,73.5,San Martin,8.7,1
11.1,229.0,27,0,1,12.2,90.2,San Martin,11.1,0
12.4,229.0,31,1,1,13.1,90.2,San Martin,12.4,0
10.6,229.0,12,0,1,10.8,76.8,San Martin,10.6,1
12.4,229.0,31,0,1,13.1,89.5,San Martin,12.4,0
10.2,641.0,15,1,0,10.7,76.7,Tacna,10.2,1
9.4,641.0,16,0,0,12.0,82.3,Tacna,9.4,1
11.4,641.0,12,0,0,9.7,76.3,Tacna,11.4,0
12.0,641.0,29,1,0,13.4,90.4,Tacna,12.0,0
12.2,639.0,6,1,0,8.0,66.5,Tacna,12.2,0
11.6,639.0,16,0,0,10.7,78.2,Tacna,11.6,0
12.0,639.0,10,1,0,9.2,71.6,Tacna,12.0,0
11.6,639.0,25,1,0,14.9,88.2,Tacna,11.6,0
9.6,695.0,10,0,0,10.7,73.6,Tacna,9.6,1
10.9,695.0,10,1,0,10.3,71.9,Tacna,10.9,1
11.0,695.0,11,0,0,9.1,73.1,Tacna,11.0,0
12.3,695.0,29,0,0,15.8,94.6,Tacna,12.3,0
10.5,652.0,18,0,0,11.6,80.3,Tacna,10.5,1
11.5,652.0,19,0,0,9.3,76.5,Tacna,11.5,0
12.7,652.0,31,1,0,13.2,85.4,Tacna,12.7,0
11.7,669.0,13,1,0,9.6,76.1,Tacna,11.7,0
11.2,669.0,24,0,0,9.9,86.4,Tacna,11.2,0
11.5,669.0,25,1,0,11.4,87.1,Tacna,11.5,0
9.7,669.0,22,1,0,12.2,85.6,Tacna,9.7,1
12.6,669.0,26,1,0,14.9,92.5,Tacna,12.6,0
10.7,588.0,30,0,0,15.7,96.5,Tacna,10.7,1
12.7,588.0,28,0,0,12.4,86.6,Tacna,12.7,0
12.0,607.0,23,1,0,14.6,87.4,Tacna,12.0,0
10.3,607.0,22,1,0,12.3,81.6,Tacna,10.3,1
11.9,607.0,31,1,0,12.0,93.4,Tacna,11.9,0
13.0,552.0,33,0,0,15.2,95.2,Tacna,13.0,0
13.7,552.0,24,0,0,11.7,83.3,Tacna,13.7,0
12.4,392.0,23,0,0,12.1,85.4,Tacna,12.4,0
10.0,392.0,9,1,0,9.5,72.8,Tacna,10.0,1
12.1,392.0,27,1,0,13.1,89.3,Tacna,12.1,0
11.4,392.0,12,0,0,11.0,76.5,Tacna,11.4,0
11.5,564.0,32,0,0,11.1,82.5,Tacna,11.5,0
11.2,564.0,10,0,0,9.2,69.4,Tacna,11.2,0
11.3,564.0,30,0,0,12.8,91.0,Tacna,11.3,0
10.5,531.0,17,0,0,11.5,80.3,Tacna,10.5,1
12.1,531.0,12,1,0,8.6,70.2,Tacna,12.1,0
10.9,531.0,28,1,0,14.7,93.6,Tacna,10.9,1
12.1,431.0,6,0,0,9.9,67.6,Tacna,12.1,0
11.0,431.0,11,1,0,13.1,76.6,Tacna,11.0,0
12.4,431.0,23,0,0,10.4,82.3,Tacna,12.4,0
11.3,453.0,34,1,0,15.0,89.1,Tacna,11.3,0
11.9,453.0,27,1,0,15.5,95.1,Tacna,11.9,0
11.3,453.0,29,0,0,14.8,91.2,Tacna,11.3,0
9.7,453.0,13,1,0,11.6,80.4,Tacna,9.7,1
12.5,437.0,35,0,0,16.7,99.4,Tacna,12.5,0
11.2,437.0,31,0,0,13.9,91.5,Tacna,11.2,0
14.2,417.0,26,1,0,14.3,91.5,Tacna,14.2,0
12.4,394.0,34,1,0,14.4,93.2,Tacna,12.4,0
12.6,394.0,28,0,0,14.2,90.6,Tacna,12.6,0
11.5,394.0,9,1,0,9.3,72.6,Tacna,11.5,0
11.8,394.0,30,1,0,15.5,93.1,Tacna,11.8,0
12.6,3113.0,25,1,0,13.2,85.5,Tacna,12.49,0
12.8,3113.0,9,1,0,8.7,68.0,Tacna,12.69,0
13.5,3113.0,26,0,0,9.8,78.2,Tacna,13.39,0
11.5,10.0,15,0,0,13.7,80.4,Tacna,11.5,0
10.3,10.0,14,0,0,11.0,76.7,Tacna,10.3,1
14.3,3435.0,6,1,1,8.5,68.6,Tacna,14.15,0
11.7,3435.0,15,1,1,10.3,78.3,Tacna,11.55,0
13.2,3435.0,33,1,1,15.3,90.9,Tacna,13.05,0
13.8,3435.0,26,0,1,12.1,86.0,Tacna,13.65,0
13.2,3435.0,8,0,1,9.3,69.2,Tacna,13.05,0
13.3,3435.0,14,0,1,8.4,72.5,Tacna,13.15,0
13.5,3435.0,35,0,1,14.2,88.8,Tacna,13.35,0
12.7,3078.0,11,0,1,9.6,74.3,Tacna,12.59,0
11.8,3078.0,29,1,1,12.5,86.2,Tacna,11.69,0
12.9,3078.0,32,0,1,13.6,90.6,Tacna,12.79,0
11.9,16.0,25,1,0,13.1,90.6,Tumbes,11.9,0
10.0,16.0,12,1,0,9.6,73.3,Tumbes,10.0,1
12.3,16.0,30,1,0,14.0,92.5,Tumbes,12.3,0
11.3,18.0,27,1,0,11.5,88.2,Tumbes,11.3,0
10.8,18.0,18,1,0,7.1,72.5,Tumbes,10.8,1
11.2,18.0,6,1,0,8.6,65.2,Tumbes,11.2,0
11.2,18.0,12,1,0,10.5,75.4,Tumbes,11.2,0
11.1,20.0,31,0,0,13.0,88.9,Tumbes,11.1,0
12.0,20.0,7,0,0,7.3,64.6,Tumbes,12.0,0
11.0,20.0,32,0,0,12.5,89.8,Tumbes,11.0,0
11.9,20.0,31,1,0,12.2,89.2,Tumbes,11.9,0
11.1,20.0,34,0,0,15.5,93.5,Tumbes,11.1,0
11.3,9.0,18,1,0,11.1,79.8,Tumbes,11.3,0
9.4,9.0,13,0,0,9.9,74.6,Tumbes,9.4,1
12.1,14.0,16,1,0,11.0,79.6,Tumbes,12.1,0
9.6,14.0,15,0,0,7.6,72.2,Tumbes,9.6,1
9.7,14.0,20,0,0,10.1,79.3,Tumbes,9.7,1
11.1,14.0,30,1,0,14.1,92.1,Tumbes,11.1,0
12.1,26.0,9,0,0,8.1,71.8,Tumbes,12.1,0
13.2,25.0,22,0,0,10.4,82.6,Tumbes,13.2,0
11.9,25.0,32,0,0,10.9,86.4,Tumbes,11.9,0
11.3,25.0,20,0,0,11.3,82.1,Tumbes,11.3,0
9.9,34.0,15,0,0,12.3,78.6,Tumbes,9.9,1
11.3,34.0,31,1,0,14.5,91.8,Tumbes,11.3,0
10.4,34.0,24,1,0,10.6,81.5,Tumbes,10.4,1
9.1,34.0,10,0,0,8.2,69.2,Tumbes,9.1,1
9.3,34.0,28,1,0,11.7,86.0,Tumbes,9.3,1
13.3,34.0,14,0,0,11.4,74.0,Tumbes,13.3,0
10.7,34.0,30,0,0,10.6,85.4,Tumbes,10.7,1
9.8,27.0,8,0,0,7.1,66.0,Tumbes,9.8,1
10.9,27.0,28,0,0,10.8,82.7,Tumbes,10.9,1
11.6,27.0,35,0,0,13.0,81.1,Tumbes,11.6,0
10.7,27.0,33,1,0,13.0,91.0,Tumbes,10.7,1
10.8,27.0,18,0,0,9.2,74.1,Tumbes,10.8,1
11.9,8.0,10,0,0,7.9,68.8,Tumbes,11.9,0
11.7,8.0,19,0,0,10.7,81.4,Tumbes,11.7,0
7.3,6.0,21,1,0,11.9,82.8,Tumbes,7.3,1
9.7,6.0,7,0,0,7.1,67.2,Tumbes,9.7,1
10.6,10.0,6,0,0,8.5,65.3,Tumbes,10.6,1
7.2,10.0,34,0,0,11.9,85.6,Tumbes,7.2,1
11.4,10.0,28,1,0,13.3,86.3,Tumbes,11.4,0
10.5,4.0,11,0,0,9.1,72.4,Tumbes,10.5,1
11.1,4.0,18,0,0,10.0,77.1,Tumbes,11.1,0
11.7,12.0,21,0,0,13.6,86.4,Tumbes,11.7,0
11.7,12.0,28,1,0,11.2,87.2,Tumbes,11.7,0
10.8,12.0,11,0,0,9.5,76.7,Tumbes,10.8,1
12.0,12.0,29,1,0,11.8,89.4,Tumbes,12.0,0
10.6,12.0,13,0,0,7.3,68.3,Tumbes,10.6,1
11.2,34.0,31,0,0,11.1,86.4,Tumbes,11.2,0
10.9,34.0,30,1,0,13.8,90.4,Tumbes,10.9,1
11.5,29.0,32,0,0,11.8,89.3,Tumbes,11.5,0
13.0,29.0,31,1,0,13.4,94.4,Tumbes,13.0,0
11.6,29.0,34,1,0,14.0,92.8,Tumbes,11.6,0
11.8,29.0,35,0,0,18.0,93.0,Tumbes,11.8,0
11.3,29.0,15,0,0,9.7,75.9,Tumbes,11.3,0
10.6,9.0,11,1,0,10.5,72.9,Tumbes,10.6,1
12.0,9.0,20,0,0,12.9,81.7,Tumbes,12.0,0
10.9,9.0,15,0,0,9.2,72.8,Tumbes,10.9,1
11.4,9.0,35,1,0,12.1,91.0,Tumbes,11.4,0
11.2,10.0,21,1,0,9.3,77.7,Tumbes,11.2,0
11.3,10.0,13,1,0,10.9,77.5,Tumbes,11.3,0
12.4,10.0,29,1,0,11.9,89.1,Tumbes,12.4,0
11.9,8.0,32,0,0,12.6,85.5,Tumbes,11.9,0
10.2,8.0,8,1,0,9.6,71.0,Tumbes,10.2,1
11.9,8.0,9,1,0,11.2,74.8,Tumbes,11.9,0
12.2,8.0,27,1,0,12.0,87.2,Tumbes,12.2,0
10.3,23.0,34,0,0,10.0,87.0,Tumbes,10.3,1
11.5,68.0,33,1,1,12.7,90.3,Tumbes,11.5,0
12.0,68.0,26,1,1,9.4,82.2,Tumbes,12.0,0
10.4,152.0,33,1,0,13.2,88.9,Ucayali,10.4,1
10.2,152.0,6,1,0,7.7,66.1,Ucayali,10.2,1
11.1,152.0,8,0,0,8.1,67.5,Ucayali,11.1,0
12.1,152.0,16,0,0,9.8,76.3,Ucayali,12.1,0
11.3,152.0,15,0,0,9.2,75.2,Ucayali,11.3,0
11.1,152.0,24,0,0,11.1,85.8,Ucayali,11.1,0
11.3,152.0,6,1,0,7.7,68.3,Ucayali,11.3,0
10.3,151.0,35,1,0,13.5,94.5,Ucayali,10.3,1
12.1,153.0,30,0,0,12.4,88.6,Ucayali,12.1,0
10.4,153.0,9,0,0,8.7,68.5,Ucayali,10.4,1
10.2,153.0,19,1,0,7.6,70.5,Ucayali,10.2,1
10.5,153.0,30,1,0,9.8,84.7,Ucayali,10.5,1
11.9,147.0,27,1,0,13.5,93.2,Ucayali,11.9,0
10.3,147.0,8,0,0,7.6,68.7,Ucayali,10.3,1
11.1,147.0,11,0,0,7.7,66.6,Ucayali,11.1,0
10.3,151.0,8,0,0,7.4,66.8,Ucayali,10.3,1
9.8,148.0,15,1,0,9.4,76.7,Ucayali,9.8,1
11.9,148.0,19,1,0,10.8,81.1,Ucayali,11.9,0
10.9,148.0,24,1,0,14.2,91.0,Ucayali,10.9,1
9.8,152.0,23,0,0,11.8,84.2,Ucayali,9.8,1
12.0,152.0,35,1,0,14.8,97.2,Ucayali,12.0,0
11.9,152.0,23,0,0,12.2,86.6,Ucayali,11.9,0
11.4,152.0,30,1,0,9.5,83.9,Ucayali,11.4,0
10.0,147.0,9,0,0,7.9,71.3,Ucayali,10.0,1
12.3,150.0,14,1,0,10.3,80.2,Ucayali,12.3,0
10.8,150.0,7,0,0,8.8,64.8,Ucayali,10.8,1
10.8,150.0,12,1,0,9.4,72.5,Ucayali,10.8,1
10.4,154.0,19,1,0,10.3,78.9,Ucayali,10.4,1
11.7,154.0,16,1,0,9.2,75.4,Ucayali,11.7,0
10.1,154.0,16,1,0,9.6,77.5,Ucayali,10.1,1
11.2,154.0,20,1,0,9.8,79.3,Ucayali,11.2,0
12.1,154.0,32,0,0,11.7,88.9,Ucayali,12.1,0
10.5,150.0,29,0,0,11.6,88.9,Ucayali,10.5,1
10.4,150.0,9,0,0,7.9,67.4,Ucayali,10.4,1
11.2,148.0,26,0,0,10.9,85.4,Ucayali,11.2,0
10.7,148.0,6,1,0,8.8,67.8,Ucayali,10.7,1
9.7,148.0,9,0,0,8.6,70.9,Ucayali,9.7,1
11.5,154.0,24,1,0,11.0,82.5,Ucayali,11.5,0
10.5,154.0,32,0,0,12.3,86.0,Ucayali,10.5,1
10.8,154.0,17,0,0,8.2,72.3,Ucayali,10.8,1
8.1,154.0,11,1,0,10.0,72.8,Ucayali,8.1,1
9.3,154.0,14,1,0,9.8,78.7,Ucayali,9.3,1
11.5,154.0,25,1,0,10.0,84.2,Ucayali,11.5,0
11.5,154.0,6,1,0,7.3,65.5,Ucayali,11.5,0
9.2,309.0,10,1,0,9.1,73.8,Ucayali,9.2,1
10.3,309.0,13,0,0,9.6,72.1,Ucayali,10.3,1
11.8,309.0,23,0,0,9.2,81.2,Ucayali,11.8,0
11.4,300.0,26,1,0,13.4,87.0,Ucayali,11.4,0
8.8,300.0,10,1,0,8.4,71.8,Ucayali,8.8,1
11.3,184.0,18,1,0,9.9,75.8,Ucayali,11.3,0
11.6,184.0,30,1,0,13.3,87.2,Ucayali,11.6,0
11.4,256.0,16,0,1,8.3,74.6,Ucayali,11.4,0
11.5,256.0,28,1,1,11.3,83.6,Ucayali,11.5,0
10.3,206.0,19,1,1,9.8,79.0,Ucayali,10.3,1
10.4,206.0,14,0,1,8.3,73.9,Ucayali,10.4,1
9.0,206.0,7,1,1,7.3,69.0,Ucayali,9.0,1
10.7,206.0,18,0,1,8.9,76.4,Ucayali,10.7,1
10.1,206.0,26,1,1,11.6,83.2,Ucayali,10.1,1
11.1,206.0,30,0,1,12.4,89.5,Ucayali,11.1,0
9.8,206.0,19,0,1,8.1,72.5,Ucayali,9.8,1
10.6,264.0,10,1,1,9.1,74.9,Ucayali,10.6,1
10.4,264.0,33,0,1,11.5,89.8,Ucayali,10.4,1
9.7,264.0,30,1,1,11.5,87.1,Ucayali,9.7,1
11.2,264.0,16,0,1,10.0,77.4,Ucayali,11.2,0
11.3,264.0,33,1,1,14.0,91.3,Ucayali,11.3,0
9.2,264.0,12,1,1,9.7,76.8,Ucayali,9.2,1
12.8,2393.0,32,1,0,11.5,90.9,Amazonas,12.75,0
12.6,2383.0,34,1,0,12.5,93.5,Amazonas,12.55,0
10.8,2383.0,13,0,0,9.0,75.3,Amazonas,10.75,1
13.6,2383.0,13,0,0,7.8,70.6,Amazonas,13.55,0
12.4,432.0,9,1,0,8.3,68.7,Amazonas,12.4,0
12.4,432.0,15,0,0,9.0,75.0,Amazonas,12.4,0
10.5,464.0,18,1,0,9.7,76.9,Amazonas,10.5,1
11.3,464.0,18,1,0,10.8,79.4,Amazonas,11.3,0
11.8,464.0,19,1,0,10.5,82.1,Amazonas,11.8,0
13.1,464.0,29,0,0,10.1,81.6,Amazonas,13.1,0
10.6,464.0,25,1,0,11.9,81.9,Amazonas,10.6,1
12.2,464.0,35,0,0,11.4,91.4,Amazonas,12.2,0
9.7,448.0,19,0,0,9.3,81.1,Amazonas,9.7,1
11.8,456.0,28,0,0,12.5,89.5,Amazonas,11.8,0
12.2,456.0,19,1,0,11.8,81.9,Amazonas,12.2,0
12.0,456.0,17,0,0,9.5,79.3,Amazonas,12.0,0
11.4,677.0,28,1,0,11.9,88.9,Amazonas,11.4,0
12.6,677.0,27,0,0,11.0,83.7,Amazonas,12.6,0
11.1,677.0,19,1,0,11.5,84.0,Amazonas,11.1,0
10.4,677.0,25,0,0,11.6,87.9,Amazonas,10.4,1
12.2,667.0,26,0,0,9.6,80.1,Amazonas,12.2,0
12.9,667.0,18,0,0,8.8,75.5,Amazonas,12.9,0
12.0,667.0,31,0,0,12.2,86.6,Amazonas,12.0,0
12.0,667.0,12,0,0,8.7,70.6,Amazonas,12.0,0
13.1,1575.0,8,1,0,8.0,68.5,Amazonas,13.1,0
13.2,1575.0,20,0,0,11.1,78.5,Amazonas,13.2,0
9.7,245.0,23,1,1,11.1,84.6,Amazonas,9.7,1
10.7,245.0,15,1,1,7.0,66.5,Amazonas,10.7,1
11.6,245.0,28,1,1,9.8,83.0,Amazonas,11.6,0
10.7,245.0,20,1,1,9.9,75.3,Amazonas,10.7,1
11.7,245.0,23,0,1,10.6,78.4,Amazonas,11.7,0
11.6,245.0,31,0,1,13.0,85.1,Amazonas,11.6,0
10.6,245.0,15,0,1,8.4,72.4,Amazonas,10.6,1
10.5,197.0,18,1,1,10.5,79.0,Amazonas,10.5,1
11.4,197.0,18,0,1,9.2,77.6,Amazonas,11.4,0
12.4,197.0,31,0,1,10.8,85.3,Amazonas,12.4,0
11.4,197.0,18,1,1,10.3,77.7,Amazonas,11.4,0
8.7,197.0,11,0,1,8.2,66.3,Amazonas,8.7,1
11.8,197.0,35,0,1,16.0,94.6,Amazonas,11.8,0
9.9,184.0,12,0,1,8.0,72.3,Amazonas,9.9,1
10.5,184.0,28,1,1,10.7,83.4,Amazonas,10.5,1
11.3,184.0,35,1,1,14.4,89.6,Amazonas,11.3,0
11.4,184.0,9,0,1,9.0,69.7,Amazonas,11.4,0
9.6,184.0,6,1,1,7.4,66.0,Amazonas,9.6,1
9.7,184.0,14,0,1,8.0,71.1,Amazonas,9.7,1
9.2,184.0,9,1,1,7.7,66.3,Amazonas,9.2,1
10.2,932.0,13,1,1,9.9,73.1,Amazonas,10.2,1
10.2,932.0,13,1,1,9.3,71.1,Amazonas,10.2,1
11.4,932.0,23,1,1,12.7,82.0,Amazonas,11.4,0
7.8,932.0,6,0,1,8.6,64.5,Amazonas,7.8,1
10.9,932.0,35,0,1,14.0,94.5,Amazonas,10.9,1
11.1,932.0,27,1,1,12.1,86.0,Amazonas,11.1,0
9.6,932.0,10,0,1,9.1,69.9,Amazonas,9.6,1
12.1,932.0,34,0,1,13.7,90.1,Amazonas,12.1,0
10.5,1196.0,14,1,1,11.5,74.8,Amazonas,10.51,1
9.2,1196.0,8,0,1,7.1,65.5,Amazonas,9.21,1
11.2,1196.0,21,1,1,12.4,86.6,Amazonas,11.21,0
10.2,1196.0,31,0,1,12.0,85.7,Amazonas,10.21,1
12.6,1206.0,27,0,1,13.6,87.9,Amazonas,12.61,0
10.4,1206.0,33,0,1,12.3,87.5,Amazonas,10.41,1
12.3,1206.0,22,0,1,11.1,82.5,Amazonas,12.31,0
11.5,1206.0,16,0,1,8.4,75.3,Amazonas,11.51,0
12.8,2501.0,26,0,1,11.4,86.1,Amazonas,12.74,0
11.6,2501.0,17,0,1,9.2,78.4,Amazonas,11.54,0
10.6,2501.0,19,1,1,12.4,81.5,Amazonas,10.54,1
11.0,2501.0,20,0,1,10.2,77.5,Amazonas,10.94,1
9.2,2501.0,17,0,1,8.8,73.2,Amazonas,9.14,1
14.4,2761.0,7,0,1,7.2,66.5,Amazonas,14.32,0
11.3,1496.0,16,0,1,10.3,78.5,Amazonas,11.3,0
14.1,1496.0,26,1,1,12.4,88.0,Amazonas,14.1,0
13.5,1496.0,25,1,1,10.3,80.6,Amazonas,13.5,0
12.2,1496.0,30,1,1,14.6,89.6,Amazonas,12.2,0
10.9,1496.0,35,1,1,15.4,92.1,Amazonas,10.9,1
13.3,1496.0,31,0,1,13.2,88.8,Amazonas,13.3,0
12.2,1683.0,25,1,1,11.7,81.7,Amazonas,12.19,0
11.4,19.0,19,0,1,11.5,82.6,Amazonas,11.4,0
11.9,19.0,30,0,1,12.6,87.7,Amazonas,11.9,0
11.9,19.0,16,0,1,9.7,74.5,Amazonas,11.9,0
13.1,19.0,9,0,0,9.5,67.5,Ancash,13.1,0
12.4,11.0,8,0,0,9.8,70.8,Ancash,12.4,0
10.7,11.0,11,1,0,9.4,72.8,Ancash,10.7,1
10.4,11.0,12,0,0,9.7,73.3,Ancash,10.4,1
13.9,2993.0,29,1,0,13.1,89.9,Ancash,13.8,0
11.8,2993.0,18,0,0,9.8,76.3,Ancash,11.7,0
13.1,2973.0,8,1,0,7.8,68.6,Ancash,13.0,0
13.4,2973.0,16,0,0,8.6,74.7,Ancash,13.3,0
15.3,2973.0,35,0,0,12.1,86.5,Ancash,15.2,0
12.5,2973.0,14,1,0,9.3,73.7,Ancash,12.4,0
13.7,3115.0,11,1,0,9.0,76.5,Ancash,13.59,0
14.0,3115.0,33,1,0,16.3,97.5,Ancash,13.89,0
14.4,3115.0,12,1,0,9.2,74.5,Ancash,14.29,0
13.1,3054.0,27,0,0,11.0,86.0,Ancash,12.99,0
13.0,3054.0,17,0,0,8.1,75.0,Ancash,12.89,0
12.5,3054.0,20,1,0,11.6,79.2,Ancash,12.39,0
10.8,3074.0,10,1,0,8.4,68.3,Ancash,10.69,1
11.0,3074.0,10,1,0,9.0,69.6,Ancash,10.89,1
13.5,3074.0,7,0,0,8.2,66.4,Ancash,13.39,0
11.0,60.0,26,1,0,11.0,81.2,Ancash,11.0,0
9.7,130.0,15,0,0,8.7,73.5,Ancash,9.7,1
12.1,130.0,22,1,0,13.7,87.0,Ancash,12.1,0
11.5,130.0,21,0,0,11.8,81.0,Ancash,11.5,0
11.0,25.0,28,1,0,12.9,88.6,Ancash,11.0,0
11.1,25.0,32,1,0,14.3,93.2,Ancash,11.1,0
10.9,25.0,10,0,0,8.4,68.3,Ancash,10.9,1
10.3,25.0,20,1,0,11.3,82.1,Ancash,10.3,1
12.0,2601.0,34,0,0,12.5,85.0,Ancash,11.93,0
13.5,2601.0,29,1,0,12.1,87.3,Ancash,13.43,0
12.0,2601.0,16,1,0,9.4,74.6,Ancash,11.93,0
12.6,2601.0,30,0,0,10.6,79.4,Ancash,12.53,0
12.9,2769.0,23,0,0,13.9,85.8,Ancash,12.82,0
13.8,2769.0,34,1,0,12.5,93.2,Ancash,13.72,0
13.6,2769.0,23,1,0,9.3,77.2,Ancash,13.52,0
12.1,3751.0,17,1,1,9.0,74.8,Ancash,11.91,0
14.8,3751.0,15,1,1,10.8,74.5,Ancash,14.61,0
13.8,3751.0,26,1,1,11.2,82.1,Ancash,13.61,0
13.9,3751.0,28,0,1,10.7,83.1,Ancash,13.71,0
12.9,23.0,14,1,1,10.5,75.5,Ancash,12.9,0
12.0,23.0,8,1,1,8.7,68.5,Ancash,12.0,0
12.3,23.0,34,0,1,12.0,88.3,Ancash,12.3,0
14.3,23.0,28,0,1,12.1,85.2,Ancash,14.3,0
11.1,23.0,18,0,1,11.6,82.0,Ancash,11.1,0
11.5,23.0,16,1,1,9.3,74.8,Ancash,11.5,0
12.3,3269.0,22,1,1,11.3,83.1,Ancash,12.17,0
12.2,3269.0,8,0,1,7.8,67.1,Ancash,12.07,0
13.3,3269.0,19,1,1,10.7,79.5,Ancash,13.17,0
12.8,3269.0,21,0,1,10.9,81.1,Ancash,12.67,0
11.8,3269.0,7,0,1,7.9,64.1,Ancash,11.67,0
11.0,3269.0,7,0,1,5.8,60.1,Ancash,10.87,1
14.0,2905.0,24,0,1,10.8,80.1,Ancash,13.91,0
11.0,2905.0,13,1,1,8.9,72.5,Ancash,10.91,1
12.9,2905.0,18,1,1,9.1,76.6,Ancash,12.81,0
11.9,2905.0,21,0,1,10.5,80.3,Ancash,11.81,0
13.2,3195.0,24,0,1,13.0,83.5,Ancash,13.08,0
13.0,3195.0,26,1,1,11.9,86.1,Ancash,12.88,0
12.8,3195.0,12,1,1,10.9,73.8,Ancash,12.68,0
11.6,2415.0,7,1,0,8.4,67.3,Apurimac,11.55,0
12.9,2415.0,25,0,0,11.8,83.0,Apurimac,12.85,0
14.1,2393.0,26,1,0,11.9,87.2,Apurimac,14.05,0
15.4,2393.0,30,1,0,13.8,93.7,Apurimac,15.35,0
12.4,2296.0,35,0,0,13.1,92.7,Apurimac,12.36,0
13.4,2296.0,22,1,0,11.9,83.9,Apurimac,13.36,0
12.3,2296.0,9,0,0,7.9,68.0,Apurimac,12.26,0
11.9,2296.0,25,0,0,10.9,85.5,Apurimac,11.86,0
11.9,2296.0,9,0,0,8.8,67.8,Apurimac,11.86,0
10.9,2389.0,32,1,0,16.1,94.7,Apurimac,10.85,1
12.8,2389.0,20,0,0,11.3,84.4,Apurimac,12.75,0
11.6,2389.0,9,1,0,9.2,69.7,Apurimac,11.55,0
12.5,2826.0,14,0,0,8.5,73.4,Apurimac,12.41,0
13.4,3012.0,20,0,0,8.2,76.5,Apurimac,13.3,0
13.9,3012.0,29,1,0,12.2,87.5,Apurimac,13.8,0
12.4,2907.0,25,1,0,12.7,85.8,Apurimac,12.31,0
12.3,2968.0,11,1,0,9.5,74.8,Apurimac,12.2,0
11.7,3546.0,11,1,1,9.6,71.0,Apurimac,11.54,0
10.6,3546.0,21,1,1,11.6,81.1,Apurimac,10.44,1
14.2,3546.0,30,0,1,12.0,86.7,Apurimac,14.04,0
15.0,3546.0,28,1,1,10.8,85.7,Apurimac,14.84,0
13.3,3546.0,18,1,1,8.7,76.5,Apurimac,13.14,0
12.6,3570.0,27,0,1,10.6,79.8,Apurimac,12.43,0
12.6,3570.0,11,1,1,8.0,70.6,Apurimac,12.43,0
14.2,3570.0,26,1,1,10.0,81.0,Apurimac,14.03,0
11.2,3621.0,7,0,1,6.7,62.8,Apurimac,11.03,0
8.9,3621.0,8,1,1,9.2,70.0,Apurimac,8.73,1
12.7,3621.0,35,0,1,12.7,91.3,Apurimac,12.53,0
12.3,3621.0,17,1,1,9.1,78.0,Apurimac,12.13,0
13.4,3844.0,17,0,1,9.1,77.4,Apurimac,13.2,0
13.7,3844.0,30,0,1,12.3,87.4,Apurimac,13.5,0
13.0,2998.0,20,0,1,9.7,76.8,Apurimac,12.9,0
13.6,2998.0,33,0,1,12.8,89.6,Apurimac,13.5,0
12.7,2754.0,7,1,1,9.5,68.3,Apurimac,12.62,0
11.6,2754.0,6,0,1,6.8,64.4,Apurimac,11.52,0
12.1,2754.0,16,1,1,9.5,76.8,Apurimac,12.02,0
13.4,2754.0,13,1,1,9.7,77.0,Apurimac,13.32,0
13.6,3338.0,27,0,1,12.2,84.0,Apurimac,13.46,0
12.8,3338.0,35,0,1,13.9,89.6,Apurimac,12.66,0
11.9,3338.0,8,0,1,8.7,66.0,Apurimac,11.76,0
12.1,3452.0,28,1,1,11.4,86.5,Apurimac,11.95,0
13.1,3452.0,25,0,1,10.6,79.5,Apurimac,12.95,0
12.8,3452.0,19,0,1,11.7,82.0,Apurimac,12.65,0
12.8,3848.0,21,0,1,9.8,77.9,Apurimac,12.6,0
13.4,3848.0,23,1,1,10.7,78.1,Apurimac,13.2,0
12.9,3848.0,31,1,1,11.7,84.4,Apurimac,12.7,0
14.0,3848.0,14,0,1,8.8,74.4,Apurimac,13.8,0
12.8,3848.0,7,0,1,7.2,66.5,Apurimac,12.6,0
11.8,2405.0,15,1,0,9.7,78.9,Arequipa,11.75,0
12.5,2405.0,23,0,0,13.1,84.0,Arequipa,12.45,0
12.4,2405.0,10,0,0,9.2,73.7,Arequipa,12.35,0
11.1,2441.0,35,1,0,13.4,87.1,Arequipa,11.05,0
12.3,2441.0,15,1,0,10.6,77.8,Arequipa,12.25,0
12.5,2441.0,27,1,0,13.0,88.5,Arequipa,12.45,0
12.7,2441.0,21,1,0,10.8,82.3,Arequipa,12.65,0
12.9,2441.0,24,0,0,10.4,83.5,Arequipa,12.85,0
15.3,2628.0,9,0,0,7.6,66.6,Arequipa,15.23,0
10.6,2628.0,10,0,0,10.1,73.2,Arequipa,10.53,1
12.7,2628.0,20,0,0,9.9,76.5,Arequipa,12.63,0
12.6,2628.0,11,0,0,11.0,75.8,Arequipa,12.53,0
13.3,2309.0,33,0,0,12.4,88.8,Arequipa,13.26,0
12.5,2309.0,11,0,0,8.9,72.3,Arequipa,12.46,0
13.3,2623.0,9,0,0,8.2,69.2,Arequipa,13.23,0
12.2,2623.0,29,1,0,13.0,90.0,Arequipa,12.13,0
12.2,2623.0,30,0,0,11.7,89.7,Arequipa,12.13,0
13.5,2549.0,17,1,0,13.1,84.7,Arequipa,13.44,0
12.1,2549.0,24,1,0,12.9,83.9,Arequipa,12.04,0
11.8,2369.0,14,1,0,11.3,79.7,Arequipa,11.75,0
13.7,2369.0,31,0,0,11.9,88.0,Arequipa,13.65,0
12.8,2369.0,9,0,0,8.7,68.4,Arequipa,12.75,0
13.3,2484.0,6,1,0,7.8,65.2,Arequipa,13.24,0
11.6,2484.0,9,1,0,9.9,69.7,Arequipa,11.54,0
11.6,2529.0,11,0,0,8.4,69.2,Arequipa,11.54,0
13.0,2529.0,12,1,0,9.5,75.2,Arequipa,12.94,0
13.7,2529.0,24,1,0,11.8,83.6,Arequipa,13.64,0
13.0,2529.0,28,0,0,14.5,92.3,Arequipa,12.94,0
12.3,2529.0,12,1,0,9.2,73.8,Arequipa,12.24,0
13.3,2348.0,22,1,0,12.0,84.5,Arequipa,13.25,0
11.9,2348.0,31,1,0,10.9,85.8,Arequipa,11.85,0
10.6,2348.0,7,0,0,8.0,67.9,Arequipa,10.55,1
13.8,2321.0,27,0,0,12.1,84.1,Arequipa,13.76,0
10.7,2321.0,19,1,0,11.3,80.3,Arequipa,10.66,1
12.6,2321.0,29,1,0,14.4,90.7,Arequipa,12.56,0
11.6,2321.0,22,0,0,11.6,84.4,Arequipa,11.56,0
12.8,2206.0,30,1,0,13.7,89.6,Arequipa,12.76,0
12.6,2206.0,28,0,0,12.4,89.2,Arequipa,12.56,0
12.4,2206.0,14,0,0,9.1,78.6,Arequipa,12.36,0
12.3,2627.0,32,1,0,13.0,90.8,Arequipa,12.23,0
13.4,2627.0,18,0,0,10.4,77.3,Arequipa,13.33,0
13.0,2627.0,20,1,0,12.0,84.1,Arequipa,12.93,0
13.4,2627.0,20,1,0,10.8,81.6,Arequipa,13.33,0
12.3,2356.0,35,0,0,14.5,92.6,Arequipa,12.25,0
10.9,2356.0,18,1,0,10.8,83.3,Arequipa,10.85,1
11.1,2356.0,14,1,0,11.0,76.6,Arequipa,11.05,0
12.3,2356.0,8,1,0,8.6,70.7,Arequipa,12.25,0
14.6,2372.0,14,1,0,9.2,74.2,Arequipa,14.55,0
13.6,2372.0,15,1,0,10.7,76.0,Arequipa,13.55,0
12.8,2372.0,15,1,0,10.9,76.8,Arequipa,12.75,0
12.2,2372.0,12,0,0,9.2,76.3,Arequipa,12.15,0
11.6,2372.0,24,1,0,12.4,86.0,Arequipa,11.55,0
13.8,3790.0,19,0,0,9.3,77.0,Arequipa,13.61,0
13.4,3790.0,25,1,0,9.9,81.1,Arequipa,13.21,0
13.1,3790.0,23,1,0,13.0,84.8,Arequipa,12.91,0
12.6,2701.0,17,1,0,10.4,73.9,Arequipa,12.53,0
11.4,2701.0,7,1,0,7.8,67.7,Arequipa,11.33,0
14.0,2459.0,10,1,0,9.2,76.4,Arequipa,13.95,0
14.0,2459.0,27,0,0,11.6,87.5,Arequipa,13.95,0
13.7,2480.0,22,0,0,11.8,84.3,Arequipa,13.64,0
12.3,2480.0,31,1,0,15.8,92.6,Arequipa,12.24,0
11.1,2480.0,13,0,0,9.0,75.0,Arequipa,11.04,0
12.4,2480.0,27,1,0,17.2,93.4,Arequipa,12.34,0
11.3,26.0,26,0,1,11.7,83.9,Arequipa,11.3,0
9.8,26.0,14,1,1,11.1,75.4,Arequipa,9.8,1
11.3,26.0,27,0,1,12.3,87.2,Arequipa,11.3,0
11.5,26.0,13,1,1,10.1,74.9,Arequipa,11.5,0
11.5,26.0,29,0,1,16.2,94.6,Arequipa,11.5,0
12.0,26.0,32,1,1,16.8,98.5,Arequipa,12.0,0
9.9,26.0,11,0,1,9.7,71.3,Arequipa,9.9,1
11.8,3991.0,23,0,1,10.3,81.0,Arequipa,11.58,0
12.4,3991.0,11,1,1,10.0,74.0,Arequipa,12.18,0
13.1,2728.0,19,0,0,11.2,81.9,Ayacucho,13.02,0
10.2,2728.0,9,0,0,8.7,69.6,Ayacucho,10.12,1
13.1,2728.0,34,1,0,14.6,92.0,Ayacucho,13.02,0
13.1,2760.0,7,0,0,8.8,66.4,Ayacucho,13.02,0
12.1,2760.0,13,0,0,9.2,74.4,Ayacucho,12.02,0
12.8,2841.0,9,0,0,7.8,68.4,Ayacucho,12.71,0
12.1,2841.0,24,1,0,9.3,77.4,Ayacucho,12.01,0
13.3,2804.0,16,1,0,9.7,77.2,Ayacucho,13.22,0
12.2,2775.0,12,1,0,9.4,72.7,Ayacucho,12.12,0
13.2,2775.0,11,0,0,9.5,72.0,Ayacucho,13.12,0
12.7,2870.0,15,1,0,10.7,77.2,Ayacucho,12.61,0
13.0,2870.0,20,0,0,10.3,80.5,Ayacucho,12.91,0
11.7,2870.0,29,0,0,10.1,81.4,Ayacucho,11.61,0
11.2,2870.0,8,0,0,7.6,66.9,Ayacucho,11.11,0
13.5,2870.0,21,0,0,11.3,79.6,Ayacucho,13.41,0
11.7,2870.0,8,0,0,7.4,66.4,Ayacucho,11.61,0
13.7,3234.0,18,1,0,10.4,77.0,Ayacucho,13.57,0
15.0,3234.0,27,0,0,8.5,80.8,Ayacucho,14.87,0
14.1,3234.0,35,0,0,12.4,86.5,Ayacucho,13.97,0
13.5,3343.0,28,1,0,10.6,83.7,Ayacucho,13.36,0
14.2,3343.0,30,1,0,12.4,85.0,Ayacucho,14.06,0
11.2,3343.0,12,0,0,8.4,71.1,Ayacucho,11.06,0
13.4,3343.0,25,1,0,12.0,89.6,Ayacucho,13.26,0
15.0,3473.0,22,0,0,11.7,85.0,Ayacucho,14.85,0
13.8,3473.0,24,0,0,10.9,83.1,Ayacucho,13.65,0
13.4,3473.0,19,0,0,10.5,79.4,Ayacucho,13.25,0
12.2,3493.0,20,0,0,9.3,76.5,Ayacucho,12.04,0
13.0,3493.0,26,0,0,12.8,85.0,Ayacucho,12.84,0
11.8,3493.0,30,0,0,13.0,88.5,Ayacucho,11.64,0
14.6,3493.0,23,0,0,10.5,81.3,Ayacucho,14.44,0
12.5,3239.0,7,1,0,8.4,68.2,Ayacucho,12.37,0
11.8,3239.0,22,0,0,13.1,83.6,Ayacucho,11.67,0
13.0,3239.0,18,1,0,9.7,78.1,Ayacucho,12.87,0
12.2,3239.0,16,1,0,9.6,74.0,Ayacucho,12.07,0
13.4,3175.0,6,0,0,6.8,61.9,Ayacucho,13.28,0
12.9,3175.0,33,1,0,12.3,87.4,Ayacucho,12.78,0
11.0,3061.0,24,0,1,11.0,81.8,Ayacucho,10.89,1
11.2,3061.0,31,1,1,13.7,90.4,Ayacucho,11.09,0
12.2,3061.0,34,1,1,15.1,92.7,Ayacucho,12.09,0
11.3,3061.0,32,0,1,11.6,87.5,Ayacucho,11.19,0
10.7,3061.0,16,0,1,11.6,79.5,Ayacucho,10.59,1
12.9,3543.0,29,0,1,12.7,87.4,Ayacucho,12.74,0
13.6,3543.0,25,1,1,12.6,83.1,Ayacucho,13.44,0
14.1,3543.0,31,0,1,11.0,84.0,Ayacucho,13.94,0
12.3,3152.0,20,1,1,9.0,77.9,Ayacucho,12.18,0
11.0,3152.0,10,1,1,7.7,68.2,Ayacucho,10.88,1
11.7,3152.0,32,0,1,11.5,86.8,Ayacucho,11.58,0
13.8,3207.0,19,1,1,10.6,80.5,Ayacucho,13.68,0
11.8,3207.0,34,1,1,16.2,93.5,Ayacucho,11.68,0
12.9,3207.0,27,1,1,12.1,85.6,Ayacucho,12.78,0
11.8,3207.0,32,0,1,12.1,86.6,Ayacucho,11.68,0
13.2,3207.0,32,1,1,13.2,88.5,Ayacucho,13.08,0
12.5,3207.0,21,0,1,10.5,78.5,Ayacucho,12.38,0
14.3,3042.0,19,0,1,9.5,74.3,Ayacucho,14.19,0
14.5,3042.0,27,1,1,11.7,85.7,Ayacucho,14.39,0
13.7,3042.0,34,0,1,12.6,85.6,Ayacucho,13.59,0
13.7,3042.0,28,1,1,11.4,82.8,Ayacucho,13.59,0
12.4,3042.0,28,1,1,9.9,81.3,Ayacucho,12.29,0
12.7,3042.0,11,0,1,8.8,66.8,Ayacucho,12.59,0
12.7,3042.0,21,1,1,10.9,81.8,Ayacucho,12.59,0
12.3,2048.0,15,0,1,10.0,72.7,Ayacucho,12.27,0
13.3,2048.0,9,0,1,8.9,66.0,Ayacucho,13.27,0
12.1,2048.0,30,1,1,12.2,88.5,Ayacucho,12.07,0
13.6,2048.0,17,0,1,9.3,73.4,Ayacucho,13.57,0
12.6,3432.0,19,0,1,12.1,78.0,Ayacucho,12.45,0
12.8,3432.0,14,0,1,7.3,71.5,Ayacucho,12.65,0
13.3,2722.0,34,1,0,15.3,91.2,Cajamarca,13.22,0
13.3,2722.0,6,0,0,7.0,66.7,Cajamarca,13.22,0
13.6,2722.0,31,0,0,14.5,90.3,Cajamarca,13.52,0
14.0,2772.0,29,0,0,11.0,82.2,Cajamarca,13.92,0
13.6,2772.0,22,0,0,10.0,83.2,Cajamarca,13.52,0
9.5,1323.0,10,0,0,11.0,70.8,Cajamarca,9.5,1
12.3,1323.0,34,0,0,15.5,88.0,Cajamarca,12.3,0
11.0,727.0,24,0,0,10.4,82.3,Cajamarca,11.0,0
11.3,727.0,6,1,0,7.8,63.2,Cajamarca,11.3,0
10.5,727.0,14,0,0,10.5,76.0,Cajamarca,10.5,1
12.3,727.0,32,1,0,11.7,90.3,Cajamarca,12.3,0
10.5,727.0,17,0,0,8.0,77.1,Cajamarca,10.5,1
10.5,727.0,11,0,0,6.1,66.3,Cajamarca,10.5,1
11.6,2652.0,14,1,0,8.3,74.2,Cajamarca,11.53,0
11.4,2652.0,12,0,0,8.7,72.2,Cajamarca,11.33,0
12.4,2652.0,24,0,0,11.5,85.3,Cajamarca,12.33,0
11.1,2652.0,14,1,0,8.9,74.3,Cajamarca,11.03,0
12.0,2652.0,14,0,0,8.0,72.0,Cajamarca,11.93,0
12.5,2794.0,31,1,1,12.1,86.2,Cajamarca,12.42,0
12.9,2794.0,21,1,1,11.7,79.8,Cajamarca,12.82,0
10.9,2794.0,33,1,1,13.9,90.7,Cajamarca,10.82,1
10.9,2794.0,21,1,1,11.1,79.5,Cajamarca,10.82,1
12.3,2794.0,7,0,1,6.6,63.6,Cajamarca,12.22,0
12.0,2794.0,28,0,1,12.0,81.3,Cajamarca,11.92,0
10.9,2794.0,31,0,1,12.4,88.3,Cajamarca,10.82,1
12.5,1426.0,27,0,1,12.0,82.1,Cajamarca,12.5,0
11.8,1426.0,33,1,1,12.9,86.6,Cajamarca,11.8,0
12.4,1426.0,27,1,1,12.2,88.0,Cajamarca,12.4,0
12.3,1426.0,25,1,1,11.0,83.8,Cajamarca,12.3,0
11.6,1426.0,15,0,1,9.6,78.3,Cajamarca,11.6,0
12.6,1426.0,34,1,1,10.2,85.2,Cajamarca,12.6,0
12.4,1426.0,24,0,1,11.2,84.5,Cajamarca,12.4,0
12.4,1426.0,30,1,1,11.0,86.7,Cajamarca,12.4,0
13.2,2797.0,21,0,1,12.4,80.8,Cajamarca,13.12,0
12.3,2797.0,27,1,1,12.5,88.5,Cajamarca,12.22,0
12.9,2797.0,25,1,1,11.4,82.6,Cajamarca,12.82,0
11.5,2755.0,11,0,1,8.7,71.2,Cajamarca,11.42,0
12.4,2755.0,30,1,1,14.5,86.8,Cajamarca,12.32,0
9.5,2755.0,11,1,1,9.5,72.5,Cajamarca,9.42,1
14.0,2755.0,16,0,1,9.5,74.2,Cajamarca,13.92,0
12.6,2755.0,21,1,1,11.5,81.7,Cajamarca,12.52,0
12.9,262.0,12,1,1,9.1,73.7,Cajamarca,12.9,0
10.7,262.0,20,1,1,13.6,84.6,Cajamarca,10.7,1
14.0,262.0,7,1,1,8.5,67.5,Cajamarca,14.0,0
12.1,262.0,28,1,1,12.2,82.7,Cajamarca,12.1,0
13.0,262.0,9,1,1,7.6,68.6,Cajamarca,13.0,0
12.3,262.0,31,0,1,11.5,87.4,Cajamarca,12.3,0
13.0,262.0,33,0,1,12.2,92.1,Cajamarca,13.0,0
11.9,262.0,13,0,1,9.7,74.3,Cajamarca,11.9,0
12.7,262.0,34,0,1,12.6,86.4,Cajamarca,12.7,0
12.7,262.0,32,0,1,15.4,92.3,Cajamarca,12.7,0
11.0,262.0,11,1,1,9.5,71.9,Cajamarca,11.0,0
12.9,323.0,33,1,1,12.3,89.9,Cajamarca,12.9,0
13.3,323.0,15,1,1,10.2,76.0,Cajamarca,13.3,0
11.9,323.0,12,1,1,9.8,75.2,Cajamarca,11.9,0
12.1,323.0,9,0,1,7.3,65.4,Cajamarca,12.1,0
12.4,323.0,26,1,1,11.8,85.8,Cajamarca,12.4,0
12.6,323.0,7,1,1,9.3,65.8,Cajamarca,12.6,0
13.4,323.0,35,0,1,14.0,92.0,Cajamarca,13.4,0
10.8,2676.0,10,0,1,8.4,70.4,Cajamarca,10.73,1
10.7,2676.0,7,1,1,8.4,65.4,Cajamarca,10.63,1
11.6,214.0,27,1,1,11.5,83.3,Cajamarca,11.6,0
8.1,214.0,31,1,1,14.5,89.0,Cajamarca,8.1,1
13.1,214.0,15,1,1,9.9,74.6,Cajamarca,13.1,0
13.3,214.0,15,0,1,9.4,71.1,Cajamarca,13.3,0
12.9,214.0,6,1,1,7.6,66.7,Cajamarca,12.9,0
12.8,2441.0,18,1,1,9.3,78.3,Cajamarca,12.75,0
13.1,2441.0,32,1,1,13.8,94.4,Cajamarca,13.05,0
13.6,2441.0,32,0,1,13.0,90.6,Cajamarca,13.55,0
14.3,2441.0,15,0,1,8.5,71.9,Cajamarca,14.25,0
11.8,262.0,29,0,0,12.5,87.8,Callao,11.8,0
11.1,262.0,10,1,0,9.7,71.7,Callao,11.1,0
10.5,262.0,7,1,0,8.8,69.1,Callao,10.5,1
14.7,262.0,30,1,0,18.0,95.3,Callao,14.7,0
11.9,262.0,7,0,0,9.2,70.2,Callao,11.9,0
11.0,262.0,25,0,0,11.8,84.1,Callao,11.0,0
10.3,323.0,13,0,0,10.7,77.1,Callao,10.3,1
12.2,323.0,28,1,0,13.8,90.3,Callao,12.2,0
11.4,323.0,22,0,0,11.2,81.8,Callao,11.4,0
12.4,214.0,25,1,0,11.4,79.2,Callao,12.4,0
11.0,214.0,29,0,0,12.1,84.6,Callao,11.0,0
10.9,276.0,20,0,0,9.9,79.0,Callao,10.9,1
11.7,276.0,33,1,0,16.2,94.7,Callao,11.7,0
10.5,276.0,13,0,0,10.9,78.1,Callao,10.5,1
9.7,276.0,31,0,0,12.7,79.8,Callao,9.7,1
11.2,276.0,31,1,0,12.8,90.4,Callao,11.2,0
11.2,10.0,35,0,0,11.9,89.9,Callao,11.2,0
10.0,22.0,17,0,0,8.9,75.4,Callao,10.0,1
11.7,22.0,21,0,0,10.5,80.0,Callao,11.7,0
8.8,22.0,33,1,0,14.3,92.9,Callao,8.8,1
9.1,22.0,33,1,0,13.8,91.0,Callao,9.1,1
11.9,167.0,13,1,0,10.4,77.7,Callao,11.9,0
11.0,245.0,7,0,0,8.2,67.7,Callao,11.0,0
11.7,245.0,33,0,0,14.9,91.1,Callao,11.7,0
11.3,245.0,25,0,0,9.6,79.5,Callao,11.3,0
10.6,245.0,9,1,0,9.2,70.5,Callao,10.6,1
10.9,245.0,19,0,0,11.3,81.2,Callao,10.9,1
12.1,129.0,8,0,0,8.6,68.6,Callao,12.1,0
12.0,129.0,30,1,0,15.8,93.4,Callao,12.0,0
11.0,147.0,21,1,0,10.0,81.1,Callao,11.0,0
11.9,147.0,29,0,0,12.9,89.1,Callao,11.9,0
11.7,147.0,12,0,0,9.9,74.5,Callao,11.7,0
11.5,147.0,21,0,0,12.1,81.4,Callao,11.5,0
11.4,194.0,10,0,0,7.4,67.6,Callao,11.4,0
12.3,194.0,23,1,0,12.6,85.0,Callao,12.3,0
13.0,194.0,34,0,0,14.3,88.0,Callao,13.0,0
11.1,194.0,7,0,0,9.2,68.0,Callao,11.1,0
11.8,29.0,23,1,0,12.0,85.6,Callao,11.8,0
12.4,29.0,16,1,0,10.0,77.8,Callao,12.4,0
10.0,29.0,8,1,0,10.4,71.1,Callao,10.0,1
10.3,29.0,12,1,0,9.1,70.8,Callao,10.3,1
11.2,29.0,26,1,0,13.4,85.1,Callao,11.2,0
10.6,6.0,9,1,0,9.5,69.0,Callao,10.6,1
9.9,7.0,7,1,0,9.5,69.0,Callao,9.9,1
10.8,7.0,11,1,0,10.6,74.4,Callao,10.8,1
10.2,7.0,20,1,0,12.1,82.5,Callao,10.2,1
10.6,7.0,27,0,0,13.0,86.7,Callao,10.6,1
11.5,50.0,10,1,0,9.0,74.4,Callao,11.5,0
12.3,50.0,30,0,0,14.9,91.9,Callao,12.3,0
10.1,50.0,9,0,0,9.0,70.2,Callao,10.1,1
13.5,10.0,12,1,0,12.2,73.4,Callao,13.5,0
11.5,10.0,15,0,0,9.5,73.5,Callao,11.5,0
10.5,10.0,14,0,0,8.7,73.5,Callao,10.5,1
12.6,47.0,16,0,0,10.4,77.4,Callao,12.6,0
12.4,47.0,23,0,0,13.6,88.5,Callao,12.4,0
11.8,47.0,10,0,0,7.7,70.4,Callao,11.8,0
11.8,47.0,22,1,0,12.1,86.4,Callao,11.8,0
10.5,32.0,22,1,0,12.0,81.0,Callao,10.5,1
11.0,32.0,35,1,0,12.3,87.7,Callao,11.0,0
11.7,32.0,18,0,0,9.1,75.6,Callao,11.7,0
12.2,32.0,12,0,0,8.1,72.0,Callao,12.2,0
11.4,29.0,18,1,0,10.8,81.5,Callao,11.4,0
11.5,27.0,20,1,0,12.4,84.6,Callao,11.5,0
11.7,3240.0,30,1,0,15.8,92.4,Cusco,11.57,0
12.1,3240.0,20,0,0,11.7,80.3,Cusco,11.97,0
13.6,3290.0,9,0,0,8.1,71.8,Cusco,13.47,0
12.0,3290.0,8,1,0,7.7,68.3,Cusco,11.87,0
12.9,3290.0,26,0,0,10.5,79.5,Cusco,12.77,0
13.3,3331.0,23,0,0,15.3,87.2,Cusco,13.16,0
14.0,3425.0,28,0,0,13.7,88.9,Cusco,13.85,0
13.6,3491.0,7,1,0,9.9,67.8,Cusco,13.44,0
13.9,3491.0,14,1,0,13.0,77.8,Cusco,13.74,0
14.2,3491.0,28,0,0,11.6,86.8,Cusco,14.04,0
13.6,3491.0,7,0,0,9.1,69.3,Cusco,13.44,0
13.7,3236.0,18,1,0,13.7,86.4,Cusco,13.57,0
14.0,3236.0,14,1,0,10.8,77.6,Cusco,13.87,0
13.7,3619.0,27,1,0,12.5,85.8,Cusco,13.53,0
13.5,3619.0,26,0,0,11.6,82.2,Cusco,13.33,0
14.4,3619.0,20,0,0,11.0,80.1,Cusco,14.23,0
13.4,3619.0,35,1,0,15.0,92.8,Cusco,13.23,0
14.6,3670.0,22,0,0,10.8,79.1,Cusco,14.42,0
14.5,3670.0,20,1,0,11.2,80.9,Cusco,14.32,0
13.1,3664.0,7,0,0,7.0,66.4,Cusco,12.92,0
11.7,3664.0,10,0,0,10.0,73.2,Cusco,11.52,0
13.4,3664.0,24,0,0,11.3,82.5,Cusco,13.22,0
12.9,3555.0,9,0,0,9.1,72.0,Cusco,12.74,0
13.1,3555.0,19,0,0,11.5,82.1,Cusco,12.94,0
11.0,773.0,23,1,1,11.8,84.9,Cusco,11.0,0
9.8,773.0,7,1,1,8.6,70.6,Cusco,9.8,1
12.0,773.0,14,1,1,10.6,76.6,Cusco,12.0,0
11.8,773.0,16,1,1,10.7,79.7,Cusco,11.8,0
13.2,2861.0,29,0,1,13.1,86.4,Cusco,13.11,0
9.9,2861.0,9,0,1,6.6,65.5,Cusco,9.81,1
12.9,2861.0,9,0,1,9.4,72.3,Cusco,12.81,0
15.3,2861.0,23,0,1,9.9,85.4,Cusco,15.21,0
14.7,3720.0,24,0,1,10.7,81.5,Cusco,14.51,0
12.4,3720.0,22,1,1,11.0,81.1,Cusco,12.21,0
14.0,3720.0,31,1,1,12.6,88.8,Cusco,13.81,0
14.0,3720.0,23,0,1,12.7,84.2,Cusco,13.81,0
12.5,3720.0,22,0,1,10.8,81.7,Cusco,12.31,0
14.6,3720.0,6,1,1,8.7,68.1,Cusco,14.41,0
13.4,3244.0,34,0,1,11.3,82.7,Cusco,13.27,0
13.7,3897.0,35,0,1,13.6,90.1,Cusco,13.49,0
11.4,3590.0,31,0,1,11.2,85.9,Cusco,11.23,0
11.0,3590.0,11,0,1,6.8,67.4,Cusco,10.83,1
14.4,3590.0,29,0,1,10.5,72.5,Cusco,14.23,0
8.9,3590.0,13,0,1,9.1,73.1,Cusco,8.73,1
11.1,3590.0,22,0,1,10.7,82.8,Cusco,10.93,1
13.6,3720.0,9,0,0,7.9,65.0,Huancavelica,13.41,0
13.3,3720.0,7,0,0,8.5,65.1,Huancavelica,13.11,0
15.3,3720.0,29,0,0,14.6,94.7,Huancavelica,15.11,0
13.6,3720.0,9,1,0,8.7,66.6,Huancavelica,13.41,0
11.7,3244.0,25,1,0,10.5,83.9,Huancavelica,11.57,0
13.8,3244.0,29,1,0,11.5,88.2,Huancavelica,13.67,0
13.8,3257.0,35,1,0,10.1,87.1,Huancavelica,13.67,0
12.9,3257.0,21,1,0,10.9,79.2,Huancavelica,12.77,0
12.9,3257.0,27,1,0,11.0,81.9,Huancavelica,12.77,0
13.5,3257.0,27,1,0,11.0,83.0,Huancavelica,13.37,0
13.7,3257.0,13,1,0,11.1,78.6,Huancavelica,13.57,0
15.0,3787.0,11,0,0,7.9,69.2,Huancavelica,14.81,0
16.1,3787.0,11,1,0,9.0,73.3,Huancavelica,15.91,0
15.7,3787.0,23,0,0,9.3,80.5,Huancavelica,15.51,0
12.2,3590.0,31,1,0,12.2,85.1,Huancavelica,12.03,0
13.8,4206.0,27,0,1,7.8,69.1,Huancavelica,13.55,0
14.8,4206.0,33,0,1,12.6,91.4,Huancavelica,14.55,0
14.1,4206.0,9,0,1,8.2,66.4,Huancavelica,13.85,0
16.5,3109.0,6,0,1,7.1,62.2,Huancavelica,16.39,0
15.1,3109.0,19,0,1,9.9,77.4,Huancavelica,14.99,0
14.1,3109.0,23,1,1,10.5,80.8,Huancavelica,13.99,0
14.1,3109.0,14,0,1,6.5,66.6,Huancavelica,13.99,0
14.4,3109.0,18,1,1,9.9,77.4,Huancavelica,14.29,0
13.5,3109.0,17,1,1,11.3,81.4,Huancavelica,13.39,0
15.3,3602.0,8,1,1,9.6,69.9,Huancavelica,15.13,0
13.1,3602.0,25,1,1,12.1,82.2,Huancavelica,12.93,0
12.8,3602.0,13,0,1,8.9,71.2,Huancavelica,12.63,0
14.1,2453.0,26,0,1,11.3,84.0,Huancavelica,14.05,0
11.5,2453.0,11,0,1,7.5,68.0,Huancavelica,11.45,0
11.8,2453.0,28,0,1,11.7,85.3,Huancavelica,11.75,0
12.7,2453.0,31,0,1,10.1,84.0,Huancavelica,12.65,0
12.5,3388.0,15,0,1,9.4,72.6,Huancavelica,12.36,0
12.5,3388.0,8,1,1,7.6,66.6,Huancavelica,12.36,0
13.1,3388.0,32,1,1,11.2,85.6,Huancavelica,12.96,0
15.7,3388.0,28,0,1,9.1,75.7,Huancavelica,15.56,0
11.9,3388.0,18,0,1,9.7,76.5,Huancavelica,11.76,0
12.7,3388.0,27,1,1,11.6,84.8,Huancavelica,12.56,0
13.9,3388.0,11,1,1,9.1,72.8,Huancavelica,13.76,0
12.2,3388.0,10,1,1,8.3,73.7,Huancavelica,12.06,0
10.7,3388.0,10,1,1,8.3,69.9,Huancavelica,10.56,1
15.7,4047.0,30,0,1,10.3,85.0,Huancavelica,15.47,0
13.8,4047.0,29,0,1,9.8,79.6,Huancavelica,13.57,0
12.6,4047.0,26,1,1,11.5,82.5,Huancavelica,12.37,0
12.1,2974.0,11,1,1,11.4,72.5,Huancavelica,12.0,0
16.2,2974.0,25,0,1,10.0,79.4,Huancavelica,16.1,0
13.9,2974.0,25,0,1,9.2,77.3,Huancavelica,13.8,0
11.3,2974.0,18,0,1,10.6,80.1,Huancavelica,11.2,0
14.9,3746.0,14,0,1,8.4,71.4,Huancavelica,14.71,0
11.4,3746.0,6,0,1,6.9,62.0,Huancavelica,11.21,0
14.1,3746.0,8,0,1,7.6,64.6,Huancavelica,13.91,0
14.1,3746.0,30,1,1,12.4,87.2,Huancavelica,13.91,0
13.4,3746.0,7,0,1,7.0,63.0,Huancavelica,13.21,0
12.6,3746.0,26,0,1,11.1,78.0,Huancavelica,12.41,0
12.4,3746.0,7,0,1,8.6,66.3,Huancavelica,12.21,0
13.9,3746.0,8,0,1,8.4,65.5,Huancavelica,13.71,0
13.9,3746.0,19,1,1,10.2,79.6,Huancavelica,13.71,0
13.6,3746.0,12,0,1,9.3,73.6,Huancavelica,13.41,0
14.1,3746.0,31,0,1,11.9,86.6,Huancavelica,13.91,0
13.8,3388.0,17,0,1,9.1,76.5,Huancavelica,13.66,0
13.0,3388.0,25,0,1,11.0,82.4,Huancavelica,12.86,0
13.7,3388.0,21,1,1,11.3,83.3,Huancavelica,13.56,0
12.7,3388.0,33,1,1,15.9,90.9,Huancavelica,12.56,0
13.9,3388.0,7,0,1,6.5,60.5,Huancavelica,13.76,0
14.8,4047.0,6,0,1,7.5,65.3,Huancavelica,14.57,0
15.7,4047.0,30,1,1,12.8,89.6,Huancavelica,15.47,0
15.2,4047.0,20,1,1,10.4,78.5,Huancavelica,14.97,0
13.7,3091.0,16,0,1,10.4,73.5,Huancavelica,13.59,0
12.2,3091.0,12,1,1,10.4,74.4,Huancavelica,12.09,0
11.5,1900.0,11,1,0,11.9,77.6,Huanuco,11.48,0
9.9,1902.0,10,1,0,9.1,71.2,Huanuco,9.88,1
10.9,1902.0,11,0,0,6.9,65.1,Huanuco,10.88,1
12.0,1902.0,13,0,0,10.0,76.4,Huanuco,11.98,0
12.6,1902.0,34,1,0,13.8,92.5,Huanuco,12.58,0
12.8,1902.0,14,1,0,8.5,73.1,Huanuco,12.78,0
11.2,1902.0,15,1,0,9.9,74.6,Huanuco,11.18,0
11.9,1968.0,12,1,0,10.3,74.8,Huanuco,11.88,0
10.8,1968.0,19,0,0,10.7,77.1,Huanuco,10.78,1
12.0,1968.0,29,0,0,11.8,81.1,Huanuco,11.98,0
10.1,1924.0,10,0,0,9.0,70.7,Huanuco,10.08,1
11.8,1924.0,32,0,0,12.1,86.6,Huanuco,11.78,0
11.1,1924.0,19,0,0,12.1,81.9,Huanuco,11.08,0
11.1,532.0,13,0,0,7.3,70.3,Huanuco,11.1,0
9.6,532.0,11,0,0,8.9,74.6,Huanuco,9.6,1
12.1,532.0,29,0,0,12.6,88.2,Huanuco,12.1,0
13.0,3415.0,34,0,0,13.2,90.5,Huanuco,12.85,0
11.1,3415.0,23,1,0,11.3,82.8,Huanuco,10.95,1
14.5,3415.0,18,0,0,9.1,73.8,Huanuco,14.35,0
13.6,3415.0,24,0,0,12.0,87.4,Huanuco,13.45,0
14.0,2154.0,26,0,0,11.1,83.8,Huanuco,13.97,0
12.6,2154.0,8,0,0,7.7,67.2,Huanuco,12.57,0
11.1,2154.0,13,0,0,9.2,74.4,Huanuco,11.07,0
11.2,2501.0,16,1,0,10.1,77.4,Huanuco,11.14,0
12.8,2501.0,26,0,0,13.1,85.9,Huanuco,12.74,0
12.1,2501.0,20,1,0,10.3,82.0,Huanuco,12.04,0
12.9,2501.0,19,0,0,11.8,81.0,Huanuco,12.84,0
10.2,2501.0,6,1,0,8.5,64.5,Huanuco,10.14,1
9.4,2782.0,11,0,1,7.1,69.6,Huanuco,9.32,1
13.0,2782.0,34,0,1,13.8,89.0,Huanuco,12.92,0
12.7,2782.0,35,1,1,17.1,96.0,Huanuco,12.62,0
10.3,2782.0,12,0,1,8.9,73.6,Huanuco,10.22,1
11.3,255.0,10,1,1,9.7,73.5,Huanuco,11.3,0
12.8,255.0,6,0,1,7.6,66.6,Huanuco,12.8,0
10.1,255.0,23,1,1,14.0,89.2,Huanuco,10.1,1
14.7,410.0,29,0,1,13.2,85.7,Huanuco,14.7,0
13.0,410.0,33,0,1,11.6,85.8,Huanuco,13.0,0
12.2,410.0,27,0,1,13.2,86.4,Huanuco,12.2,0
12.3,410.0,17,0,1,10.1,75.4,Huanuco,12.3,0
12.0,3660.0,11,1,1,8.8,68.5,Huanuco,11.82,0
13.8,3660.0,19,1,1,9.6,77.7,Huanuco,13.62,0
13.6,3660.0,29,0,1,11.0,84.0,Huanuco,13.42,0
13.2,3712.0,32,1,1,13.6,88.8,Huanuco,13.02,0
14.0,3712.0,30,0,1,11.9,87.7,Huanuco,13.82,0
14.4,3712.0,23,1,1,12.0,84.1,Huanuco,14.22,0
14.0,3712.0,10,1,1,9.3,71.5,Huanuco,13.82,0
11.9,3712.0,22,1,1,10.1,78.5,Huanuco,11.72,0
11.1,3712.0,13,0,1,9.0,71.5,Huanuco,10.92,1
13.8,3712.0,14,1,1,8.2,72.6,Huanuco,13.62,0
13.4,100.0,18,1,1,9.8,79.2,Huanuco,13.4,0
11.7,100.0,12,0,1,10.1,75.1,Huanuco,11.7,0
8.7,100.0,8,1,1,9.7,69.7,Huanuco,8.7,1
10.1,100.0,13,1,1,11.6,77.2,Huanuco,10.1,1
13.3,100.0,34,1,1,12.6,91.4,Huanuco,13.3,0
12.5,310.0,32,1,1,13.5,90.9,Huanuco,12.5,0
9.8,310.0,11,1,1,10.0,73.9,Huanuco,9.8,1
11.0,310.0,25,1,1,12.7,88.2,Huanuco,11.0,0
12.6,310.0,32,1,1,11.6,85.4,Huanuco,12.6,0
10.2,310.0,10,1,1,9.8,71.8,Huanuco,10.2,1
10.8,310.0,33,1,1,11.4,85.2,Huanuco,10.8,1
11.1,310.0,15,0,1,8.0,72.4,Huanuco,11.1,0
12.4,310.0,28,0,1,10.4,85.0,Huanuco,12.4,0
9.6,310.0,15,1,1,11.3,80.5,Huanuco,9.6,1
10.6,180.0,12,1,1,9.7,73.7,Huanuco,10.6,1
11.1,180.0,21,1,1,11.1,81.3,Huanuco,11.1,0
11.8,180.0,20,0,1,10.3,82.0,Huanuco,11.8,0
11.4,180.0,32,0,1,13.2,92.3,Huanuco,11.4,0
13.5,571.0,32,1,1,10.8,85.4,Huanuco,13.5,0
12.2,571.0,9,0,1,7.3,64.5,Huanuco,12.2,0
12.2,580.0,13,1,1,10.8,75.6,Huanuco,12.2,0
12.3,580.0,30,0,1,13.4,90.0,Huanuco,12.3,0
9.8,580.0,9,0,1,8.1,68.5,Huanuco,9.8,1
11.1,580.0,23,1,1,12.2,83.2,Huanuco,11.1,0
10.0,580.0,10,1,1,7.8,71.7,Huanuco,10.0,1
11.6,441.0,34,0,0,15.9,94.9,Ica,11.6,0
12.8,441.0,31,0,0,15.5,91.2,Ica,12.8,0
11.4,412.0,8,1,0,8.9,70.3,Ica,11.4,0
9.1,412.0,15,0,0,10.5,73.3,Ica,9.1,1
10.5,407.0,28,1,0,12.4,91.0,Ica,10.5,1
12.5,430.0,11,0,0,8.9,68.6,Ica,12.5,0
11.9,430.0,20,0,0,8.7,76.4,Ica,11.9,0
11.9,430.0,29,0,0,14.6,93.6,Ica,11.9,0
11.8,430.0,33,0,0,14.7,90.7,Ica,11.8,0
11.3,430.0,19,1,0,10.0,78.0,Ica,11.3,0
11.7,79.0,35,1,0,13.7,94.4,Ica,11.7,0
11.0,79.0,22,0,0,10.1,80.8,Ica,11.0,0
11.0,79.0,26,1,0,12.4,85.0,Ica,11.0,0
10.3,79.0,27,0,0,12.1,84.8,Ica,10.3,1
11.1,105.0,6,0,0,7.3,65.5,Ica,11.1,0
13.0,105.0,21,0,0,12.0,86.4,Ica,13.0,0
11.4,100.0,20,0,0,11.9,79.4,Ica,11.4,0
11.7,106.0,11,0,0,8.9,71.2,Ica,11.7,0
10.6,106.0,7,1,0,7.9,66.5,Ica,10.6,1
11.9,148.0,26,1,0,16.6,94.4,Ica,11.9,0
10.8,14.0,19,0,0,11.9,81.6,Ica,10.8,1
11.1,14.0,17,1,0,13.7,81.6,Ica,11.1,0
10.2,100.0,14,1,0,12.7,77.9,Ica,10.2,1
9.8,100.0,23,1,0,11.7,80.5,Ica,9.8,1
11.1,100.0,21,0,0,11.3,79.4,Ica,11.1,0
11.6,599.0,6,1,0,7.4,65.8,Ica,11.6,0
12.8,599.0,32,0,0,14.2,94.2,Ica,12.8,0
13.5,571.0,18,1,0,12.5,81.8,Ica,13.5,0
10.7,588.0,24,0,0,11.3,88.8,Ica,10.7,1
11.1,23.0,35,0,0,13.5,90.9,Ica,11.1,0
10.8,23.0,6,1,0,8.8,68.4,Ica,10.8,1
11.6,23.0,20,0,0,12.1,84.2,Ica,11.6,0
9.1,23.0,17,0,0,10.2,76.2,Ica,9.1,1
11.4,23.0,10,0,0,8.8,68.5,Ica,11.4,0
12.3,105.0,31,0,0,12.8,83.6,Ica,12.3,0
10.8,63.0,32,1,0,12.9,84.7,Ica,10.8,1
10.4,63.0,18,0,0,9.0,76.5,Ica,10.4,1
11.4,63.0,19,1,0,11.7,82.2,Ica,11.4,0
10.4,63.0,34,1,0,13.9,92.0,Ica,10.4,1
11.0,63.0,9,1,0,9.9,70.5,Ica,11.0,0
11.3,63.0,13,0,0,10.6,73.1,Ica,11.3,0
11.4,35.0,6,0,0,7.5,67.1,Ica,11.4,0
10.5,440.0,22,1,0,11.4,82.4,Ica,10.5,1
8.5,440.0,15,0,0,8.5,74.4,Ica,8.5,1
9.8,440.0,15,0,0,9.7,74.5,Ica,9.8,1
12.9,440.0,17,0,0,9.3,76.4,Ica,12.9,0
11.0,3439.0,13,0,1,9.1,69.5,Ica,10.85,1
9.8,3439.0,25,0,1,12.3,83.3,Ica,9.65,1
11.1,3439.0,31,0,1,13.5,90.0,Ica,10.95,1
13.7,3269.0,25,1,0,14.5,85.8,Junin,13.57,0
12.5,3269.0,21,1,0,9.3,78.3,Junin,12.37,0
12.4,3264.0,23,0,0,10.1,77.0,Junin,12.27,0
15.6,3264.0,31,0,0,10.7,85.8,Junin,15.47,0
11.7,3264.0,9,0,0,6.8,64.2,Junin,11.57,0
13.5,3329.0,20,0,0,9.0,76.2,Junin,13.36,0
14.1,3329.0,31,1,0,14.8,91.5,Junin,13.96,0
12.7,3329.0,19,0,0,8.8,72.8,Junin,12.56,0
13.1,3329.0,33,0,0,11.5,84.1,Junin,12.96,0
14.3,3219.0,26,0,0,12.3,87.6,Junin,14.18,0
13.1,3219.0,22,0,0,10.3,84.3,Junin,12.98,0
13.8,3240.0,19,1,0,11.7,81.0,Junin,13.67,0
11.9,3240.0,15,1,0,10.8,80.1,Junin,11.77,0
13.6,3240.0,33,1,0,14.2,93.2,Junin,13.47,0
12.8,3240.0,27,1,0,14.3,87.4,Junin,12.67,0
12.9,3233.0,17,0,0,9.4,75.7,Junin,12.77,0
13.0,3233.0,9,1,0,8.3,69.5,Junin,12.87,0
12.6,3233.0,24,1,0,10.9,81.8,Junin,12.47,0
12.9,3233.0,19,0,0,9.6,78.0,Junin,12.77,0
11.4,3233.0,9,1,0,8.7,70.5,Junin,11.27,0
14.2,3214.0,9,0,0,8.9,67.8,Junin,14.08,0
12.2,3214.0,10,1,0,10.9,73.3,Junin,12.08,0
14.8,3214.0,27,0,0,12.1,85.8,Junin,14.68,0
15.8,4125.0,11,0,0,7.6,68.3,Junin,15.56,0
15.7,4125.0,34,0,0,11.6,87.2,Junin,15.46,0
12.2,3029.0,25,0,0,11.5,82.2,Junin,12.1,0
12.6,3029.0,35,0,0,13.4,89.8,Junin,12.5,0
13.6,3029.0,32,1,0,12.0,88.8,Junin,13.5,0
11.2,745.0,35,1,0,15.1,92.8,Junin,11.2,0
11.2,745.0,18,1,0,11.2,81.1,Junin,11.2,0
12.6,745.0,22,0,0,11.2,81.9,Junin,12.6,0
11.2,745.0,9,1,0,8.6,68.5,Junin,11.2,0
10.8,745.0,13,0,0,8.9,73.5,Junin,10.8,1
11.6,745.0,26,1,0,9.8,83.5,Junin,11.6,0
12.0,745.0,28,1,0,11.1,83.4,Junin,12.0,0
12.7,3251.0,29,1,0,10.7,81.7,Junin,12.57,0
11.5,3251.0,26,0,0,11.6,82.8,Junin,11.37,0
9.2,752.0,14,1,0,10.0,77.6,Junin,9.2,1
13.1,752.0,32,0,0,17.9,100.4,Junin,13.1,0
11.6,752.0,8,0,0,8.8,70.3,Junin,11.6,0
14.3,3272.0,27,1,0,11.8,86.0,Junin,14.17,0
13.9,3272.0,23,1,0,12.5,83.9,Junin,13.77,0
12.9,3272.0,25,1,0,10.1,80.8,Junin,12.77,0
12.6,3272.0,25,1,0,10.7,84.3,Junin,12.47,0
14.1,3272.0,23,0,0,11.9,85.0,Junin,13.97,0
15.6,3439.0,16,0,1,9.1,76.5,Junin,15.45,0
13.9,3439.0,19,0,1,11.8,81.2,Junin,13.75,0
13.6,3439.0,29,1,1,11.9,83.8,Junin,13.45,0
13.2,3439.0,33,1,1,10.1,87.0,Junin,13.05,0
13.7,3439.0,8,1,1,7.9,66.4,Junin,13.55,0
13.7,3464.0,34,1,1,13.7,90.9,Junin,13.55,0
12.8,3464.0,6,0,1,6.5,62.6,Junin,12.65,0
9.1,9.0,32,1,1,10.8,85.6,Junin,9.1,1
11.5,9.0,13,0,1,6.9,70.2,Junin,11.5,0
12.3,9.0,34,1,1,16.6,93.9,Junin,12.3,0
12.0,9.0,19,0,1,11.1,79.6,Junin,12.0,0
10.0,9.0,9,1,1,7.8,70.3,Junin,10.0,1
10.9,9.0,32,1,1,11.5,86.2,Junin,10.9,1
11.7,9.0,30,0,1,12.2,87.2,Junin,11.7,0
12.4,9.0,13,0,1,8.5,73.0,Junin,12.4,0
10.3,722.0,18,1,1,10.5,78.1,Junin,10.3,1
11.7,722.0,28,1,1,12.3,82.8,Junin,11.7,0
10.6,722.0,7,0,1,7.9,64.3,Junin,10.6,1
11.5,722.0,26,0,1,9.9,79.3,Junin,11.5,0
9.6,722.0,6,0,1,8.6,65.0,Junin,9.6,1
12.3,100.0,11,1,0,11.1,77.0,La Libertad,12.3,0
12.2,100.0,20,0,0,10.0,79.9,La Libertad,12.2,0
12.9,61.0,33,0,0,13.7,94.0,La Libertad,12.9,0
12.1,61.0,32,0,0,13.2,91.4,La Libertad,12.1,0
10.4,61.0,10,1,0,9.5,74.1,La Libertad,10.4,1
11.7,25.0,30,1,0,13.9,95.2,La Libertad,11.7,0
11.8,25.0,22,0,0,11.6,83.2,La Libertad,11.8,0
10.5,25.0,15,1,0,10.1,76.0,La Libertad,10.5,1
12.6,13.0,30,0,0,11.0,82.5,La Libertad,12.6,0
10.9,13.0,33,1,0,13.4,89.1,La Libertad,10.9,1
10.6,13.0,32,1,0,13.8,93.3,La Libertad,10.6,1
11.1,23.0,14,0,0,9.2,74.9,La Libertad,11.1,0
10.6,23.0,30,1,0,12.9,93.4,La Libertad,10.6,1
9.8,23.0,17,0,0,9.8,77.8,La Libertad,9.8,1
11.6,10.0,24,1,0,12.2,87.4,La Libertad,11.6,0
9.6,10.0,9,1,0,9.6,71.7,La Libertad,9.6,1
10.2,11.0,8,1,0,8.6,68.2,La Libertad,10.2,1
10.2,143.0,9,1,0,8.8,70.4,La Libertad,10.2,1
9.4,143.0,7,0,0,8.0,67.8,La Libertad,9.4,1
10.7,143.0,25,0,0,10.8,80.0,La Libertad,10.7,1
11.8,135.0,34,0,0,15.7,95.6,La Libertad,11.8,0
10.9,135.0,32,1,0,13.7,93.4,La Libertad,10.9,1
10.7,21.0,32,0,0,15.8,97.3,La Libertad,10.7,1
11.1,21.0,6,0,0,7.5,65.1,La Libertad,11.1,0
11.5,21.0,18,1,0,10.7,81.6,La Libertad,11.5,0
12.4,52.0,8,1,0,10.0,71.0,La Libertad,12.4,0
11.9,52.0,23,1,0,13.6,87.1,La Libertad,11.9,0
11.5,52.0,30,1,0,14.2,94.0,La Libertad,11.5,0
12.1,52.0,29,0,0,10.9,80.7,La Libertad,12.1,0
11.1,144.0,21,1,0,11.6,81.6,La Libertad,11.1,0
10.9,144.0,16,0,0,9.2,77.8,La Libertad,10.9,1
11.3,144.0,15,1,0,10.7,77.3,La Libertad,11.3,0
11.0,9.0,35,1,0,13.2,88.9,La Libertad,11.0,0
10.6,9.0,35,1,0,13.3,92.1,La Libertad,10.6,1
9.6,9.0,9,1,0,11.3,71.6,La Libertad,9.6,1
12.7,3116.0,31,1,0,10.5,85.1,La Libertad,12.59,0
13.1,3116.0,20,0,0,11.3,77.7,La Libertad,12.99,0
11.6,3282.0,14,1,1,7.5,68.3,La Libertad,11.47,0
13.6,3282.0,28,1,1,13.3,84.5,La Libertad,13.47,0
12.2,3282.0,9,0,1,8.6,67.7,La Libertad,12.07,0
13.5,3282.0,27,0,1,9.7,78.5,La Libertad,13.37,0
12.4,3307.0,30,1,1,15.3,86.5,La Libertad,12.27,0
12.8,3307.0,27,1,1,12.1,84.2,La Libertad,12.67,0
13.3,132.0,24,1,1,13.1,87.9,La Libertad,13.3,0
12.4,132.0,16,1,1,10.6,80.0,La Libertad,12.4,0
12.8,132.0,30,1,1,12.4,86.8,La Libertad,12.8,0
13.5,132.0,32,1,1,14.2,94.1,La Libertad,13.5,0
12.7,132.0,17,0,1,8.9,74.3,La Libertad,12.7,0
13.5,132.0,19,0,1,9.4,77.0,La Libertad,13.5,0
15.0,3325.0,29,0,1,13.4,90.6,La Libertad,14.86,0
12.8,3325.0,29,0,1,11.9,85.9,La Libertad,12.66,0
10.2,3325.0,17,0,1,9.3,76.2,La Libertad,10.06,1
13.5,3325.0,10,0,1,7.7,68.6,La Libertad,13.36,0
13.3,3325.0,34,0,1,12.5,87.2,La Libertad,13.16,0
12.0,3325.0,11,1,1,11.2,78.8,La Libertad,11.86,0
13.0,77.0,27,0,1,12.3,82.2,La Libertad,13.0,0
11.8,77.0,10,1,1,8.3,70.9,La Libertad,11.8,0
13.6,77.0,32,0,1,10.4,81.1,La Libertad,13.6,0
14.1,77.0,10,1,1,8.0,67.5,La Libertad,14.1,0
9.8,29.0,7,1,0,10.0,73.2,Lambayeque,9.8,1
9.9,29.0,10,1,0,9.1,68.5,Lambayeque,9.9,1
12.3,29.0,9,1,0,10.2,73.0,Lambayeque,12.3,0
10.2,32.0,20,1,0,10.6,80.8,Lambayeque,10.2,1
11.8,32.0,31,1,0,16.7,95.3,Lambayeque,11.8,0
11.0,32.0,6,0,0,6.8,64.1,Lambayeque,11.0,0
11.4,32.0,28,1,0,13.8,91.4,Lambayeque,11.4,0
12.3,32.0,33,0,0,15.9,91.8,Lambayeque,12.3,0
11.9,33.0,33,0,0,12.5,88.5,Lambayeque,11.9,0
11.8,33.0,28,0,0,12.6,85.5,Lambayeque,11.8,0
12.6,33.0,16,1,0,10.4,77.9,Lambayeque,12.6,0
11.6,33.0,9,0,0,8.2,65.6,Lambayeque,11.6,0
9.0,33.0,16,1,0,8.6,75.5,Lambayeque,9.0,1
12.5,32.0,33,0,0,16.7,96.0,Lambayeque,12.5,0
11.4,32.0,26,0,0,12.4,86.5,Lambayeque,11.4,0
11.9,32.0,9,1,0,8.4,71.3,Lambayeque,11.9,0
10.8,29.0,15,1,0,11.2,77.2,Lambayeque,10.8,1
12.0,29.0,33,1,0,17.1,98.9,Lambayeque,12.0,0
11.1,28.0,24,1,0,11.8,86.4,Lambayeque,11.1,0
10.4,28.0,30,0,0,11.3,85.5,Lambayeque,10.4,1
10.2,28.0,19,1,0,9.7,81.2,Lambayeque,10.2,1
13.4,26.0,27,0,0,15.6,92.0,Lambayeque,13.4,0
10.8,26.0,18,1,0,11.4,82.6,Lambayeque,10.8,1
10.5,26.0,12,0,0,9.2,70.2,Lambayeque,10.5,1
12.4,28.0,23,0,0,10.8,81.0,Lambayeque,12.4,0
11.6,28.0,21,0,0,10.9,80.3,Lambayeque,11.6,0
11.5,28.0,25,1,0,10.9,84.7,Lambayeque,11.5,0
9.5,28.0,7,1,0,9.7,69.0,Lambayeque,9.5,1
10.9,28.0,23,0,0,11.8,86.5,Lambayeque,10.9,1
11.7,32.0,14,0,0,10.8,77.4,Lambayeque,11.7,0
10.4,32.0,8,1,0,8.8,68.0,Lambayeque,10.4,1
10.2,32.0,22,0,0,12.7,84.5,Lambayeque,10.2,1
9.7,32.0,10,1,0,8.5,72.0,Lambayeque,9.7,1
10.9,32.0,27,1,0,11.5,82.5,Lambayeque,10.9,1
11.2,32.0,26,0,0,10.0,81.7,Lambayeque,11.2,0
9.5,32.0,17,0,0,8.6,74.0,Lambayeque,9.5,1
11.9,23.0,7,1,0,9.6,70.0,Lambayeque,11.9,0
10.0,23.0,10,1,0,9.4,73.2,Lambayeque,10.0,1
11.9,46.0,28,0,0,12.0,86.1,Lambayeque,11.9,0
10.8,46.0,10,0,0,7.5,68.4,Lambayeque,10.8,1
10.3,46.0,22,1,0,12.4,82.6,Lambayeque,10.3,1
10.1,46.0,8,1,0,7.0,68.0,Lambayeque,10.1,1
12.3,46.0,29,1,0,12.8,88.2,Lambayeque,12.3,0
10.7,132.0,19,1,0,12.3,86.0,Lambayeque,10.7,1
11.2,132.0,15,1,0,11.9,76.7,Lambayeque,11.2,0
11.5,132.0,17,1,0,12.4,78.9,Lambayeque,11.5,0
11.1,13.0,32,1,0,13.1,89.8,Lambayeque,11.1,0
11.1,13.0,30,1,0,14.2,87.8,Lambayeque,11.1,0
11.3,13.0,9,1,0,11.4,70.7,Lambayeque,11.3,0
11.8,13.0,9,0,0,8.0,69.2,Lambayeque,11.8,0
12.0,11.0,34,0,0,13.1,92.4,Lambayeque,12.0,0
12.1,11.0,10,1,0,9.6,71.3,Lambayeque,12.1,0
13.2,11.0,19,1,0,11.4,78.0,Lambayeque,13.2,0
10.7,11.0,16,0,0,9.4,73.7,Lambayeque,10.7,1
11.1,77.0,28,0,0,11.5,82.6,Lambayeque,11.1,0
11.9,77.0,20,1,0,11.3,86.5,Lambayeque,11.9,0
11.4,77.0,26,0,0,10.8,82.5,Lambayeque,11.4,0
10.3,63.0,18,1,0,11.5,80.0,Lambayeque,10.3,1
10.3,63.0,22,0,0,11.7,83.4,Lambayeque,10.3,1
9.7,63.0,16,0,0,11.9,82.0,Lambayeque,9.7,1
11.1,63.0,32,1,0,14.1,91.4,Lambayeque,11.1,0
9.9,63.0,6,1,0,8.1,70.0,Lambayeque,9.9,1
11.5,46.0,18,0,0,11.3,79.3,Lambayeque,11.5,0
11.0,46.0,16,0,0,9.2,77.1,Lambayeque,11.0,0
12.7,3.0,26,0,0,11.8,81.4,Lambayeque,12.7,0
11.8,3.0,32,0,0,13.3,95.3,Lambayeque,11.8,0
11.3,3.0,27,0,0,9.4,77.4,Lambayeque,11.3,0
11.0,382.0,30,1,1,11.0,84.2,Lambayeque,11.0,0
12.0,382.0,34,1,1,13.3,91.5,Lambayeque,12.0,0
12.3,382.0,32,1,1,14.8,92.2,Lambayeque,12.3,0
10.2,37.0,12,1,1,10.6,74.9,Lambayeque,10.2,1
11.0,37.0,33,1,1,14.6,91.5,Lambayeque,11.0,0
11.1,37.0,18,0,1,9.4,76.2,Lambayeque,11.1,0
10.8,37.0,34,0,1,13.7,94.5,Lambayeque,10.8,1
11.4,95.0,28,1,0,14.2,92.4,Lima,11.4,0
10.5,95.0,30,1,0,12.9,90.9,Lima,10.5,1
10.4,53.0,8,0,0,9.0,66.2,Lima,10.4,1
12.4,53.0,33,1,0,14.5,95.3,Lima,12.4,0
10.4,53.0,8,0,0,12.0,70.1,Lima,10.4,1
13.0,53.0,34,0,0,13.3,96.4,Lima,13.0,0
10.8,53.0,22,0,0,11.3,81.8,Lima,10.8,1
11.8,53.0,24,1,0,10.8,86.3,Lima,11.8,0
9.2,53.0,17,1,0,10.0,76.6,Lima,9.2,1
11.5,54.0,30,0,0,16.0,94.5,Lima,11.5,0
10.6,54.0,16,1,0,11.8,80.9,Lima,10.6,1
11.3,54.0,13,0,0,8.5,68.6,Lima,11.3,0
11.0,54.0,21,1,0,11.9,83.4,Lima,11.0,0
10.5,76.0,9,1,0,11.1,73.8,Lima,10.5,1
11.4,76.0,26,1,0,11.9,85.8,Lima,11.4,0
10.8,76.0,16,1,0,12.0,81.4,Lima,10.8,1
11.9,101.0,25,0,0,13.8,89.2,Lima,11.9,0
13.5,65.0,21,1,0,12.6,85.4,Lima,13.5,0
10.7,106.0,12,1,0,10.8,75.3,Lima,10.7,1
11.0,106.0,26,0,0,13.7,92.8,Lima,11.0,0
10.8,106.0,23,1,0,12.5,89.3,Lima,10.8,1
10.1,171.0,35,1,0,15.1,98.5,Lima,10.1,1
11.2,171.0,8,0,0,11.8,71.9,Lima,11.2,0
13.0,171.0,24,1,0,8.7,75.3,Lima,13.0,0
11.0,171.0,13,0,0,10.3,78.1,Lima,11.0,0
11.1,171.0,8,0,0,8.3,66.7,Lima,11.1,0
11.5,171.0,29,0,0,13.1,88.6,Lima,11.5,0
12.3,129.0,10,1,0,10.9,74.9,Lima,12.3,0
12.4,129.0,11,0,0,10.1,74.1,Lima,12.4,0
11.4,129.0,26,1,0,12.1,85.3,Lima,11.4,0
12.1,129.0,25,1,0,13.3,87.8,Lima,12.1,0
10.6,141.0,7,1,0,9.1,69.7,Lima,10.6,1
11.1,141.0,33,1,0,15.3,90.6,Lima,11.1,0
11.0,141.0,33,0,0,12.2,85.4,Lima,11.0,0
12.2,141.0,27,0,0,11.2,85.0,Lima,12.2,0
10.0,141.0,21,1,0,10.6,84.5,Lima,10.0,1
10.3,402.0,10,0,0,9.3,70.1,Lima,10.3,1
11.2,402.0,27,1,0,13.6,88.2,Lima,11.2,0
9.8,402.0,6,1,0,9.7,71.2,Lima,9.8,1
12.1,385.0,27,0,0,11.0,81.1,Lima,12.1,0
12.5,385.0,27,1,0,14.2,89.7,Lima,12.5,0
10.1,385.0,27,0,0,11.6,85.3,Lima,10.1,1
11.8,382.0,30,1,0,11.8,86.4,Lima,11.8,0
10.2,382.0,7,1,0,7.6,67.5,Lima,10.2,1
12.1,449.0,15,0,0,10.0,74.6,Lima,12.1,0
11.9,449.0,17,1,0,11.2,77.9,Lima,11.9,0
11.9,449.0,22,0,0,7.9,74.4,Lima,11.9,0
11.3,449.0,21,0,0,12.3,84.3,Lima,11.3,0
12.2,313.0,27,0,0,14.3,90.2,Lima,12.2,0
12.1,313.0,34,0,0,14.4,89.2,Lima,12.1,0
11.0,263.0,23,0,0,12.5,83.2,Lima,11.0,0
8.7,290.0,17,1,0,15.8,85.3,Lima,8.7,1
10.0,290.0,16,0,0,10.0,78.3,Lima,10.0,1
12.4,227.0,27,1,0,15.0,90.9,Lima,12.4,0
13.3,227.0,23,1,0,11.1,81.6,Lima,13.3,0
11.8,227.0,22,0,0,12.1,85.4,Lima,11.8,0
11.4,227.0,24,0,0,13.0,89.7,Lima,11.4,0
9.9,313.0,21,0,0,11.2,80.2,Lima,9.9,1
11.5,313.0,20,0,0,10.8,81.2,Lima,11.5,0
11.3,313.0,13,1,0,10.1,75.1,Lima,11.3,0
11.1,313.0,17,0,0,10.8,79.6,Lima,11.1,0
10.4,904.0,25,0,0,9.7,79.8,Lima,10.4,1
11.3,841.0,31,0,0,12.0,83.8,Lima,11.3,0
11.5,841.0,12,1,0,9.0,73.0,Lima,11.5,0
12.1,868.0,34,0,0,13.1,90.0,Lima,12.1,0
11.7,868.0,8,1,0,7.8,67.0,Lima,11.7,0
11.1,351.0,33,1,0,17.0,94.3,Lima,11.1,0
11.1,351.0,31,1,0,13.3,91.4,Lima,11.1,0
12.2,351.0,34,1,0,15.3,97.0,Lima,12.2,0
10.6,568.0,30,1,0,16.7,92.5,Lima,10.6,1
11.3,568.0,12,1,0,8.5,72.8,Lima,11.3,0
11.0,568.0,22,1,0,10.8,82.6,Lima,11.0,0
10.2,568.0,6,1,0,8.7,68.3,Lima,10.2,1
12.0,568.0,17,1,0,11.2,83.4,Lima,12.0,0
11.6,568.0,31,1,0,12.5,90.1,Lima,11.6,0
10.7,620.0,33,0,0,13.1,90.8,Lima,10.7,1
12.0,247.0,25,0,0,12.6,89.3,Lima,12.0,0
11.8,270.0,11,1,0,10.8,75.4,Lima,11.8,0
10.4,270.0,16,1,0,9.4,73.1,Lima,10.4,1
11.6,270.0,29,1,0,11.6,86.4,Lima,11.6,0
11.4,270.0,16,1,0,11.1,79.1,Lima,11.4,0
12.7,290.0,20,0,0,12.3,83.0,Lima,12.7,0
11.7,290.0,30,0,0,14.9,96.7,Lima,11.7,0
10.9,178.0,31,1,0,13.6,91.3,Lima,10.9,1
9.5,178.0,17,1,0,9.6,76.2,Lima,9.5,1
9.8,178.0,26,1,0,12.4,83.1,Lima,9.8,1
10.1,120.0,7,0,0,7.3,64.6,Lima,10.1,1
11.3,120.0,23,0,0,12.8,85.3,Lima,11.3,0
12.4,166.0,15,0,0,10.0,78.4,Lima,12.4,0
10.5,166.0,20,1,0,11.8,84.5,Lima,10.5,1
10.5,144.0,16,1,0,14.8,82.6,Lima,10.5,1
11.0,32.0,27,0,0,11.1,79.2,Lima,11.0,0
10.5,371.0,8,1,0,11.6,70.7,Lima,10.5,1
11.0,371.0,14,1,0,8.9,71.7,Lima,11.0,0
12.3,371.0,22,0,0,11.0,82.6,Lima,12.3,0
11.3,403.0,27,1,0,13.4,89.4,Lima,11.3,0
12.9,403.0,10,0,0,9.5,73.2,Lima,12.9,0
12.6,403.0,19,1,0,11.5,80.0,Lima,12.6,0
10.7,403.0,10,0,0,9.7,68.0,Lima,10.7,1
10.2,403.0,29,0,0,11.7,86.5,Lima,10.2,1
10.6,403.0,28,0,0,13.7,87.8,Lima,10.6,1
10.7,108.0,18,0,0,9.3,76.0,Lima,10.7,1
12.5,108.0,32,1,0,14.5,97.5,Lima,12.5,0
10.9,239.0,31,1,0,12.9,92.4,Lima,10.9,1
11.7,239.0,10,1,0,10.6,72.4,Lima,11.7,0
10.3,239.0,9,0,0,9.4,70.1,Lima,10.3,1
11.9,183.0,31,1,0,14.0,94.0,Lima,11.9,0
11.2,183.0,25,0,0,12.0,83.2,Lima,11.2,0
11.4,183.0,34,0,0,12.5,88.5,Lima,11.4,0
10.0,183.0,11,1,0,10.4,75.6,Lima,10.0,1
10.8,94.0,34,0,0,14.0,90.8,Lima,10.8,1
9.8,83.0,22,1,0,10.4,79.5,Lima,9.8,1
11.2,83.0,21,0,0,11.2,79.7,Lima,11.2,0
8.6,83.0,23,1,0,12.3,85.4,Lima,8.6,1
12.4,83.0,30,1,0,14.2,91.0,Lima,12.4,0
11.2,232.0,27,1,0,11.4,84.2,Lima,11.2,0
11.2,232.0,17,0,0,10.5,78.7,Lima,11.2,0
10.3,232.0,6,1,0,7.9,64.5,Lima,10.3,1
10.8,232.0,15,1,0,10.7,77.5,Lima,10.8,1
10.7,232.0,21,1,0,10.7,82.7,Lima,10.7,1
11.0,217.0,29,0,0,15.0,91.5,Lima,11.0,0
12.6,208.0,29,0,0,17.2,93.6,Lima,12.6,0
12.2,208.0,26,0,0,15.1,92.2,Lima,12.2,0
11.5,126.0,23,0,0,11.2,82.1,Lima,11.5,0
13.3,126.0,26,1,0,16.9,91.7,Lima,13.3,0
12.3,126.0,28,1,0,12.9,90.5,Lima,12.3,0
10.1,126.0,9,0,0,7.1,68.7,Lima,10.1,1
10.1,126.0,35,1,0,11.8,86.6,Lima,10.1,1
12.4,126.0,18,0,0,12.8,83.2,Lima,12.4,0
12.9,126.0,34,1,0,13.1,91.0,Lima,12.9,0
10.3,126.0,27,1,0,12.6,90.3,Lima,10.3,1
12.2,50.0,19,1,0,12.4,78.5,Lima,12.2,0
10.2,50.0,24,1,0,10.7,76.6,Lima,10.2,1
10.6,50.0,12,0,0,10.1,75.0,Lima,10.6,1
10.7,50.0,28,1,0,11.1,84.2,Lima,10.7,1
11.2,37.0,7,1,0,11.1,71.0,Lima,11.2,0
10.8,37.0,10,0,0,9.4,72.9,Lima,10.8,1
13.0,37.0,35,1,0,15.0,95.0,Lima,13.0,0
11.5,37.0,18,0,0,11.5,81.1,Lima,11.5,0
10.9,46.0,13,1,0,9.9,76.2,Lima,10.9,1
12.9,46.0,21,0,0,11.3,80.5,Lima,12.9,0
11.8,46.0,23,1,0,10.8,80.7,Lima,11.8,0
10.1,37.0,11,0,0,9.6,72.1,Lima,10.1,1
10.4,37.0,31,0,0,11.4,84.3,Lima,10.4,1
10.4,37.0,17,0,0,10.1,77.8,Lima,10.4,1
9.1,46.0,8,0,0,8.1,76.5,Lima,9.1,1
11.9,46.0,11,1,0,11.0,75.5,Lima,11.9,0
10.7,46.0,34,1,0,15.0,95.6,Lima,10.7,1
9.0,46.0,13,0,0,9.4,73.7,Lima,9.0,1
12.0,165.0,20,0,0,10.7,74.2,Lima,12.0,0
10.7,165.0,20,1,0,11.2,80.0,Lima,10.7,1
11.9,165.0,29,0,0,15.8,91.4,Lima,11.9,0
12.4,165.0,15,0,0,8.2,75.9,Lima,12.4,0
13.0,165.0,35,1,0,16.8,97.5,Lima,13.0,0
11.5,165.0,13,1,0,8.7,72.5,Lima,11.5,0
10.1,166.0,17,0,0,12.4,74.2,Lima,10.1,1
11.9,166.0,30,0,0,12.3,88.2,Lima,11.9,0
9.0,180.0,12,1,0,9.9,75.5,Lima,9.0,1
12.4,87.0,14,0,0,8.1,74.4,Lima,12.4,0
11.8,87.0,27,1,0,10.4,82.7,Lima,11.8,0
11.1,90.0,17,0,0,10.4,77.0,Lima,11.1,0
10.8,90.0,19,1,0,10.0,78.1,Lima,10.8,1
12.5,271.0,30,0,0,12.0,89.4,Lima,12.5,0
12.9,271.0,29,1,0,16.3,97.0,Lima,12.9,0
10.8,271.0,27,1,0,12.5,87.7,Lima,10.8,1
10.4,108.0,12,0,0,8.0,69.7,Lima,10.4,1
10.5,108.0,17,0,0,8.8,75.5,Lima,10.5,1
10.4,54.0,10,1,0,9.7,73.1,Lima,10.4,1
10.4,54.0,13,1,0,9.2,71.2,Lima,10.4,1
12.1,2461.0,30,0,1,14.2,88.4,Lima,12.05,0
10.6,2461.0,9,0,1,8.1,68.9,Lima,10.55,1
12.7,2461.0,20,1,1,10.5,80.8,Lima,12.65,0
12.0,29.0,25,1,1,14.4,92.8,Lima,12.0,0
12.4,29.0,29,0,1,11.9,86.7,Lima,12.4,0
11.1,29.0,11,1,1,11.7,75.1,Lima,11.1,0
12.4,289.0,33,0,1,11.1,86.7,Lima,12.4,0
13.0,289.0,32,0,1,12.6,91.2,Lima,13.0,0
11.5,289.0,11,1,1,9.5,71.5,Lima,11.5,0
11.0,289.0,34,0,1,13.7,91.6,Lima,11.0,0
10.4,289.0,13,0,1,8.1,71.4,Lima,10.4,1
11.1,289.0,15,0,1,9.7,75.9,Lima,11.1,0
12.0,289.0,13,0,1,10.0,72.2,Lima,12.0,0
10.6,96.0,22,1,1,11.3,88.4,Lima,10.6,1
11.4,96.0,14,0,1,9.4,73.4,Lima,11.4,0
11.4,96.0,29,1,1,14.0,89.9,Lima,11.4,0
11.7,96.0,33,0,1,13.9,88.9,Lima,11.7,0
10.8,96.0,34,0,0,12.7,91.2,Loreto,10.8,1
10.3,96.0,24,0,0,11.1,86.3,Loreto,10.3,1
10.4,90.0,18,1,0,10.7,80.6,Loreto,10.4,1
10.2,90.0,19,1,0,9.5,75.8,Loreto,10.2,1
12.8,96.0,18,0,0,9.7,78.7,Loreto,12.8,0
10.4,96.0,24,0,0,11.1,86.8,Loreto,10.4,1
13.0,92.0,29,1,0,12.9,92.2,Loreto,13.0,0
11.9,89.0,28,1,0,11.5,86.7,Loreto,11.9,0
9.6,95.0,12,0,0,7.8,68.6,Loreto,9.6,1
9.9,95.0,26,0,0,10.0,81.9,Loreto,9.9,1
11.4,95.0,25,1,0,11.3,82.7,Loreto,11.4,0
10.9,91.0,18,1,0,10.5,80.0,Loreto,10.9,1
10.6,91.0,28,1,0,13.1,91.4,Loreto,10.6,1
11.5,91.0,33,0,0,12.7,91.7,Loreto,11.5,0
11.1,91.0,35,1,0,12.8,86.2,Loreto,11.1,0
8.9,84.0,16,1,0,9.5,77.8,Loreto,8.9,1
10.6,84.0,19,0,0,9.2,76.3,Loreto,10.6,1
10.5,133.0,33,1,0,12.8,90.3,Loreto,10.5,1
10.0,133.0,8,0,0,6.9,66.5,Loreto,10.0,1
11.4,133.0,18,1,0,9.6,81.6,Loreto,11.4,0
11.8,133.0,22,0,0,11.0,84.5,Loreto,11.8,0
11.2,133.0,35,0,0,13.3,94.3,Loreto,11.2,0
11.0,103.0,13,1,0,10.9,70.0,Loreto,11.0,0
11.6,144.0,20,1,0,11.3,84.3,Loreto,11.6,0
10.6,144.0,19,1,0,10.8,82.3,Loreto,10.6,1
10.0,144.0,6,0,0,7.2,63.6,Loreto,10.0,1
10.9,144.0,27,1,0,9.7,83.2,Loreto,10.9,1
11.4,106.0,27,0,0,10.8,82.1,Loreto,11.4,0
9.3,106.0,7,1,0,8.6,68.7,Loreto,9.3,1
11.5,106.0,24,0,0,10.1,82.1,Loreto,11.5,0
11.3,187.0,28,1,1,11.2,83.8,Loreto,11.3,0
10.8,187.0,30,0,1,12.7,87.8,Loreto,10.8,1
10.7,187.0,28,1,1,12.9,86.5,Loreto,10.7,1
11.6,291.0,21,1,1,10.4,78.3,Loreto,11.6,0
8.1,291.0,8,1,1,7.6,71.1,Loreto,8.1,1
11.4,291.0,31,1,1,12.8,88.5,Loreto,11.4,0
11.3,291.0,30,1,1,13.1,89.3,Loreto,11.3,0
12.5,291.0,25,1,1,12.2,86.4,Loreto,12.5,0
9.9,291.0,33,0,1,12.2,90.3,Loreto,9.9,1
9.1,291.0,19,1,1,10.7,81.2,Loreto,9.1,1
11.4,395.0,14,0,1,8.4,72.3,Loreto,11.4,0
11.5,395.0,11,1,1,8.3,68.8,Loreto,11.5,0
8.7,395.0,8,1,1,9.7,71.1,Loreto,8.7,1
10.4,395.0,21,1,1,9.4,77.7,Loreto,10.4,1
10.6,395.0,31,0,1,13.6,91.8,Loreto,10.6,1
8.8,395.0,19,0,1,9.9,79.0,Loreto,8.8,1
10.9,395.0,12,0,1,9.1,71.9,Loreto,10.9,1
9.6,395.0,6,0,1,7.2,63.7,Loreto,9.6,1
10.0,395.0,12,1,1,5.0,60.4,Loreto,10.0,1
10.1,395.0,12,1,1,5.6,63.2,Loreto,10.1,1
9.6,395.0,15,0,1,8.4,71.8,Loreto,9.6,1
13.4,74.0,28,1,1,12.1,87.4,Loreto,13.4,0
10.9,74.0,18,0,1,10.6,76.8,Loreto,10.9,1
11.0,74.0,32,0,1,11.6,88.6,Loreto,11.0,0
6.4,74.0,20,0,1,9.1,76.0,Loreto,6.4,1
8.2,74.0,6,0,1,9.8,68.7,Loreto,8.2,1
11.4,189.0,15,0,1,7.4,70.4,Loreto,11.4,0
11.1,189.0,20,0,1,9.6,78.0,Loreto,11.1,0
11.3,189.0,30,0,1,11.7,86.6,Loreto,11.3,0
9.8,189.0,21,0,1,11.2,79.5,Loreto,9.8,1
10.5,189.0,18,1,1,8.6,75.0,Loreto,10.5,1
10.1,208.0,11,1,0,7.5,66.2,Madre de Dios,10.1,1
12.7,208.0,29,0,0,11.2,90.0,Madre de Dios,12.7,0
12.4,204.0,33,1,0,16.9,99.3,Madre de Dios,12.4,0
10.7,204.0,13,0,0,12.0,77.2,Madre de Dios,10.7,1
11.4,204.0,14,0,0,8.0,73.2,Madre de Dios,11.4,0
10.7,204.0,17,0,0,12.1,85.3,Madre de Dios,10.7,1
11.2,204.0,14,0,0,9.9,75.4,Madre de Dios,11.2,0
11.6,204.0,7,1,0,9.2,70.5,Madre de Dios,11.6,0
12.7,204.0,24,0,0,7.2,72.3,Madre de Dios,12.7,0
8.4,204.0,9,1,0,6.7,62.4,Madre de Dios,8.4,1
10.5,204.0,30,1,0,13.6,90.2,Madre de Dios,10.5,1
11.6,208.0,17,0,0,11.7,81.4,Madre de Dios,11.6,0
10.8,208.0,7,0,0,9.0,70.2,Madre de Dios,10.8,1
11.6,208.0,23,0,0,10.4,82.0,Madre de Dios,11.6,0
11.8,206.0,22,1,0,12.1,85.5,Madre de Dios,11.8,0
9.7,206.0,11,1,0,9.2,73.9,Madre de Dios,9.7,1
10.2,206.0,23,0,0,11.4,83.3,Madre de Dios,10.2,1
12.5,206.0,22,1,0,12.4,88.3,Madre de Dios,12.5,0
10.3,206.0,17,1,0,10.1,79.5,Madre de Dios,10.3,1
11.1,194.0,35,0,0,13.1,88.5,Madre de Dios,11.1,0
10.3,194.0,17,0,0,9.3,77.8,Madre de Dios,10.3,1
10.8,194.0,16,0,0,7.4,74.3,Madre de Dios,10.8,1
11.8,207.0,19,0,0,10.6,82.4,Madre de Dios,11.8,0
10.7,201.0,27,0,0,13.9,88.3,Madre de Dios,10.7,1
11.8,201.0,34,0,0,13.7,95.0,Madre de Dios,11.8,0
11.3,201.0,30,1,0,14.7,96.1,Madre de Dios,11.3,0
10.3,201.0,35,1,0,12.0,91.1,Madre de Dios,10.3,1
9.7,209.0,11,1,0,8.9,76.0,Madre de Dios,9.7,1
10.6,209.0,11,0,0,8.9,74.7,Madre de Dios,10.6,1
9.9,209.0,21,1,0,10.2,80.6,Madre de Dios,9.9,1
11.7,209.0,22,0,0,11.0,82.5,Madre de Dios,11.7,0
10.2,210.0,28,0,0,14.3,87.3,Madre de Dios,10.2,1
10.3,210.0,29,0,0,11.6,88.8,Madre de Dios,10.3,1
11.9,187.0,27,0,0,13.2,92.2,Madre de Dios,11.9,0
10.0,187.0,10,0,0,6.8,69.4,Madre de Dios,10.0,1
12.2,187.0,19,1,0,10.7,73.5,Madre de Dios,12.2,0
10.3,187.0,33,1,0,12.0,89.1,Madre de Dios,10.3,1
10.1,395.0,11,1,0,8.5,71.8,Madre de Dios,10.1,1
10.0,395.0,21,1,0,11.4,80.9,Madre de Dios,10.0,1
11.0,395.0,33,1,0,13.3,77.9,Madre de Dios,11.0,0
11.4,395.0,20,0,0,8.7,75.7,Madre de Dios,11.4,0
10.3,356.0,13,0,0,9.3,73.5,Madre de Dios,10.3,1
10.2,356.0,33,0,0,18.8,97.5,Madre de Dios,10.2,1
9.3,356.0,25,1,0,13.5,93.0,Madre de Dios,9.3,1
10.1,356.0,12,0,0,8.9,74.5,Madre de Dios,10.1,1
10.4,195.0,32,1,0,11.4,83.9,Madre de Dios,10.4,1
12.2,195.0,29,0,0,9.0,78.5,Madre de Dios,12.2,0
10.2,195.0,34,1,0,15.8,97.5,Madre de Dios,10.2,1
10.5,279.0,35,1,0,13.8,92.1,Madre de Dios,10.5,1
9.7,279.0,6,0,0,6.2,66.4,Madre de Dios,9.7,1
9.0,279.0,17,1,0,10.5,81.7,Madre de Dios,9.0,1
9.9,200.0,26,1,1,14.6,88.9,Madre de Dios,9.9,1
11.2,200.0,30,1,1,11.9,89.0,Madre de Dios,11.2,0
12.6,259.0,32,1,1,13.5,93.2,Madre de Dios,12.6,0
10.3,259.0,18,1,1,9.1,75.5,Madre de Dios,10.3,1
12.1,259.0,30,1,1,12.3,85.5,Madre de Dios,12.1,0
11.6,259.0,14,1,1,8.8,73.2,Madre de Dios,11.6,0
11.4,259.0,6,1,1,8.1,66.5,Madre de Dios,11.4,0
11.1,242.0,21,1,1,9.4,80.7,Madre de Dios,11.1,0
11.7,242.0,28,1,1,14.2,91.3,Madre de Dios,11.7,0
12.3,242.0,29,1,1,14.3,92.5,Madre de Dios,12.3,0
12.0,242.0,15,1,1,10.2,77.7,Madre de Dios,12.0,0
11.9,242.0,6,0,1,9.5,69.7,Madre de Dios,11.9,0
11.1,242.0,14,1,1,8.0,71.3,Madre de Dios,11.1,0
10.3,242.0,11,1,1,10.7,76.8,Madre de Dios,10.3,1
12.3,242.0,14,1,1,9.8,77.1,Madre de Dios,12.3,0
11.2,242.0,32,0,1,11.2,90.0,Madre de Dios,11.2,0
10.5,242.0,12,1,1,8.2,71.0,Madre de Dios,10.5,1
9.7,242.0,27,0,1,11.9,87.9,Madre de Dios,9.7,1
12.2,1372.0,8,1,0,9.5,69.4,Moquegua,12.2,0
11.8,1372.0,8,1,0,11.7,72.0,Moquegua,11.8,0
11.6,1372.0,24,1,0,13.5,87.1,Moquegua,11.6,0
12.9,1467.0,32,1,0,15.0,91.0,Moquegua,12.9,0
11.4,1467.0,7,1,0,8.3,66.8,Moquegua,11.4,0
12.7,1467.0,21,0,0,11.5,78.7,Moquegua,12.7,0
10.6,1467.0,11,0,0,9.9,72.7,Moquegua,10.6,1
11.9,1467.0,28,0,0,10.5,82.7,Moquegua,11.9,0
12.4,1474.0,9,1,0,9.3,69.3,Moquegua,12.4,0
11.2,1474.0,26,0,0,14.3,92.2,Moquegua,11.2,0
11.5,1474.0,13,0,0,10.8,77.0,Moquegua,11.5,0
11.4,1540.0,19,0,0,11.2,79.1,Moquegua,11.4,0
11.8,1451.0,12,1,0,9.9,72.2,Moquegua,11.8,0
11.8,1451.0,29,0,0,15.4,90.4,Moquegua,11.8,0
11.8,1451.0,8,1,0,8.7,68.7,Moquegua,11.8,0
13.2,1370.0,18,0,0,11.6,80.0,Moquegua,13.2,0
9.8,1370.0,15,0,0,12.5,80.2,Moquegua,9.8,1
11.2,1370.0,33,1,0,14.1,93.5,Moquegua,11.2,0
11.5,1370.0,11,0,0,10.8,74.9,Moquegua,11.5,0
11.7,1370.0,8,1,0,8.1,69.0,Moquegua,11.7,0
11.2,1428.0,24,1,0,13.6,88.2,Moquegua,11.2,0
11.6,1428.0,12,0,0,9.7,73.4,Moquegua,11.6,0
13.4,1428.0,20,1,0,14.5,85.8,Moquegua,13.4,0
12.2,1361.0,21,1,0,11.8,83.8,Moquegua,12.2,0
9.7,1361.0,20,0,0,10.5,80.6,Moquegua,9.7,1
10.2,1380.0,15,1,0,10.4,78.8,Moquegua,10.2,1
10.9,1380.0,11,1,0,10.2,76.4,Moquegua,10.9,1
12.3,2189.0,18,0,0,10.6,80.0,Moquegua,12.26,0
11.3,2189.0,15,0,0,9.7,74.4,Moquegua,11.26,0
11.7,2189.0,13,1,0,10.0,74.0,Moquegua,11.66,0
11.2,2077.0,25,1,0,13.7,84.8,Moquegua,11.17,0
13.9,2077.0,14,1,0,10.3,74.2,Moquegua,13.87,0
12.8,2077.0,31,0,0,11.8,87.2,Moquegua,12.77,0
12.7,2077.0,34,1,0,16.7,95.2,Moquegua,12.67,0
11.4,2077.0,12,0,0,12.8,78.2,Moquegua,11.37,0
11.6,180.0,10,0,0,9.2,73.1,Moquegua,11.6,0
11.6,180.0,20,0,0,11.6,81.5,Moquegua,11.6,0
10.9,194.0,16,1,0,10.1,79.0,Moquegua,10.9,1
11.1,194.0,12,0,0,11.5,74.5,Moquegua,11.1,0
10.0,194.0,19,0,0,13.1,83.6,Moquegua,10.0,1
11.4,69.0,11,1,0,8.6,72.5,Moquegua,11.4,0
11.3,30.0,22,1,0,12.5,84.0,Moquegua,11.3,0
12.3,30.0,35,0,0,16.0,102.2,Moquegua,12.3,0
11.8,180.0,7,1,0,9.2,68.8,Moquegua,11.8,0
10.8,180.0,10,0,0,9.0,71.7,Moquegua,10.8,1
10.3,196.0,19,0,0,14.5,84.6,Moquegua,10.3,1
10.8,196.0,18,0,0,10.6,79.4,Moquegua,10.8,1
11.1,196.0,6,1,0,9.9,69.3,Moquegua,11.1,0
12.1,2476.0,13,0,1,10.6,71.8,Moquegua,12.04,0
14.5,4189.0,6,0,0,6.9,61.5,Pasco,14.25,0
12.3,4189.0,21,0,0,12.2,80.3,Pasco,12.05,0
14.0,4189.0,26,0,0,10.8,84.0,Pasco,13.75,0
12.9,4189.0,25,0,0,13.2,88.0,Pasco,12.65,0
14.3,4189.0,35,0,0,14.4,91.9,Pasco,14.05,0
15.2,4308.0,35,1,0,14.7,95.9,Pasco,14.93,0
14.2,4327.0,24,1,0,11.1,84.8,Pasco,13.93,0
16.4,4327.0,6,0,0,6.4,63.8,Pasco,16.13,0
14.8,4353.0,6,1,0,6.7,63.7,Pasco,14.52,0
13.7,4353.0,17,1,0,9.8,77.8,Pasco,13.42,0
15.2,4353.0,7,1,0,9.1,70.2,Pasco,14.92,0
13.9,4353.0,26,1,0,10.7,81.3,Pasco,13.62,0
14.8,4353.0,8,1,0,6.9,66.8,Pasco,14.52,0
12.6,4190.0,14,0,0,9.7,72.7,Pasco,12.35,0
12.7,2716.0,22,0,0,11.5,81.1,Pasco,12.62,0
11.2,2716.0,25,1,0,11.7,83.8,Pasco,11.12,0
14.2,2716.0,11,0,0,8.9,71.5,Pasco,14.12,0
11.6,2716.0,30,0,0,12.9,88.8,Pasco,11.52,0
13.9,1819.0,16,1,0,11.4,78.9,Pasco,13.89,0
12.8,1819.0,29,1,0,11.9,86.3,Pasco,12.79,0
12.1,1819.0,22,0,0,10.9,80.3,Pasco,12.09,0
13.9,1819.0,23,0,0,10.3,77.8,Pasco,13.89,0
10.9,1480.0,22,0,0,13.3,83.1,Pasco,10.9,1
11.5,1459.0,21,1,0,11.7,81.4,Pasco,11.5,0
10.3,1459.0,10,1,0,9.7,71.9,Pasco,10.3,1
11.8,1459.0,19,0,0,11.7,78.0,Pasco,11.8,0
12.6,1459.0,28,0,0,13.2,89.4,Pasco,12.6,0
9.4,244.0,27,1,0,10.4,82.5,Pasco,9.4,1
12.0,244.0,32,0,0,12.5,87.1,Pasco,12.0,0
10.6,4063.0,17,0,0,9.1,74.4,Pasco,10.37,1
12.5,4063.0,18,1,0,10.5,82.3,Pasco,12.27,0
14.9,4063.0,6,1,0,6.9,64.8,Pasco,14.67,0
9.8,4063.0,10,1,0,7.9,69.5,Pasco,9.57,1
14.5,4063.0,23,0,0,10.8,82.3,Pasco,14.27,0
14.3,4063.0,34,0,0,14.5,91.9,Pasco,14.07,0
9.1,1736.0,17,0,0,11.6,79.8,Pasco,9.09,1
12.0,1736.0,30,0,0,12.3,86.5,Pasco,11.99,0
9.8,1736.0,13,0,0,12.5,79.3,Pasco,9.79,1
14.0,3363.0,11,1,1,9.8,72.3,Pasco,13.86,0
11.3,3363.0,17,0,1,9.8,74.2,Pasco,11.16,0
12.5,3464.0,15,1,1,11.1,78.0,Pasco,12.35,0
11.9,19.0,22,1,1,12.1,81.6,Pasco,11.9,0
10.2,19.0,6,1,1,8.8,67.2,Pasco,10.2,1
11.4,19.0,6,0,1,8.0,69.4,Pasco,11.4,0
11.7,19.0,18,1,1,10.0,78.5,Pasco,11.7,0
11.4,3223.0,13,0,1,8.3,68.5,Pasco,11.27,0
11.6,3223.0,18,0,1,10.1,77.3,Pasco,11.47,0
14.3,3223.0,6,0,1,6.9,61.8,Pasco,14.17,0
12.5,2716.0,18,1,1,12.3,80.3,Pasco,12.42,0
13.4,2716.0,32,1,1,15.0,93.9,Pasco,13.32,0
12.4,2716.0,20,1,1,9.8,80.3,Pasco,12.32,0
10.4,33.0,10,1,0,9.2,72.0,Piura,10.4,1
11.9,33.0,34,1,0,13.6,95.4,Piura,11.9,0
12.0,33.0,22,0,0,12.6,89.0,Piura,12.0,0
11.9,31.0,32,0,0,13.6,91.4,Piura,11.9,0
10.5,31.0,33,1,0,13.3,88.7,Piura,10.5,1
13.1,31.0,10,0,0,8.2,71.6,Piura,13.1,0
11.5,31.0,17,0,0,10.9,80.5,Piura,11.5,0
11.1,75.0,24,1,0,10.8,80.9,Piura,11.1,0
10.8,75.0,10,0,0,7.8,68.4,Piura,10.8,1
11.5,30.0,26,1,0,12.8,92.0,Piura,11.5,0
11.4,30.0,9,1,0,7.9,68.7,Piura,11.4,0
10.7,12.0,16,0,0,10.5,78.4,Piura,10.7,1
11.0,12.0,15,1,0,8.4,75.3,Piura,11.0,0
11.7,12.0,22,1,0,14.1,87.2,Piura,11.7,0
10.5,65.0,17,1,0,9.0,75.4,Piura,10.5,1
11.4,65.0,32,1,0,16.0,94.6,Piura,11.4,0
12.9,61.0,27,0,0,14.9,92.2,Piura,12.9,0
11.7,66.0,23,1,0,10.9,84.7,Piura,11.7,0
11.6,66.0,18,0,0,12.8,81.5,Piura,11.6,0
11.8,87.0,9,1,0,6.8,66.7,Piura,11.8,0
11.2,87.0,33,1,0,13.1,87.3,Piura,11.2,0
11.4,87.0,11,0,0,8.0,70.8,Piura,11.4,0
13.8,87.0,30,0,0,12.4,89.4,Piura,13.8,0
11.3,43.0,25,0,0,13.1,88.0,Piura,11.3,0
9.9,43.0,9,1,0,8.0,70.3,Piura,9.9,1
10.5,43.0,18,0,0,11.9,81.3,Piura,10.5,1
11.0,38.0,31,1,0,14.1,92.2,Piura,11.0,0
10.5,38.0,19,0,0,9.6,78.3,Piura,10.5,1
12.0,38.0,34,1,0,15.5,97.5,Piura,12.0,0
10.1,19.0,26,1,0,10.4,82.1,Piura,10.1,1
10.7,19.0,28,0,0,9.9,78.0,Piura,10.7,1
11.3,19.0,10,0,0,10.1,69.2,Piura,11.3,0
11.2,19.0,16,0,0,9.3,73.7,Piura,11.2,0
9.7,19.0,13,0,0,9.8,73.9,Piura,9.7,1
11.5,25.0,28,1,0,11.9,82.7,Piura,11.5,0
10.1,25.0,28,0,0,12.9,87.9,Piura,10.1,1
11.8,25.0,18,1,0,10.3,79.9,Piura,11.8,0
12.6,2716.0,28,1,0,13.2,92.5,Piura,12.52,0
13.5,2716.0,34,0,0,13.1,92.4,Piura,13.42,0
10.4,3903.0,10,1,1,10.3,73.0,Piura,10.19,1
11.2,3903.0,6,0,1,7.5,65.4,Piura,10.99,1
8.7,3903.0,11,0,1,9.1,72.2,Piura,8.49,1
11.3,3903.0,28,0,1,12.2,89.9,Piura,11.09,0
11.2,363.0,32,1,1,14.5,91.9,Piura,11.2,0
10.6,363.0,7,0,1,7.4,66.5,Piura,10.6,1
11.0,363.0,30,1,1,12.3,87.5,Piura,11.0,0
9.5,363.0,7,1,1,9.3,72.1,Piura,9.5,1
11.5,363.0,10,0,1,7.1,68.3,Piura,11.5,0
11.5,1435.0,12,1,1,10.5,72.3,Piura,11.5,0
10.3,1435.0,6,0,1,6.9,68.4,Piura,10.3,1
11.9,1435.0,33,1,1,13.6,84.4,Piura,11.9,0
11.8,1435.0,33,1,1,12.2,85.9,Piura,11.8,0
11.7,1435.0,9,0,1,9.6,73.5,Piura,11.7,0
13.1,1435.0,34,1,1,12.2,87.1,Piura,13.1,0
11.4,1435.0,35,0,1,13.2,87.6,Piura,11.4,0
11.2,1435.0,33,1,1,12.8,87.9,Piura,11.2,0
12.7,1435.0,9,1,1,7.2,66.4,Piura,12.7,0
14.4,3944.0,8,1,1,8.9,69.0,Piura,14.18,0
11.6,3944.0,6,0,1,6.8,65.0,Piura,11.38,0
12.5,3944.0,29,0,1,11.0,81.1,Piura,12.28,0
12.4,3827.0,14,1,0,9.7,77.3,Puno,12.2,0
13.4,3827.0,21,1,0,10.9,79.4,Puno,13.2,0
13.2,3929.0,32,0,0,14.6,92.3,Puno,12.99,0
12.9,3929.0,33,1,0,12.6,89.5,Puno,12.69,0
13.4,3929.0,8,0,0,8.4,67.4,Puno,13.19,0
15.6,3929.0,35,1,0,12.9,90.3,Puno,15.39,0
13.7,3929.0,26,1,0,10.9,84.9,Puno,13.49,0
13.0,3880.0,15,0,0,9.8,74.7,Puno,12.79,0
14.1,3880.0,25,0,0,11.1,83.4,Puno,13.89,0
13.5,3852.0,33,0,0,10.8,86.5,Puno,13.3,0
12.3,3828.0,7,1,0,7.7,66.4,Puno,12.1,0
13.3,3828.0,26,0,0,11.4,85.8,Puno,13.1,0
14.8,3828.0,34,1,0,13.4,95.0,Puno,14.6,0
13.1,3828.0,18,0,0,9.0,80.5,Puno,12.9,0
12.1,3857.0,24,1,0,9.9,81.9,Puno,11.9,0
15.7,3830.0,18,1,0,12.3,82.4,Puno,15.5,0
10.8,3830.0,19,1,0,11.6,81.4,Puno,10.6,1
14.0,3830.0,9,1,0,8.2,70.1,Puno,13.8,0
12.4,3833.0,19,1,0,9.9,77.4,Puno,12.2,0
14.4,3833.0,23,1,0,12.1,85.1,Puno,14.2,0
14.3,3833.0,33,0,0,11.7,84.3,Puno,14.1,0
13.5,3833.0,27,0,0,11.9,84.5,Puno,13.3,0
10.7,1465.0,8,1,1,8.1,72.2,Puno,10.7,1
8.7,1465.0,7,0,1,9.3,69.0,Puno,8.7,1
11.2,1465.0,18,0,1,9.5,77.5,Puno,11.2,0
8.0,1465.0,18,0,1,10.9,80.3,Puno,8.0,1
11.5,1465.0,31,1,1,11.2,87.9,Puno,11.5,0
10.8,1465.0,17,1,1,10.2,78.4,Puno,10.8,1
10.9,1465.0,24,0,1,10.9,84.9,Puno,10.9,1
13.0,466.0,10,0,1,8.9,70.4,Puno,13.0,0
13.8,466.0,30,0,1,10.8,87.5,Puno,13.8,0
11.7,466.0,11,1,1,11.5,73.3,Puno,11.7,0
12.9,3952.0,9,0,1,9.2,72.2,Puno,12.68,0
12.1,3952.0,26,1,1,12.3,86.3,Puno,11.88,0
14.2,482.0,11,0,1,7.2,69.4,Puno,14.2,0
12.8,482.0,12,0,1,7.9,68.8,Puno,12.8,0
14.6,482.0,32,0,1,11.0,83.9,Puno,14.6,0
16.6,4423.0,9,0,1,6.0,62.7,Puno,16.31,0
14.0,3846.0,15,0,1,8.5,75.7,Puno,13.8,0
13.9,3846.0,8,0,1,9.6,66.8,Puno,13.7,0
13.2,978.0,31,1,1,12.2,90.6,Puno,13.2,0
12.6,978.0,33,0,1,12.9,91.7,Puno,12.6,0
10.9,907.0,11,1,1,9.2,71.2,Puno,10.9,1
11.8,907.0,14,0,1,8.0,70.6,Puno,11.8,0
12.4,907.0,23,0,1,11.4,82.0,Puno,12.4,0
13.8,687.0,33,1,1,12.9,92.7,Puno,13.8,0
14.1,687.0,17,0,1,11.5,80.6,Puno,14.1,0
12.8,280.0,34,0,0,13.3,86.4,San Martin,12.8,0
10.5,280.0,17,1,0,9.1,76.0,San Martin,10.5,1
11.2,280.0,16,1,0,10.0,80.6,San Martin,11.2,0
10.9,280.0,30,0,0,11.9,90.1,San Martin,10.9,1
11.5,263.0,20,1,0,11.4,82.3,San Martin,11.5,0
11.6,263.0,29,0,0,9.8,85.5,San Martin,11.6,0
10.6,263.0,7,0,0,7.1,65.1,San Martin,10.6,1
10.1,263.0,12,1,0,9.3,73.6,San Martin,10.1,1
11.9,263.0,28,1,0,14.3,92.3,San Martin,11.9,0
11.7,263.0,27,1,0,12.1,86.8,San Martin,11.7,0
10.8,320.0,29,1,0,10.6,82.2,San Martin,10.8,1
11.1,320.0,15,1,0,8.9,75.4,San Martin,11.1,0
12.1,324.0,20,0,0,9.0,77.1,San Martin,12.1,0
11.5,324.0,14,1,0,10.1,80.4,San Martin,11.5,0
10.3,324.0,19,1,0,10.2,79.6,San Martin,10.3,1
9.1,958.0,11,1,0,10.0,75.5,San Martin,9.1,1
10.8,958.0,19,0,0,9.7,79.8,San Martin,10.8,1
12.6,829.0,11,0,0,9.3,72.4,San Martin,12.6,0
10.9,829.0,10,0,0,8.0,68.0,San Martin,10.9,1
12.5,829.0,25,1,0,12.1,85.5,San Martin,12.5,0
10.4,888.0,25,1,0,11.5,84.9,San Martin,10.4,1
12.2,888.0,35,1,0,14.7,93.7,San Martin,12.2,0
12.0,883.0,24,1,0,11.8,85.6,San Martin,12.0,0
11.7,883.0,18,1,0,9.9,78.0,San Martin,11.7,0
12.9,883.0,31,0,0,13.6,90.6,San Martin,12.9,0
10.5,314.0,31,0,0,11.0,83.0,San Martin,10.5,1
12.1,314.0,15,0,0,10.4,78.2,San Martin,12.1,0
11.4,617.0,33,1,0,12.2,87.2,San Martin,11.4,0
11.3,617.0,6,0,0,7.2,67.9,San Martin,11.3,0
10.9,617.0,24,1,0,10.9,84.3,San Martin,10.9,1
11.1,617.0,17,1,0,9.5,78.5,San Martin,11.1,0
11.2,617.0,18,0,0,11.4,78.7,San Martin,11.2,0
12.6,271.0,35,1,0,12.8,90.6,San Martin,12.6,0
11.3,271.0,35,0,0,13.7,91.8,San Martin,11.3,0
11.4,271.0,32,1,0,12.8,91.0,San Martin,11.4,0
10.3,271.0,15,0,0,9.1,71.1,San Martin,10.3,1
11.5,271.0,25,0,0,13.2,88.8,San Martin,11.5,0
11.3,482.0,23,0,0,12.7,85.2,San Martin,11.3,0
11.6,482.0,17,0,0,11.9,79.7,San Martin,11.6,0
10.2,482.0,25,0,0,13.2,89.0,San Martin,10.2,1
11.2,482.0,35,0,0,12.9,90.6,San Martin,11.2,0
10.9,482.0,27,0,0,11.0,83.7,San Martin,10.9,1
12.1,482.0,23,1,0,11.1,84.7,San Martin,12.1,0
7.7,445.0,12,1,1,10.2,75.7,San Martin,7.7,1
11.7,445.0,8,0,1,7.3,68.0,San Martin,11.7,0
9.5,445.0,15,0,1,10.2,75.2,San Martin,9.5,1
11.8,445.0,33,0,1,16.3,91.8,San Martin,11.8,0
11.3,445.0,28,0,1,10.3,80.4,San Martin,11.3,0
11.5,935.0,16,0,1,9.4,76.5,San Martin,11.5,0
10.3,935.0,9,1,1,10.2,74.2,San Martin,10.3,1
11.7,935.0,25,0,1,11.2,85.2,San Martin,11.7,0
12.7,935.0,27,1,1,12.3,88.2,San Martin,12.7,0
10.4,935.0,28,0,1,11.5,83.9,San Martin,10.4,1
10.5,935.0,19,1,1,9.5,77.3,San Martin,10.5,1
10.6,883.0,31,1,1,14.0,91.0,San Martin,10.6,1
10.8,883.0,18,0,1,9.2,76.6,San Martin,10.8,1
12.1,883.0,34,0,1,14.1,90.9,San Martin,12.1,0
11.3,883.0,31,1,1,10.6,83.7,San Martin,11.3,0
10.4,883.0,35,1,1,12.9,90.0,San Martin,10.4,1
10.9,883.0,35,1,1,13.1,90.9,San Martin,10.9,1
11.5,252.0,34,0,1,13.5,90.0,San Martin,11.5,0
11.7,252.0,31,1,1,10.6,86.3,San Martin,11.7,0
12.2,252.0,27,1,1,12.6,86.4,San Martin,12.2,0
12.9,252.0,16,0,1,9.8,75.5,San Martin,12.9,0
11.7,19.0,29,0,1,11.4,84.4,San Martin,11.7,0
10.7,19.0,13,0,1,8.3,71.8,San Martin,10.7,1
9.7,19.0,7,1,1,8.2,67.3,San Martin,9.7,1
10.4,19.0,6,0,1,8.0,65.5,San Martin,10.4,1
9.0,19.0,10,0,1,10.2,75.6,San Martin,9.0,1
10.3,19.0,19,1,1,11.3,81.9,San Martin,10.3,1
10.8,1619.0,23,1,1,10.5,82.7,San Martin,10.79,1
11.8,1619.0,20,1,1,10.6,82.4,San Martin,11.79,0
10.1,1619.0,34,1,1,13.5,91.2,San Martin,10.09,1
10.1,1619.0,17,1,1,10.2,78.5,San Martin,10.09,1
13.6,1619.0,28,0,1,11.5,84.4,San Martin,13.59,0
8.3,1619.0,6,1,1,9.6,70.6,San Martin,8.29,1
11.3,1619.0,29,0,1,11.3,86.7,San Martin,11.29,0
10.0,1619.0,13,1,1,8.6,74.2,San Martin,9.99,1
10.4,1619.0,17,0,1,8.6,73.7,San Martin,10.39,1
11.7,687.0,27,1,0,14.9,93.1,Tacna,11.7,0
11.3,687.0,11,1,0,9.2,76.5,Tacna,11.3,0
11.1,687.0,14,0,0,9.9,75.0,Tacna,11.1,0
12.3,564.0,6,0,0,7.7,56.6,Tacna,12.3,0
11.4,564.0,24,0,0,12.3,85.3,Tacna,11.4,0
10.7,564.0,14,1,0,12.9,81.3,Tacna,10.7,1
13.2,401.0,25,0,0,11.4,86.6,Tacna,13.2,0
12.2,401.0,33,0,0,15.6,95.6,Tacna,12.2,0
10.0,401.0,12,0,0,10.5,78.7,Tacna,10.0,1
14.2,401.0,25,0,0,12.7,86.6,Tacna,14.2,0
9.9,502.0,12,0,0,10.8,75.5,Tacna,9.9,1
11.6,502.0,15,1,0,12.5,81.1,Tacna,11.6,0
11.7,524.0,17,0,0,12.1,79.6,Tacna,11.7,0
12.6,524.0,9,0,0,9.9,69.7,Tacna,12.6,0
11.9,524.0,17,0,0,13.3,82.5,Tacna,11.9,0
11.1,509.0,8,1,0,10.3,72.0,Tacna,11.1,0
11.6,509.0,29,1,0,15.0,90.0,Tacna,11.6,0
9.9,509.0,26,0,0,13.5,89.1,Tacna,9.9,1
12.2,493.0,34,1,0,16.3,92.7,Tacna,12.2,0
11.8,493.0,14,1,0,12.7,80.8,Tacna,11.8,0
11.1,489.0,7,1,0,10.7,71.3,Tacna,11.1,0
11.9,489.0,23,1,0,15.1,92.9,Tacna,11.9,0
11.0,489.0,11,0,0,9.5,68.4,Tacna,11.0,0
10.0,489.0,22,1,0,11.7,84.0,Tacna,10.0,1
9.0,489.0,13,0,0,9.7,72.5,Tacna,9.0,1
11.0,474.0,9,1,0,9.9,69.3,Tacna,11.0,0
11.0,474.0,32,1,0,14.9,93.1,Tacna,11.0,0
11.4,474.0,31,0,0,14.0,88.8,Tacna,11.4,0
11.3,464.0,19,1,0,10.7,78.3,Tacna,11.3,0
11.9,464.0,29,0,0,14.2,85.7,Tacna,11.9,0
11.0,464.0,18,0,0,11.0,76.8,Tacna,11.0,0
11.4,464.0,23,1,0,12.6,86.6,Tacna,11.4,0
11.6,464.0,23,0,0,10.3,81.2,Tacna,11.6,0
10.4,463.0,34,0,0,13.9,92.8,Tacna,10.4,1
11.0,463.0,6,1,0,9.2,68.6,Tacna,11.0,0
12.0,462.0,15,1,0,12.0,79.2,Tacna,12.0,0
10.8,462.0,15,0,0,11.3,76.4,Tacna,10.8,1
11.4,462.0,18,1,0,11.5,86.8,Tacna,11.4,0
13.4,454.0,26,0,0,10.1,83.4,Tacna,13.4,0
12.9,454.0,7,1,0,10.3,72.3,Tacna,12.9,0
11.3,454.0,22,0,0,14.9,86.3,Tacna,11.3,0
11.3,454.0,26,1,0,11.4,85.4,Tacna,11.3,0
12.4,455.0,21,0,0,10.5,78.6,Tacna,12.4,0
9.5,455.0,18,0,0,10.0,78.4,Tacna,9.5,1
12.1,455.0,32,0,0,14.8,93.4,Tacna,12.1,0
11.3,455.0,16,0,0,10.8,78.2,Tacna,11.3,0
11.4,455.0,29,1,0,13.7,89.9,Tacna,11.4,0
11.4,444.0,24,1,0,13.6,86.7,Tacna,11.4,0
11.9,444.0,28,1,0,13.9,92.8,Tacna,11.9,0
11.6,445.0,11,1,0,8.6,72.5,Tacna,11.6,0
11.8,445.0,32,1,0,13.5,88.1,Tacna,11.8,0
11.8,445.0,35,0,0,13.2,92.5,Tacna,11.8,0
12.7,485.0,28,1,0,14.2,91.8,Tacna,12.7,0
11.0,485.0,7,0,0,8.1,67.5,Tacna,11.0,0
11.3,485.0,20,0,0,10.2,78.6,Tacna,11.3,0
10.3,485.0,13,1,0,11.1,77.1,Tacna,10.3,1
13.7,3219.0,30,0,1,13.8,89.1,Tacna,13.58,0
11.3,3219.0,16,1,1,10.8,77.3,Tacna,11.18,0
12.0,3219.0,14,0,1,11.3,78.6,Tacna,11.88,0
14.5,3219.0,24,1,1,13.2,85.7,Tacna,14.38,0
12.3,3219.0,34,0,1,11.1,88.6,Tacna,12.18,0
12.0,3219.0,6,0,1,8.7,66.0,Tacna,11.88,0
12.2,3433.0,7,0,1,7.1,61.4,Tacna,12.05,0
12.0,3433.0,11,0,1,11.2,74.1,Tacna,11.85,0
11.1,1103.0,16,1,1,12.5,78.3,Tacna,11.11,0
10.1,7.0,12,1,0,9.9,76.6,Tumbes,10.1,1
11.2,7.0,26,1,0,12.8,86.6,Tumbes,11.2,0
10.0,7.0,8,1,0,7.7,65.2,Tumbes,10.0,1
10.7,8.0,6,0,0,7.8,65.4,Tumbes,10.7,1
11.8,8.0,31,1,0,11.1,87.0,Tumbes,11.8,0
11.3,8.0,22,1,0,12.2,82.0,Tumbes,11.3,0
12.0,19.0,19,1,0,14.7,84.0,Tumbes,12.0,0
11.8,19.0,8,1,0,8.4,69.5,Tumbes,11.8,0
10.6,19.0,15,1,0,10.8,81.5,Tumbes,10.6,1
11.5,19.0,22,1,0,10.4,79.6,Tumbes,11.5,0
11.9,19.0,17,0,0,9.4,75.1,Tumbes,11.9,0
9.6,24.0,34,0,0,13.4,89.2,Tumbes,9.6,1
10.3,24.0,18,0,0,9.4,80.4,Tumbes,10.3,1
11.1,24.0,28,0,0,11.7,90.0,Tumbes,11.1,0
11.5,24.0,14,0,0,10.9,76.5,Tumbes,11.5,0
11.4,24.0,19,0,0,8.6,75.1,Tumbes,11.4,0
11.4,26.0,15,0,0,9.4,75.8,Tumbes,11.4,0
9.5,26.0,24,0,0,11.4,82.7,Tumbes,9.5,1
9.2,26.0,19,0,0,11.2,81.0,Tumbes,9.2,1
12.1,26.0,9,0,0,9.7,75.3,Tumbes,12.1,0
8.2,19.0,28,1,0,11.8,86.5,Tumbes,8.2,1
9.0,19.0,17,1,0,9.6,77.6,Tumbes,9.0,1
11.4,19.0,11,1,0,8.3,70.3,Tumbes,11.4,0
11.3,19.0,13,0,0,8.6,75.7,Tumbes,11.3,0
12.5,19.0,30,1,0,11.4,85.9,Tumbes,12.5,0
11.8,23.0,12,0,0,9.1,73.7,Tumbes,11.8,0
10.1,23.0,11,0,0,8.1,69.8,Tumbes,10.1,1
10.7,23.0,27,0,0,9.4,79.4,Tumbes,10.7,1
10.5,23.0,23,0,0,8.4,74.1,Tumbes,10.5,1
11.1,23.0,30,1,0,13.2,94.6,Tumbes,11.1,0
11.3,1.0,22,0,0,9.8,78.7,Tumbes,11.3,0
9.9,1.0,8,1,0,8.2,67.8,Tumbes,9.9,1
12.4,1.0,26,0,0,11.6,87.2,Tumbes,12.4,0
11.1,1.0,32,1,0,12.5,93.1,Tumbes,11.1,0
11.2,1.0,7,0,0,6.7,63.5,Tumbes,11.2,0
11.0,1.0,31,1,0,13.9,92.0,Tumbes,11.0,0
10.1,46.0,9,0,0,8.2,67.7,Tumbes,10.1,1
11.5,46.0,7,1,0,6.2,65.7,Tumbes,11.5,0
11.8,16.0,28,1,0,11.6,84.4,Tumbes,11.8,0
9.3,23.0,20,1,0,15.6,90.1,Tumbes,9.3,1
10.8,23.0,9,0,0,12.4,75.5,Tumbes,10.8,1
10.7,23.0,17,0,0,10.4,77.4,Tumbes,10.7,1
12.2,23.0,25,1,0,10.7,82.5,Tumbes,12.2,0
11.0,10.0,22,1,0,11.6,86.6,Tumbes,11.0,0
12.0,10.0,10,0,0,8.1,68.3,Tumbes,12.0,0
12.0,10.0,22,0,0,8.6,80.9,Tumbes,12.0,0
9.8,10.0,10,0,0,8.2,69.7,Tumbes,9.8,1
10.6,10.0,26,0,0,13.6,85.0,Tumbes,10.6,1
11.2,9.0,8,0,0,8.5,69.0,Tumbes,11.2,0
10.1,34.0,13,0,0,7.9,69.6,Tumbes,10.1,1
11.7,34.0,28,1,0,12.2,88.6,Tumbes,11.7,0
12.1,34.0,11,1,0,9.0,69.7,Tumbes,12.1,0
11.8,34.0,14,0,0,9.9,73.0,Tumbes,11.8,0
12.9,34.0,34,0,0,12.5,87.4,Tumbes,12.9,0
12.1,34.0,28,1,0,13.5,92.9,Tumbes,12.1,0
11.3,6.0,11,1,0,10.2,75.7,Tumbes,11.3,0
10.0,6.0,20,1,0,11.7,82.4,Tumbes,10.0,1
12.4,6.0,30,1,0,18.2,94.4,Tumbes,12.4,0
10.6,6.0,17,1,0,10.2,76.4,Tumbes,10.6,1
10.4,6.0,8,1,0,8.9,68.5,Tumbes,10.4,1
11.2,6.0,9,0,0,7.3,67.8,Tumbes,11.2,0
12.4,38.0,31,1,0,13.6,95.0,Tumbes,12.4,0
11.6,38.0,32,0,0,15.9,95.3,Tumbes,11.6,0
10.8,38.0,11,0,0,10.7,75.2,Tumbes,10.8,1
9.4,11.0,13,0,0,11.1,77.2,Tumbes,9.4,1
11.9,11.0,20,1,0,10.6,84.9,Tumbes,11.9,0
8.9,11.0,7,0,0,7.7,66.8,Tumbes,8.9,1
10.4,20.0,16,0,0,9.3,73.3,Tumbes,10.4,1
11.6,20.0,24,1,0,15.7,90.2,Tumbes,11.6,0
11.8,20.0,11,0,0,11.1,72.5,Tumbes,11.8,0
10.2,20.0,7,1,0,7.4,65.3,Tumbes,10.2,1
9.6,20.0,7,0,0,7.3,65.5,Tumbes,9.6,1
11.1,332.0,8,0,1,8.7,70.3,Tumbes,11.1,0
8.7,332.0,26,0,1,11.9,85.1,Tumbes,8.7,1
11.9,332.0,21,1,1,10.1,80.2,Tumbes,11.9,0
10.6,11.0,9,1,1,8.7,69.4,Tumbes,10.6,1
9.7,11.0,8,0,1,8.0,66.6,Tumbes,9.7,1
10.0,11.0,31,1,1,13.0,89.2,Tumbes,10.0,1
10.9,11.0,11,1,1,9.2,72.9,Tumbes,10.9,1
10.8,148.0,14,0,0,10.1,76.4,Ucayali,10.8,1
11.3,148.0,24,0,0,10.7,85.0,Ucayali,11.3,0
10.5,148.0,27,1,0,13.8,91.8,Ucayali,10.5,1
11.3,148.0,24,0,0,10.6,79.8,Ucayali,11.3,0
12.8,152.0,24,1,0,10.4,83.2,Ucayali,12.8,0
11.3,152.0,7,0,0,7.3,66.4,Ucayali,11.3,0
10.4,152.0,16,1,0,11.7,78.8,Ucayali,10.4,1
10.1,149.0,24,1,0,9.7,79.0,Ucayali,10.1,1
11.2,149.0,35,1,0,13.1,85.1,Ucayali,11.2,0
11.7,149.0,30,1,0,12.0,84.5,Ucayali,11.7,0
10.3,145.0,18,0,0,9.2,78.1,Ucayali,10.3,1
10.4,145.0,11,1,0,7.8,71.8,Ucayali,10.4,1
10.4,145.0,29,0,0,12.9,85.6,Ucayali,10.4,1
11.3,145.0,20,1,0,11.8,83.5,Ucayali,11.3,0
11.6,145.0,27,1,0,11.3,82.4,Ucayali,11.6,0
9.2,154.0,11,0,0,7.0,70.3,Ucayali,9.2,1
11.6,154.0,31,1,0,12.6,92.0,Ucayali,11.6,0
10.9,154.0,30,1,0,14.0,92.6,Ucayali,10.9,1
11.2,154.0,13,1,0,11.0,78.3,Ucayali,11.2,0
12.9,157.0,9,0,0,9.7,71.8,Ucayali,12.9,0
10.2,157.0,30,0,0,9.8,83.9,Ucayali,10.2,1
10.8,157.0,9,0,0,8.6,70.6,Ucayali,10.8,1
13.1,151.0,33,0,0,15.7,95.5,Ucayali,13.1,0
11.4,151.0,16,0,0,7.9,73.0,Ucayali,11.4,0
10.9,151.0,26,1,0,11.6,82.9,Ucayali,10.9,1
9.8,151.0,18,0,0,8.7,75.4,Ucayali,9.8,1
11.2,152.0,17,1,0,10.8,80.6,Ucayali,11.2,0
11.5,152.0,28,1,0,14.4,92.5,Ucayali,11.5,0
12.1,154.0,34,0,0,12.3,87.7,Ucayali,12.1,0
10.5,154.0,10,0,0,7.3,66.0,Ucayali,10.5,1
11.3,149.0,25,1,0,10.6,81.3,Ucayali,11.3,0
10.6,149.0,28,0,0,11.0,83.9,Ucayali,10.6,1
10.7,149.0,6,0,0,6.5,61.8,Ucayali,10.7,1
10.2,149.0,13,1,0,8.7,73.8,Ucayali,10.2,1
11.2,149.0,13,1,0,9.8,73.5,Ucayali,11.2,0
10.6,149.0,17,1,0,7.7,72.3,Ucayali,10.6,1
12.0,154.0,10,1,0,9.4,73.6,Ucayali,12.0,0
9.7,154.0,14,1,0,11.6,77.5,Ucayali,9.7,1
10.2,154.0,16,0,0,9.0,75.0,Ucayali,10.2,1
11.4,154.0,20,1,0,9.4,75.5,Ucayali,11.4,0
10.2,149.0,25,0,0,9.5,79.2,Ucayali,10.2,1
12.2,149.0,24,0,0,10.2,82.9,Ucayali,12.2,0
9.1,282.0,20,0,0,9.5,76.7,Ucayali,9.1,1
12.2,282.0,30,1,0,20.4,98.6,Ucayali,12.2,0
12.4,282.0,6,0,0,7.0,67.1,Ucayali,12.4,0
12.9,282.0,10,0,0,8.7,70.5,Ucayali,12.9,0
8.4,228.0,18,0,0,9.3,77.1,Ucayali,8.4,1
11.8,228.0,34,1,0,18.7,96.8,Ucayali,11.8,0
10.6,228.0,14,1,0,10.0,79.7,Ucayali,10.6,1
10.4,332.0,6,0,0,8.2,65.5,Ucayali,10.4,1
11.7,332.0,24,0,0,8.8,77.5,Ucayali,11.7,0
12.1,332.0,17,1,0,10.3,79.3,Ucayali,12.1,0
10.2,380.0,26,0,0,11.6,85.3,Ucayali,10.2,1
10.5,380.0,28,1,0,19.2,93.8,Ucayali,10.5,1
10.9,380.0,10,1,0,8.1,70.9,Ucayali,10.9,1
13.6,1004.0,13,1,1,8.7,72.9,Ucayali,13.61,0
11.4,1004.0,7,0,1,8.0,69.4,Ucayali,11.41,0
10.4,1004.0,10,0,1,8.2,68.8,Ucayali,10.41,1
9.2,1004.0,7,1,1,9.1,70.0,Ucayali,9.21,1
11.0,1004.0,26,1,1,14.0,83.5,Ucayali,11.01,0
12.0,1004.0,29,0,1,12.3,82.2,Ucayali,12.01,0
11.5,2453.0,19,1,1,9.8,80.0,Ucayali,11.45,0
10.8,2453.0,23,0,1,9.5,79.9,Ucayali,10.75,1
11.2,2453.0,29,0,1,9.8,81.7,Ucayali,11.15,0
12.1,2453.0,9,1,1,6.6,67.6,Ucayali,12.05,0
11.1,2453.0,16,1,1,10.4,78.0,Ucayali,11.05,0
11.5,2453.0,21,0,1,10.6,81.7,Ucayali,11.45,0
11.2,196.0,12,0,1,7.6,70.9,Ucayali,11.2,0
11.3,196.0,19,0,1,9.3,73.6,Ucayali,11.3,0
11.2,196.0,35,1,1,13.6,91.6,Ucayali,11.2,0
10.7,169.0,13,0,1,8.9,72.7,Ucayali,10.7,1
9.0,169.0,22,0,1,9.6,78.5,Ucayali,9.0,1
12.1,169.0,34,1,1,13.2,89.8,Ucayali,12.1,0
9.3,169.0,23,0,1,10.7,77.4,Ucayali,9.3,1
10.6,169.0,25,1,1,9.8,77.5,Ucayali,10.6,1
12.0,1417.0,16,1,1,11.2,82.2,Junin,12.0,0
11.2,1417.0,22,0,1,10.2,81.0,Junin,11.2,0
14.1,1417.0,29,1,1,16.1,94.0,Junin,14.1,0
13.2,72.0,33,1,0,13.0,89.7,Lima,13.2,0
11.5,72.0,14,1,0,9.3,75.4,Lima,11.5,0
12.8,2397.0,23,0,0,10.2,81.1,Amazonas,12.75,0
11.3,2397.0,19,1,0,10.0,82.6,Amazonas,11.25,0
11.4,204.0,7,0,0,7.7,66.3,Amazonas,11.4,0
12.0,204.0,27,1,0,13.4,87.3,Amazonas,12.0,0
10.3,204.0,32,1,0,12.9,89.8,Amazonas,10.3,1
10.3,260.0,12,1,0,7.6,67.2,Amazonas,10.3,1
12.7,260.0,33,0,0,13.1,85.8,Amazonas,12.7,0
11.4,441.0,6,1,0,7.5,67.7,Amazonas,11.4,0
11.8,441.0,29,0,0,12.9,91.9,Amazonas,11.8,0
13.0,441.0,33,1,0,14.9,96.4,Amazonas,13.0,0
12.2,441.0,31,0,0,12.4,90.0,Amazonas,12.2,0
11.9,434.0,22,0,0,12.6,83.1,Amazonas,11.9,0
13.1,434.0,25,1,0,12.3,90.9,Amazonas,13.1,0
9.8,434.0,6,1,0,7.9,66.5,Amazonas,9.8,1
11.9,468.0,28,1,0,12.8,90.5,Amazonas,11.9,0
10.3,468.0,7,0,0,6.2,65.8,Amazonas,10.3,1
10.0,468.0,6,1,0,8.3,66.1,Amazonas,10.0,1
9.3,468.0,9,1,0,7.2,69.3,Amazonas,9.3,1
12.9,468.0,19,1,0,10.9,80.7,Amazonas,12.9,0
9.3,512.0,9,1,0,6.9,69.7,Amazonas,9.3,1
10.6,512.0,29,1,0,12.5,85.3,Amazonas,10.6,1
12.2,476.0,17,0,0,10.2,75.6,Amazonas,12.2,0
9.8,476.0,16,1,0,8.4,75.8,Amazonas,9.8,1
11.4,476.0,21,0,0,8.2,77.0,Amazonas,11.4,0
12.2,476.0,29,0,0,16.0,86.7,Amazonas,12.2,0
12.4,1622.0,28,1,0,10.7,83.8,Amazonas,12.39,0
11.8,1622.0,25,0,0,10.2,85.0,Amazonas,11.79,0
11.7,1622.0,35,0,0,12.9,90.9,Amazonas,11.69,0
12.3,1622.0,18,0,0,9.8,76.1,Amazonas,12.29,0
9.9,225.0,25,0,1,13.5,83.4,Amazonas,9.9,1
11.5,225.0,35,1,1,13.5,89.1,Amazonas,11.5,0
10.9,225.0,16,0,1,10.3,80.1,Amazonas,10.9,1
11.2,191.0,23,1,1,11.8,82.7,Amazonas,11.2,0
8.4,191.0,10,0,1,8.4,70.1,Amazonas,8.4,1
11.5,191.0,6,0,1,7.4,64.6,Amazonas,11.5,0
12.3,335.0,30,0,1,11.5,79.3,Amazonas,12.3,0
11.2,335.0,7,0,1,7.5,66.5,Amazonas,11.2,0
11.2,335.0,12,0,1,9.8,71.6,Amazonas,11.2,0
9.6,335.0,24,0,1,10.1,79.5,Amazonas,9.6,1
12.6,536.0,26,1,1,13.5,87.7,Amazonas,12.6,0
10.8,536.0,26,0,1,11.6,83.9,Amazonas,10.8,1
10.7,536.0,25,0,1,10.7,82.9,Amazonas,10.7,1
11.2,536.0,31,1,1,14.0,88.5,Amazonas,11.2,0
9.9,879.0,7,0,1,6.1,65.8,Amazonas,9.9,1
11.4,879.0,23,1,1,12.5,87.7,Amazonas,11.4,0
12.6,879.0,11,0,1,9.0,72.3,Amazonas,12.6,0
11.3,879.0,18,0,1,10.4,78.4,Amazonas,11.3,0
9.8,711.0,35,1,1,12.6,91.9,Amazonas,9.8,1
11.9,711.0,18,0,1,10.6,76.7,Amazonas,11.9,0
12.7,711.0,35,1,1,15.6,95.9,Amazonas,12.7,0
10.6,711.0,16,1,1,9.8,76.3,Amazonas,10.6,1
10.8,544.0,12,0,1,6.7,66.1,Amazonas,10.8,1
11.4,544.0,24,0,1,16.2,86.7,Amazonas,11.4,0
10.8,544.0,18,1,1,12.0,82.3,Amazonas,10.8,1
12.6,1625.0,19,0,1,10.4,79.1,Amazonas,12.59,0
12.2,1625.0,33,1,1,13.3,90.0,Amazonas,12.19,0
11.4,1625.0,9,0,1,8.3,69.5,Amazonas,11.39,0
11.3,1625.0,6,1,1,7.1,68.0,Amazonas,11.29,0
11.5,2914.0,15,0,1,8.7,74.1,Amazonas,11.41,0
13.1,2914.0,33,1,1,12.9,89.7,Amazonas,13.01,0
13.3,2852.0,7,0,1,10.2,67.0,Amazonas,13.21,0
9.6,47.0,10,1,0,7.5,71.0,Ancash,9.6,1
12.6,47.0,20,1,0,11.7,82.7,Ancash,12.6,0
11.3,47.0,13,0,0,8.5,73.5,Ancash,11.3,0
9.7,27.0,17,1,0,9.3,76.3,Ancash,9.7,1
12.7,27.0,32,1,0,16.4,94.7,Ancash,12.7,0
11.8,75.0,28,1,0,12.2,84.5,Ancash,11.8,0
11.6,58.0,12,0,0,11.1,72.0,Ancash,11.6,0
11.2,58.0,19,1,0,10.3,80.8,Ancash,11.2,0
11.4,58.0,19,0,0,10.5,77.0,Ancash,11.4,0
12.7,58.0,29,0,0,9.9,82.9,Ancash,12.7,0
11.2,58.0,7,1,0,8.3,68.4,Ancash,11.2,0
13.0,3024.0,23,0,0,11.6,80.8,Ancash,12.9,0
12.2,3024.0,12,1,0,10.4,73.2,Ancash,12.1,0
14.0,3060.0,29,0,0,14.2,90.1,Ancash,13.89,0
12.6,3060.0,13,0,0,10.2,73.2,Ancash,12.49,0
13.1,3060.0,26,0,0,12.4,86.2,Ancash,12.99,0
11.5,99.0,8,0,0,9.0,67.8,Ancash,11.5,0
11.3,99.0,31,1,0,11.4,87.5,Ancash,11.3,0
11.4,99.0,26,1,0,14.2,85.6,Ancash,11.4,0
12.4,99.0,34,1,0,13.4,95.0,Ancash,12.4,0
12.0,70.0,19,1,0,11.5,81.6,Ancash,12.0,0
12.8,70.0,30,1,0,18.1,95.5,Ancash,12.8,0
9.8,70.0,6,1,0,8.9,65.0,Ancash,9.8,1
13.5,39.0,32,1,0,13.9,93.5,Ancash,13.5,0
12.5,39.0,27,0,0,13.7,88.1,Ancash,12.5,0
10.8,39.0,30,0,0,12.6,90.1,Ancash,10.8,1
11.9,39.0,34,1,0,17.6,99.5,Ancash,11.9,0
10.1,213.0,14,0,0,8.1,73.3,Ancash,10.1,1
10.3,213.0,19,0,0,11.6,83.0,Ancash,10.3,1
10.8,23.0,10,1,0,9.4,70.8,Ancash,10.8,1
9.2,23.0,24,0,0,9.5,82.9,Ancash,9.2,1
11.5,23.0,8,1,0,9.1,72.2,Ancash,11.5,0
10.0,3040.0,18,1,1,11.1,80.7,Ancash,9.89,1
13.0,3040.0,13,0,1,8.9,72.3,Ancash,12.89,0
11.4,3040.0,11,0,1,9.7,72.6,Ancash,11.29,0
12.8,3040.0,21,0,1,8.7,78.4,Ancash,12.69,0
14.0,3185.0,35,0,1,10.4,81.8,Ancash,13.88,0
13.0,3185.0,7,0,1,6.6,62.6,Ancash,12.88,0
13.4,3185.0,32,0,1,14.0,90.0,Ancash,13.28,0
12.9,3103.0,18,1,1,9.6,77.0,Ancash,12.79,0
12.5,3103.0,25,0,1,10.3,81.8,Ancash,12.39,0
13.4,3103.0,34,1,1,14.0,89.2,Ancash,13.29,0
10.8,3103.0,9,0,1,6.8,63.6,Ancash,10.69,1
12.5,3103.0,34,0,1,14.1,89.9,Ancash,12.39,0
13.4,3103.0,20,0,1,11.1,78.2,Ancash,13.29,0
13.7,3012.0,23,1,1,11.2,83.3,Ancash,13.6,0
13.2,3012.0,19,0,1,9.3,75.1,Ancash,13.1,0
10.4,3012.0,9,0,1,9.0,71.7,Ancash,10.3,1
12.7,3552.0,33,0,1,12.8,86.5,Ancash,12.54,0
12.6,3552.0,9,1,1,7.3,67.1,Ancash,12.44,0
11.7,3552.0,32,0,1,12.4,88.3,Ancash,11.54,0
12.6,3552.0,24,0,1,11.0,83.0,Ancash,12.44,0
11.2,3552.0,12,0,1,7.5,69.1,Ancash,11.04,0
12.5,3319.0,26,0,1,10.4,82.0,Ancash,12.36,0
14.1,3319.0,6,1,1,8.2,67.9,Ancash,13.96,0
14.9,3319.0,7,0,1,8.0,67.2,Ancash,14.76,0
9.8,2356.0,16,1,1,10.6,79.0,Ancash,9.75,1
9.2,2356.0,14,0,1,9.7,75.4,Ancash,9.15,1
11.7,2356.0,7,0,1,8.0,68.4,Ancash,11.65,0
14.7,2477.0,16,0,0,9.9,76.1,Apurimac,14.64,0
12.6,2477.0,9,1,0,9.1,71.3,Apurimac,12.54,0
13.1,2363.0,26,0,0,9.5,77.7,Apurimac,13.05,0
11.6,2363.0,7,1,0,8.0,66.4,Apurimac,11.55,0
12.5,2363.0,33,1,0,12.9,88.0,Apurimac,12.45,0
13.5,2363.0,21,1,0,10.4,80.5,Apurimac,13.45,0
12.9,2363.0,33,1,0,12.8,86.4,Apurimac,12.85,0
12.9,2596.0,18,1,0,11.9,83.5,Apurimac,12.83,0
12.4,2596.0,26,0,0,11.1,85.9,Apurimac,12.33,0
12.4,2596.0,14,1,0,9.7,78.5,Apurimac,12.33,0
14.2,2596.0,20,0,0,11.4,82.0,Apurimac,14.13,0
11.9,2596.0,24,1,0,10.5,82.6,Apurimac,11.83,0
12.8,3086.0,8,1,0,9.1,70.6,Apurimac,12.69,0
12.3,3096.0,19,1,0,10.0,78.6,Apurimac,12.19,0
13.7,3096.0,35,0,0,12.7,89.3,Apurimac,13.59,0
12.1,3361.0,20,0,0,9.7,79.4,Apurimac,11.96,0
13.8,3361.0,33,0,0,11.0,85.8,Apurimac,13.66,0
13.4,3361.0,9,1,0,7.6,67.7,Apurimac,13.26,0
14.2,2928.0,9,1,0,9.6,73.9,Apurimac,14.11,0
12.3,2928.0,26,1,0,12.7,87.2,Apurimac,12.21,0
11.8,2928.0,35,0,0,13.2,90.0,Apurimac,11.71,0
12.9,2880.0,23,0,0,13.7,83.7,Apurimac,12.81,0
11.3,2880.0,8,0,0,7.0,67.0,Apurimac,11.21,0
13.0,2880.0,27,0,0,8.9,79.7,Apurimac,12.91,0
13.6,2880.0,7,0,0,7.7,66.6,Apurimac,13.51,0
13.1,3070.0,22,1,1,11.3,81.3,Apurimac,12.99,0
14.8,3070.0,29,1,1,12.1,90.2,Apurimac,14.69,0
12.3,3070.0,34,1,1,13.5,87.5,Apurimac,12.19,0
11.2,3070.0,15,1,1,8.8,73.5,Apurimac,11.09,0
12.1,3070.0,32,1,1,12.9,87.0,Apurimac,11.99,0
14.1,3070.0,14,0,1,8.7,72.5,Apurimac,13.99,0
13.1,3140.0,32,0,1,12.7,90.2,Apurimac,12.98,0
12.4,3140.0,26,1,1,10.3,80.9,Apurimac,12.28,0
13.4,3140.0,29,0,1,9.8,82.8,Apurimac,13.28,0
13.7,3247.0,12,0,1,8.6,69.5,Apurimac,13.57,0
11.8,3247.0,33,0,1,11.0,87.2,Apurimac,11.67,0
12.6,3247.0,11,1,1,8.6,73.2,Apurimac,12.47,0
12.5,3247.0,9,0,1,7.2,68.3,Apurimac,12.37,0
13.0,3247.0,18,0,1,9.4,77.8,Apurimac,12.87,0
13.1,3247.0,10,0,1,7.5,70.4,Apurimac,12.97,0
14.2,3688.0,33,0,1,12.1,89.6,Apurimac,14.02,0
13.0,3688.0,21,0,1,10.3,79.9,Apurimac,12.82,0
13.2,3688.0,12,0,1,8.9,71.5,Apurimac,13.02,0
16.0,3688.0,26,0,1,9.9,81.0,Apurimac,15.82,0
11.7,3171.0,19,0,1,11.2,80.7,Apurimac,11.58,0
10.7,3171.0,13,1,1,10.1,73.7,Apurimac,10.58,1
12.8,3397.0,15,1,1,10.2,76.3,Apurimac,12.65,0
13.3,3397.0,13,0,1,8.4,70.7,Apurimac,13.15,0
13.7,3397.0,24,0,1,9.4,78.1,Apurimac,13.55,0
13.1,3397.0,15,1,1,8.5,72.0,Apurimac,12.95,0
14.1,3904.0,13,0,1,8.7,72.4,Apurimac,13.89,0
15.1,4018.0,14,1,1,9.1,76.4,Apurimac,14.87,0
14.6,4018.0,10,1,1,7.6,68.5,Apurimac,14.37,0
15.5,4018.0,21,0,1,9.8,82.5,Apurimac,15.27,0
14.1,4018.0,35,0,1,12.1,86.4,Apurimac,13.87,0
13.6,4018.0,13,0,1,9.4,75.4,Apurimac,13.37,0
12.8,3453.0,27,1,1,12.6,85.6,Apurimac,12.65,0
14.5,3453.0,16,0,1,9.6,77.3,Apurimac,14.35,0
13.2,3453.0,33,1,1,11.5,86.2,Apurimac,13.05,0
14.2,3453.0,7,0,1,6.7,60.9,Apurimac,14.05,0
11.9,3453.0,9,0,1,10.5,69.9,Apurimac,11.75,0
12.2,3453.0,17,1,1,9.5,75.1,Apurimac,12.05,0
14.2,3453.0,10,0,1,7.8,68.5,Apurimac,14.05,0
14.4,3453.0,22,1,1,10.2,81.4,Apurimac,14.25,0
12.4,2662.0,32,0,0,12.2,87.6,Arequipa,12.33,0
11.7,2662.0,20,0,0,10.7,79.6,Arequipa,11.63,0
12.3,2780.0,33,1,0,16.2,95.0,Arequipa,12.22,0
14.6,2386.0,18,1,0,13.0,86.4,Arequipa,14.55,0
13.3,2386.0,12,0,0,11.4,80.0,Arequipa,13.25,0
11.3,2395.0,7,1,0,6.7,66.3,Arequipa,11.25,0
11.7,2690.0,12,1,0,10.4,77.2,Arequipa,11.63,0
13.3,2690.0,14,1,0,9.7,75.7,Arequipa,13.23,0
12.9,2690.0,14,1,0,8.8,74.0,Arequipa,12.83,0
11.4,2690.0,8,0,0,7.9,68.2,Arequipa,11.33,0
11.8,2690.0,12,1,0,10.1,71.7,Arequipa,11.73,0
15.1,2526.0,20,1,0,12.7,85.2,Arequipa,15.04,0
12.6,2502.0,35,0,0,14.4,90.1,Arequipa,12.54,0
12.4,2502.0,19,1,0,12.9,84.2,Arequipa,12.34,0
13.8,2502.0,32,0,0,12.1,89.2,Arequipa,13.74,0
13.2,2502.0,13,1,0,10.1,74.2,Arequipa,13.14,0
11.6,2342.0,25,0,0,12.4,85.9,Arequipa,11.55,0
11.3,2342.0,20,0,0,9.9,79.4,Arequipa,11.25,0
12.6,2342.0,34,0,0,13.4,89.9,Arequipa,12.55,0
12.9,2332.0,30,1,0,11.7,89.6,Arequipa,12.85,0
13.1,2332.0,23,0,0,10.3,80.7,Arequipa,13.05,0
13.4,2332.0,12,1,0,10.4,72.3,Arequipa,13.35,0
12.8,2266.0,27,0,0,10.1,82.5,Arequipa,12.76,0
12.3,2266.0,25,1,0,12.0,83.4,Arequipa,12.26,0
10.6,2266.0,7,1,0,9.3,68.0,Arequipa,10.56,1
13.7,2515.0,35,0,0,13.5,88.0,Arequipa,13.64,0
12.0,2382.0,30,0,0,11.6,87.7,Arequipa,11.95,0
12.3,2382.0,12,0,0,9.1,73.5,Arequipa,12.25,0
11.2,2382.0,16,0,0,9.2,75.7,Arequipa,11.15,0
11.4,2382.0,16,0,0,10.2,79.4,Arequipa,11.35,0
12.6,2520.0,6,0,0,7.2,65.6,Arequipa,12.54,0
11.7,2520.0,28,0,0,11.6,82.7,Arequipa,11.64,0
12.5,2637.0,8,0,0,8.7,70.1,Arequipa,12.43,0
12.1,2637.0,21,0,0,10.5,80.5,Arequipa,12.03,0
12.8,1465.0,23,0,0,11.0,78.4,Arequipa,12.8,0
13.6,1465.0,23,0,0,10.5,79.6,Arequipa,13.6,0
11.8,1465.0,22,1,0,12.9,86.5,Arequipa,11.8,0
12.7,1257.0,11,0,0,9.2,72.7,Arequipa,12.71,0
11.0,1526.0,25,1,0,12.3,84.2,Arequipa,11.0,0
11.9,1526.0,13,1,0,9.4,77.7,Arequipa,11.9,0
11.9,67.0,29,1,0,13.4,92.4,Arequipa,11.9,0
12.9,67.0,19,0,0,16.0,87.7,Arequipa,12.9,0
12.0,67.0,25,1,0,12.9,87.0,Arequipa,12.0,0
7.8,67.0,21,1,0,14.2,87.5,Arequipa,7.8,1
10.5,67.0,32,1,0,14.4,94.3,Arequipa,10.5,1
12.4,67.0,24,0,0,13.6,86.1,Arequipa,12.4,0
11.6,67.0,18,0,0,8.2,80.3,Arequipa,11.6,0
12.4,2957.0,28,1,1,12.8,87.8,Arequipa,12.3,0
12.4,2957.0,26,0,1,12.6,85.4,Arequipa,12.3,0
13.4,2957.0,31,0,1,11.2,85.8,Arequipa,13.3,0
10.4,2957.0,17,1,1,11.0,80.1,Arequipa,10.3,1
13.7,2957.0,16,0,1,9.4,74.8,Arequipa,13.6,0
10.6,1422.0,14,0,1,9.6,73.6,Arequipa,10.6,1
12.3,1422.0,28,0,1,14.6,90.9,Arequipa,12.3,0
12.8,1422.0,30,0,1,12.1,85.8,Arequipa,12.8,0
13.1,2940.0,28,0,0,12.0,85.5,Ayacucho,13.0,0
13.4,2940.0,27,0,0,12.0,86.1,Ayacucho,13.3,0
13.9,2940.0,18,0,0,10.3,76.5,Ayacucho,13.8,0
13.8,2969.0,14,0,0,8.6,72.6,Ayacucho,13.7,0
11.9,2969.0,15,0,0,11.0,77.7,Ayacucho,11.8,0
13.5,2969.0,30,1,0,13.3,93.8,Ayacucho,13.4,0
13.4,2823.0,26,0,0,11.4,83.5,Ayacucho,13.32,0
10.7,2823.0,15,1,0,10.7,74.8,Ayacucho,10.62,1
12.5,2823.0,33,1,0,12.1,85.0,Ayacucho,12.42,0
13.2,2823.0,35,0,0,12.4,88.8,Ayacucho,13.12,0
12.5,2788.0,12,0,0,9.5,73.8,Ayacucho,12.42,0
13.3,2788.0,13,0,0,8.3,71.7,Ayacucho,13.22,0
13.1,2854.0,14,1,0,8.3,71.0,Ayacucho,13.01,0
13.5,2854.0,32,0,0,10.8,88.2,Ayacucho,13.41,0
11.8,2854.0,9,0,0,9.0,70.0,Ayacucho,11.71,0
10.8,2895.0,10,1,0,6.9,69.8,Ayacucho,10.71,1
12.7,2895.0,9,0,0,7.6,66.3,Ayacucho,12.61,0
9.7,2793.0,13,1,0,9.1,73.5,Ayacucho,9.62,1
13.9,2793.0,25,0,0,9.9,82.4,Ayacucho,13.82,0
13.6,2793.0,13,0,0,7.9,72.5,Ayacucho,13.52,0
12.0,2655.0,11,1,0,9.2,73.3,Ayacucho,11.93,0
12.4,2655.0,25,1,0,10.4,83.8,Ayacucho,12.33,0
12.8,2655.0,30,1,0,13.1,88.0,Ayacucho,12.73,0
14.0,2701.0,16,0,0,9.6,76.5,Ayacucho,13.93,0
11.2,2701.0,28,0,0,12.8,89.3,Ayacucho,11.13,0
10.8,763.0,21,0,0,12.6,85.0,Ayacucho,10.8,1
10.2,763.0,13,1,0,10.8,79.5,Ayacucho,10.2,1
10.7,763.0,33,0,0,15.7,94.2,Ayacucho,10.7,1
10.8,763.0,30,0,0,11.4,84.0,Ayacucho,10.8,1
13.0,3405.0,22,0,0,10.4,81.0,Ayacucho,12.85,0
10.2,3405.0,10,0,0,8.9,70.4,Ayacucho,10.05,1
10.8,2464.0,18,1,0,11.9,82.0,Ayacucho,10.75,1
9.6,2464.0,17,1,0,9.1,72.6,Ayacucho,9.55,1
12.4,3175.0,19,0,1,11.1,76.5,Ayacucho,12.28,0
12.3,3175.0,21,1,1,10.8,79.8,Ayacucho,12.18,0
12.8,3175.0,10,0,1,10.6,72.8,Ayacucho,12.68,0
13.9,3175.0,32,1,1,12.7,90.5,Ayacucho,13.78,0
14.5,3458.0,12,1,1,7.2,69.0,Ayacucho,14.35,0
15.1,3458.0,12,1,1,8.4,70.0,Ayacucho,14.95,0
13.4,3458.0,13,1,1,10.0,74.3,Ayacucho,13.25,0
13.5,3458.0,21,1,1,11.1,82.8,Ayacucho,13.35,0
12.8,3458.0,28,1,1,13.8,85.3,Ayacucho,12.65,0
13.1,3458.0,22,0,1,10.8,77.0,Ayacucho,12.95,0
13.8,2927.0,33,0,1,9.8,86.0,Ayacucho,13.71,0
12.2,2927.0,13,0,1,9.3,72.9,Ayacucho,12.11,0
12.9,2927.0,35,0,1,13.3,90.0,Ayacucho,12.81,0
12.4,2927.0,19,1,1,9.1,78.5,Ayacucho,12.31,0
13.3,3409.0,11,0,1,8.9,70.4,Ayacucho,13.15,0
13.8,3409.0,35,1,1,13.0,91.6,Ayacucho,13.65,0
13.1,3409.0,11,0,1,8.7,69.3,Ayacucho,12.95,0
14.1,3188.0,30,0,1,10.8,84.6,Ayacucho,13.98,0
13.9,3188.0,10,0,1,9.5,71.0,Ayacucho,13.78,0
13.3,3188.0,16,0,1,11.8,76.7,Ayacucho,13.18,0
13.0,3503.0,11,0,1,8.9,70.6,Ayacucho,12.84,0
13.5,3503.0,7,1,1,8.4,63.1,Ayacucho,13.34,0
12.6,3503.0,13,0,1,9.9,72.8,Ayacucho,12.44,0
13.7,3175.0,34,1,1,14.4,92.1,Ayacucho,13.58,0
13.7,3175.0,31,0,1,16.3,88.4,Ayacucho,13.58,0
11.1,3175.0,27,1,1,13.9,89.5,Ayacucho,10.98,1
14.1,3175.0,14,1,1,8.2,71.7,Ayacucho,13.98,0
12.8,2981.0,9,1,1,8.0,70.3,Ayacucho,12.7,0
14.5,2981.0,25,0,1,10.7,83.2,Ayacucho,14.4,0
14.5,2814.0,10,0,0,9.3,72.3,Cajamarca,14.42,0
11.9,2724.0,10,0,0,7.1,66.9,Cajamarca,11.82,0
14.6,2724.0,33,0,0,11.5,86.6,Cajamarca,14.52,0
13.6,2724.0,12,0,0,8.1,69.1,Cajamarca,13.52,0
13.2,2724.0,24,1,0,15.3,89.2,Cajamarca,13.12,0
12.3,1326.0,32,0,0,12.9,86.2,Cajamarca,12.3,0
12.7,1326.0,18,1,0,9.9,75.7,Cajamarca,12.7,0
13.1,1326.0,32,0,0,13.2,93.8,Cajamarca,13.1,0
12.2,2643.0,16,1,0,9.5,76.0,Cajamarca,12.13,0
12.4,2643.0,13,1,0,8.1,69.6,Cajamarca,12.33,0
14.0,2643.0,34,1,0,12.4,90.8,Cajamarca,13.93,0
11.9,1273.0,15,1,1,10.2,79.1,Cajamarca,11.91,0
12.3,1273.0,16,1,1,9.7,74.5,Cajamarca,12.31,0
11.9,1273.0,33,1,1,12.6,90.4,Cajamarca,11.91,0
11.1,2427.0,10,0,1,8.3,68.6,Cajamarca,11.05,0
12.3,2188.0,9,1,1,7.9,69.7,Cajamarca,12.26,0
14.4,2188.0,25,0,1,12.4,84.6,Cajamarca,14.36,0
11.2,2188.0,10,1,1,9.0,69.8,Cajamarca,11.16,0
14.9,3226.0,11,0,1,9.0,69.2,Cajamarca,14.77,0
13.7,3226.0,19,1,1,11.1,76.2,Cajamarca,13.57,0
11.9,3226.0,22,0,1,8.8,79.5,Cajamarca,11.77,0
13.1,3226.0,17,1,1,9.8,73.3,Cajamarca,12.97,0
12.2,2123.0,9,0,1,9.1,73.2,Cajamarca,12.17,0
13.4,2123.0,18,1,1,10.0,78.0,Cajamarca,13.37,0
11.4,2123.0,25,1,1,11.2,85.0,Cajamarca,11.37,0
13.3,3071.0,8,1,1,8.0,69.0,Cajamarca,13.19,0
12.9,3071.0,12,1,1,9.4,72.8,Cajamarca,12.79,0
13.6,3071.0,30,1,1,11.0,84.5,Cajamarca,13.49,0
12.5,3122.0,14,0,1,9.5,70.7,Cajamarca,12.39,0
11.9,3122.0,23,0,1,8.5,71.6,Cajamarca,11.79,0
12.7,3122.0,15,0,1,8.8,74.5,Cajamarca,12.59,0
12.2,3122.0,17,1,1,7.1,71.2,Cajamarca,12.09,0
12.1,3122.0,6,1,1,8.4,68.5,Cajamarca,11.99,0
12.8,3122.0,17,1,1,10.0,77.3,Cajamarca,12.69,0
9.9,3133.0,11,0,1,9.5,68.6,Cajamarca,9.78,1
13.4,3133.0,10,1,1,9.2,68.5,Cajamarca,13.28,0
12.4,2631.0,6,1,1,8.6,66.1,Cajamarca,12.33,0
11.6,2740.0,15,1,1,9.5,75.8,Cajamarca,11.52,0
13.6,2740.0,35,0,1,14.0,97.8,Cajamarca,13.52,0
13.6,2740.0,26,0,1,10.9,80.8,Cajamarca,13.52,0
13.6,2740.0,29,1,1,10.3,77.3,Cajamarca,13.52,0
14.2,2740.0,9,0,1,7.9,64.4,Cajamarca,14.12,0
11.5,323.0,17,1,0,9.6,76.6,Callao,11.5,0
11.8,323.0,29,1,0,12.5,87.9,Callao,11.8,0
12.2,323.0,20,1,0,11.6,84.0,Callao,12.2,0
11.5,323.0,32,0,0,14.7,92.9,Callao,11.5,0
11.6,323.0,32,0,0,14.0,92.2,Callao,11.6,0
9.8,130.0,19,0,0,13.5,80.5,Callao,9.8,1
8.7,130.0,12,0,0,9.1,74.3,Callao,8.7,1
9.7,130.0,20,1,0,15.6,88.2,Callao,9.7,1
12.0,130.0,27,1,0,10.7,85.8,Callao,12.0,0
12.0,117.0,28,0,0,11.4,82.1,Callao,12.0,0
11.9,117.0,32,1,0,17.7,97.3,Callao,11.9,0
8.4,117.0,28,0,0,12.9,90.5,Callao,8.4,1
11.1,156.0,29,0,0,11.9,82.6,Callao,11.1,0
9.2,156.0,23,0,0,9.9,81.0,Callao,9.2,1
10.9,156.0,28,0,0,12.7,87.5,Callao,10.9,1
11.1,156.0,28,1,0,15.1,93.9,Callao,11.1,0
11.4,156.0,16,0,0,12.3,81.3,Callao,11.4,0
10.4,156.0,22,0,0,12.7,82.8,Callao,10.4,1
11.7,138.0,18,0,0,10.4,80.4,Callao,11.7,0
11.1,138.0,11,1,0,9.7,73.2,Callao,11.1,0
11.2,60.0,30,1,0,14.2,90.6,Callao,11.2,0
11.1,60.0,27,1,0,14.8,95.1,Callao,11.1,0
12.0,147.0,28,0,0,10.9,85.2,Callao,12.0,0
10.4,147.0,28,0,0,11.3,86.9,Callao,10.4,1
11.3,147.0,17,0,0,9.4,77.0,Callao,11.3,0
11.3,154.0,28,0,0,13.2,87.4,Callao,11.3,0
11.3,27.0,35,0,0,12.5,90.6,Callao,11.3,0
11.7,27.0,33,0,0,16.9,96.7,Callao,11.7,0
12.1,27.0,32,0,0,12.1,91.6,Callao,12.1,0
10.5,51.0,6,0,0,7.6,62.8,Callao,10.5,1
11.6,51.0,22,1,0,11.3,84.6,Callao,11.6,0
10.9,54.0,15,1,0,12.3,80.1,Callao,10.9,1
12.9,54.0,31,1,0,13.0,91.9,Callao,12.9,0
12.1,54.0,31,0,0,13.8,92.4,Callao,12.1,0
10.1,70.0,13,1,0,13.7,80.1,Callao,10.1,1
8.3,70.0,12,1,0,10.6,78.4,Callao,8.3,1
11.7,70.0,23,0,0,13.0,87.5,Callao,11.7,0
10.8,55.0,18,1,0,11.9,80.9,Callao,10.8,1
11.8,55.0,24,1,0,11.5,83.7,Callao,11.8,0
9.7,60.0,9,0,0,10.8,71.3,Callao,9.7,1
13.0,60.0,31,0,0,13.5,89.0,Callao,13.0,0
10.5,17.0,7,0,0,9.7,71.4,Callao,10.5,1
10.5,17.0,15,1,0,10.2,77.1,Callao,10.5,1
10.3,25.0,29,1,0,12.9,87.7,Callao,10.3,1
10.1,25.0,25,1,0,14.6,90.1,Callao,10.1,1
12.4,25.0,23,1,0,11.3,82.1,Callao,12.4,0
10.9,25.0,28,1,0,16.1,93.1,Callao,10.9,1
12.0,25.0,29,0,0,13.4,87.8,Callao,12.0,0
11.4,25.0,30,0,0,13.9,90.6,Callao,11.4,0
12.4,33.0,30,1,0,11.8,87.6,Callao,12.4,0
11.8,33.0,6,1,0,6.8,65.1,Callao,11.8,0
11.5,45.0,26,1,0,13.0,88.8,Callao,11.5,0
11.3,358.0,11,0,0,9.5,72.9,Callao,11.3,0
10.6,358.0,30,0,0,12.8,86.2,Callao,10.6,1
12.0,358.0,15,0,0,9.0,74.5,Callao,12.0,0
13.5,3291.0,26,0,0,13.8,87.8,Cusco,13.37,0
13.1,3291.0,32,1,0,13.5,90.7,Cusco,12.97,0
15.0,3302.0,26,0,0,11.3,88.5,Cusco,14.87,0
13.7,3302.0,29,1,0,13.2,89.0,Cusco,13.57,0
10.2,3302.0,12,1,0,11.6,72.8,Cusco,10.07,1
13.1,3374.0,14,0,0,9.9,75.5,Cusco,12.96,0
14.0,3384.0,9,1,0,6.5,67.3,Cusco,13.86,0
13.3,3384.0,14,1,0,10.0,74.2,Cusco,13.16,0
13.0,3384.0,20,0,0,10.9,79.6,Cusco,12.86,0
13.1,3549.0,12,0,0,9.9,70.2,Cusco,12.94,0
14.2,3549.0,30,1,0,13.2,86.6,Cusco,14.04,0
11.4,3630.0,35,0,0,14.0,93.4,Cusco,11.23,0
12.8,2956.0,29,1,0,11.9,87.8,Cusco,12.7,0
14.0,2956.0,29,0,0,11.8,84.3,Cusco,13.9,0
13.8,2956.0,15,1,0,11.3,79.5,Cusco,13.7,0
15.6,3741.0,7,0,0,7.0,65.6,Cusco,15.41,0
13.2,1209.0,13,0,1,10.2,75.8,Cusco,13.21,0
13.2,1209.0,13,0,1,10.3,76.8,Cusco,13.21,0
12.6,971.0,26,0,1,10.5,80.0,Cusco,12.6,0
12.5,971.0,15,1,1,9.9,75.6,Cusco,12.5,0
10.5,971.0,10,0,1,8.6,70.7,Cusco,10.5,1
10.0,971.0,29,0,1,12.1,85.3,Cusco,10.0,1
10.5,971.0,14,0,1,9.5,76.0,Cusco,10.5,1
11.9,971.0,14,0,1,10.2,76.1,Cusco,11.9,0
11.9,971.0,14,0,1,9.4,71.5,Cusco,11.9,0
12.8,971.0,19,1,1,12.4,85.0,Cusco,12.8,0
13.8,1808.0,14,0,1,9.5,76.0,Cusco,13.79,0
12.2,1808.0,19,0,1,8.9,77.1,Cusco,12.19,0
13.4,3336.0,26,1,1,12.0,84.4,Cusco,13.26,0
14.0,3336.0,25,0,1,13.8,87.1,Cusco,13.86,0
13.5,3336.0,28,0,1,10.9,84.2,Cusco,13.36,0
13.9,3336.0,30,0,1,14.2,90.4,Cusco,13.76,0
13.6,3759.0,32,0,0,11.7,85.4,Huancavelica,13.41,0
13.2,3759.0,12,1,0,8.2,73.5,Huancavelica,13.01,0
14.6,3759.0,10,1,0,8.7,68.6,Huancavelica,14.41,0
14.5,3759.0,27,0,0,11.1,82.2,Huancavelica,14.31,0
12.1,3741.0,24,1,0,9.8,75.4,Huancavelica,11.91,0
14.0,3741.0,27,0,0,11.1,86.2,Huancavelica,13.81,0
14.6,3741.0,33,1,0,13.2,90.5,Huancavelica,14.41,0
14.7,3766.0,27,0,0,11.5,86.5,Huancavelica,14.51,0
13.2,3766.0,18,1,0,9.1,78.3,Huancavelica,13.01,0
12.3,3847.0,31,1,0,10.9,85.9,Huancavelica,12.1,0
13.2,3847.0,11,1,0,8.6,70.3,Huancavelica,13.0,0
13.4,3847.0,13,0,0,8.1,69.6,Huancavelica,13.2,0
14.1,3287.0,26,0,0,13.7,85.4,Huancavelica,13.97,0
14.4,3287.0,19,1,0,11.6,80.1,Huancavelica,14.27,0
13.8,3287.0,9,1,0,8.3,68.0,Huancavelica,13.67,0
13.3,3287.0,34,0,0,12.8,87.7,Huancavelica,13.17,0
13.9,3287.0,16,1,0,9.8,74.6,Huancavelica,13.77,0
14.2,3287.0,28,0,0,11.2,86.2,Huancavelica,14.07,0
11.0,3582.0,20,1,1,12.5,81.8,Huancavelica,10.83,1
13.3,3582.0,29,1,1,10.2,83.8,Huancavelica,13.13,0
14.5,3582.0,35,1,1,13.8,89.7,Huancavelica,14.33,0
12.1,3582.0,7,1,1,7.6,69.7,Huancavelica,11.93,0
14.1,3377.0,10,0,1,8.7,71.3,Huancavelica,13.96,0
14.0,3377.0,6,1,1,8.4,69.2,Huancavelica,13.86,0
13.2,3377.0,34,0,1,12.0,85.3,Huancavelica,13.06,0
11.9,3377.0,11,0,1,9.6,72.2,Huancavelica,11.76,0
12.5,3377.0,19,0,1,8.7,72.6,Huancavelica,12.36,0
12.2,3377.0,15,0,1,8.8,73.5,Huancavelica,12.06,0
12.9,3377.0,9,0,1,8.8,68.4,Huancavelica,12.76,0
10.5,3930.0,9,0,1,7.8,67.1,Huancavelica,10.29,1
13.8,3930.0,11,1,1,8.5,68.1,Huancavelica,13.59,0
10.4,3930.0,10,1,1,8.7,69.4,Huancavelica,10.19,1
14.4,3930.0,7,0,1,7.1,63.8,Huancavelica,14.19,0
12.8,4090.0,10,1,1,8.0,69.9,Huancavelica,12.56,0
16.6,4090.0,8,1,1,6.5,63.4,Huancavelica,16.36,0
13.6,4090.0,30,1,1,13.0,87.1,Huancavelica,13.36,0
13.3,4090.0,30,1,1,12.5,87.0,Huancavelica,13.06,0
12.2,4090.0,10,0,1,9.0,70.4,Huancavelica,11.96,0
12.4,3692.0,12,0,1,9.6,71.3,Huancavelica,12.22,0
14.7,3692.0,20,1,1,9.3,77.2,Huancavelica,14.52,0
14.0,3692.0,29,0,1,11.6,88.1,Huancavelica,13.82,0
14.3,4045.0,6,0,1,6.5,60.3,Huancavelica,14.07,0
14.1,4045.0,16,1,1,9.1,75.5,Huancavelica,13.87,0
11.8,4045.0,21,0,1,9.4,77.2,Huancavelica,11.57,0
13.0,4045.0,34,1,1,12.1,84.6,Huancavelica,12.77,0
13.5,4045.0,31,1,1,11.6,83.0,Huancavelica,13.27,0
11.7,4045.0,16,1,1,9.8,74.5,Huancavelica,11.47,0
13.5,4045.0,6,1,1,7.0,62.9,Huancavelica,13.27,0
14.1,4043.0,23,0,1,12.1,83.8,Huancavelica,13.87,0
13.8,3150.0,19,1,1,10.2,79.3,Huancavelica,13.68,0
12.5,3150.0,14,0,1,11.2,79.4,Huancavelica,12.38,0
12.8,2255.0,12,0,1,9.0,70.0,Huancavelica,12.76,0
11.5,2255.0,32,1,1,13.7,92.8,Huancavelica,11.46,0
13.8,3832.0,35,1,1,15.3,91.2,Huancavelica,13.6,0
13.8,3832.0,18,0,1,9.2,80.2,Huancavelica,13.6,0
14.9,3832.0,19,0,1,9.6,77.0,Huancavelica,14.7,0
15.2,3832.0,30,1,1,12.9,85.2,Huancavelica,15.0,0
11.7,3832.0,8,1,1,9.1,69.3,Huancavelica,11.5,0
14.2,3832.0,26,1,1,10.9,82.7,Huancavelica,14.0,0
12.7,4488.0,14,1,1,9.0,75.5,Huancavelica,12.4,0
15.6,4488.0,26,0,1,9.8,76.1,Huancavelica,15.3,0
15.1,4488.0,10,1,1,7.2,66.3,Huancavelica,14.8,0
12.6,1906.0,23,0,0,12.0,82.6,Huanuco,12.58,0
12.8,1939.0,23,0,0,9.8,80.2,Huanuco,12.78,0
13.6,1939.0,7,0,0,7.6,65.0,Huanuco,13.58,0
12.6,1939.0,33,0,0,14.5,94.8,Huanuco,12.58,0
10.0,1974.0,11,0,0,9.2,72.4,Huanuco,9.98,1
13.1,1974.0,27,0,0,13.8,87.7,Huanuco,13.08,0
12.8,1974.0,16,0,0,10.9,77.3,Huanuco,12.78,0
11.4,1914.0,26,0,0,12.8,84.2,Huanuco,11.38,0
11.8,1914.0,7,1,0,8.7,66.9,Huanuco,11.78,0
12.9,1914.0,27,0,0,11.1,84.8,Huanuco,12.88,0
11.1,665.0,15,1,0,9.8,76.7,Huanuco,11.1,0
12.1,665.0,6,0,0,7.2,61.3,Huanuco,12.1,0
11.9,665.0,32,1,0,18.2,96.3,Huanuco,11.9,0
11.7,704.0,18,0,0,10.3,79.8,Huanuco,11.7,0
10.5,704.0,14,1,0,9.4,74.6,Huanuco,10.5,1
10.4,704.0,15,1,0,10.0,75.6,Huanuco,10.4,1
13.4,704.0,33,1,0,11.8,88.8,Huanuco,13.4,0
11.0,595.0,26,0,0,10.1,83.9,Huanuco,11.0,0
11.1,595.0,31,1,0,14.4,89.2,Huanuco,11.1,0
12.4,595.0,18,0,0,10.1,76.6,Huanuco,12.4,0
10.7,3225.0,13,1,0,9.9,74.4,Huanuco,10.57,1
12.5,3225.0,21,1,0,11.7,82.6,Huanuco,12.37,0
15.0,3225.0,34,1,0,19.3,99.9,Huanuco,14.87,0
12.6,2438.0,14,0,0,9.5,74.6,Huanuco,12.55,0
14.4,2438.0,23,0,0,9.5,74.4,Huanuco,14.35,0
14.7,2438.0,23,0,0,10.6,77.2,Huanuco,14.65,0
11.8,2438.0,32,0,0,13.5,88.6,Huanuco,11.75,0
11.7,2438.0,11,0,0,9.1,70.6,Huanuco,11.65,0
11.6,1045.0,31,1,1,12.6,89.2,Huanuco,11.61,0
12.5,1045.0,11,0,1,8.4,71.1,Huanuco,12.51,0
11.8,1045.0,18,0,1,10.7,79.0,Huanuco,11.81,0
14.1,3584.0,24,0,1,9.7,79.7,Huanuco,13.93,0
15.0,3584.0,30,1,1,10.2,82.2,Huanuco,14.83,0
13.0,3584.0,20,0,1,12.8,81.3,Huanuco,12.83,0
12.8,3584.0,23,0,1,10.0,80.7,Huanuco,12.63,0
14.0,3584.0,10,1,1,9.0,68.2,Huanuco,13.83,0
12.1,3465.0,12,0,1,7.8,69.1,Huanuco,11.95,0
13.1,3465.0,24,0,1,11.3,82.8,Huanuco,12.95,0
14.2,3465.0,19,1,1,10.5,80.3,Huanuco,14.05,0
8.6,3465.0,7,1,1,9.0,68.5,Huanuco,8.45,1
13.6,2427.0,33,0,1,12.4,86.2,Huanuco,13.55,0
12.4,2427.0,10,1,1,8.5,69.5,Huanuco,12.35,0
14.0,2427.0,22,1,1,10.6,77.0,Huanuco,13.95,0
12.3,2427.0,31,0,1,11.4,84.4,Huanuco,12.25,0
11.1,2427.0,22,1,1,11.4,79.8,Huanuco,11.05,0
9.5,2427.0,10,0,1,7.7,71.6,Huanuco,9.45,1
14.5,3761.0,22,0,1,9.7,78.1,Huanuco,14.31,0
14.3,3761.0,16,1,1,9.0,76.1,Huanuco,14.11,0
14.1,3761.0,31,1,1,13.4,88.2,Huanuco,13.91,0
12.2,3761.0,6,0,1,7.6,63.2,Huanuco,12.01,0
11.1,181.0,16,1,1,9.8,78.6,Huanuco,11.1,0
10.2,181.0,15,1,1,9.0,75.3,Huanuco,10.2,1
12.2,181.0,35,0,1,12.9,89.4,Huanuco,12.2,0
11.4,2651.0,6,0,1,7.6,66.5,Huanuco,11.33,0
12.1,2651.0,16,1,1,9.8,76.7,Huanuco,12.03,0
14.0,2651.0,27,0,1,9.5,78.3,Huanuco,13.93,0
13.7,2651.0,27,1,1,12.8,86.1,Huanuco,13.63,0
13.5,2651.0,25,0,1,11.9,83.5,Huanuco,13.43,0
12.9,2192.0,6,1,1,7.3,65.6,Huanuco,12.86,0
11.9,2192.0,32,1,1,13.8,92.2,Huanuco,11.86,0
12.9,2192.0,10,1,1,8.7,71.3,Huanuco,12.86,0
13.0,3211.0,23,1,1,11.3,79.6,Huanuco,12.88,0
13.2,3211.0,12,0,1,6.5,66.0,Huanuco,13.08,0
13.4,3211.0,6,0,1,7.4,66.9,Huanuco,13.28,0
12.9,3211.0,23,0,1,10.6,80.0,Huanuco,12.78,0
10.8,3211.0,13,0,1,8.2,69.9,Huanuco,10.68,1
13.2,2794.0,30,0,1,12.6,90.0,Huanuco,13.12,0
12.0,2794.0,35,1,1,13.5,89.1,Huanuco,11.92,0
12.1,3443.0,30,1,1,14.1,89.0,Huanuco,11.95,0
11.6,3443.0,12,0,1,7.1,69.5,Huanuco,11.45,0
11.0,491.0,28,1,0,14.3,90.0,Ica,11.0,0
11.0,491.0,28,1,0,13.7,88.4,Ica,11.0,0
11.8,491.0,28,0,0,12.6,87.9,Ica,11.8,0
10.3,491.0,18,0,0,11.0,82.7,Ica,10.3,1
12.2,491.0,22,1,0,13.0,87.5,Ica,12.2,0
11.0,491.0,29,1,0,16.0,94.5,Ica,11.0,0
12.2,458.0,9,0,0,8.7,69.9,Ica,12.2,0
10.7,458.0,10,1,0,9.5,73.6,Ica,10.7,1
10.0,433.0,9,1,0,8.2,68.3,Ica,10.0,1
12.5,433.0,34,1,0,11.1,87.0,Ica,12.5,0
11.7,394.0,28,0,0,12.6,90.5,Ica,11.7,0
11.8,394.0,33,1,0,13.7,94.3,Ica,11.8,0
13.2,394.0,16,1,0,9.1,74.1,Ica,13.2,0
13.5,394.0,20,1,0,13.7,86.4,Ica,13.5,0
10.9,432.0,12,0,0,9.1,72.8,Ica,10.9,1
10.8,432.0,14,1,0,9.8,77.3,Ica,10.8,1
10.7,432.0,10,1,0,9.2,71.8,Ica,10.7,1
13.3,432.0,19,1,0,12.2,83.5,Ica,13.3,0
12.9,416.0,15,1,0,10.1,77.3,Ica,12.9,0
10.9,139.0,19,0,0,10.3,80.1,Ica,10.9,1
11.2,139.0,23,0,0,9.8,78.1,Ica,11.2,0
9.9,139.0,17,1,0,9.8,78.4,Ica,9.9,1
10.6,139.0,24,0,0,10.8,82.4,Ica,10.6,1
10.8,99.0,15,1,0,12.4,82.3,Ica,10.8,1
10.9,99.0,33,1,0,15.2,95.2,Ica,10.9,1
11.0,99.0,16,1,0,10.2,78.7,Ica,11.0,0
11.7,152.0,31,0,0,11.0,86.9,Ica,11.7,0
10.8,152.0,27,1,0,12.8,88.3,Ica,10.8,1
10.8,152.0,21,1,0,11.1,85.3,Ica,10.8,1
11.8,152.0,9,1,0,9.0,71.3,Ica,11.8,0
11.7,27.0,8,0,0,9.1,70.3,Ica,11.7,0
10.9,110.0,27,1,0,11.8,82.4,Ica,10.9,1
11.0,110.0,33,1,0,15.8,91.7,Ica,11.0,0
11.6,110.0,30,0,0,13.9,90.2,Ica,11.6,0
11.8,110.0,20,1,0,12.1,85.3,Ica,11.8,0
11.4,110.0,22,0,0,14.2,87.9,Ica,11.4,0
11.7,112.0,10,1,0,9.6,70.7,Ica,11.7,0
11.2,112.0,9,0,0,8.5,70.5,Ica,11.2,0
10.8,112.0,25,0,0,11.3,84.1,Ica,10.8,1
12.5,112.0,26,0,0,11.2,85.0,Ica,12.5,0
12.8,102.0,26,1,0,13.9,87.5,Ica,12.8,0
11.3,102.0,35,1,0,13.8,90.9,Ica,11.3,0
11.4,102.0,22,1,0,10.5,79.7,Ica,11.4,0
12.1,102.0,17,1,0,10.1,77.5,Ica,12.1,0
11.9,445.0,22,0,0,11.5,79.3,Ica,11.9,0
8.9,445.0,23,0,0,11.5,79.7,Ica,8.9,1
9.7,445.0,7,1,0,7.6,67.9,Ica,9.7,1
10.3,356.0,8,1,0,10.7,71.8,Ica,10.3,1
12.1,356.0,23,0,0,11.1,81.3,Ica,12.1,0
12.2,356.0,33,0,0,11.8,85.6,Ica,12.2,0
11.0,356.0,31,0,0,12.9,84.4,Ica,11.0,0
12.8,90.0,23,0,0,12.6,88.2,Ica,12.8,0
11.0,82.0,35,1,0,12.3,90.7,Ica,11.0,0
11.2,82.0,13,1,0,10.9,79.1,Ica,11.2,0
7.7,657.0,15,1,0,10.1,75.3,Ica,7.7,1
11.2,657.0,20,0,0,10.7,81.0,Ica,11.2,0
10.9,657.0,32,0,0,13.6,92.8,Ica,10.9,1
11.5,657.0,18,1,0,12.1,82.8,Ica,11.5,0
12.4,265.0,23,0,1,11.7,85.4,Ica,12.4,0
10.8,265.0,12,0,1,9.5,73.6,Ica,10.8,1
11.3,265.0,24,1,1,12.3,86.9,Ica,11.3,0
12.2,265.0,8,0,1,8.6,68.7,Ica,12.2,0
11.8,265.0,32,1,1,13.4,90.1,Ica,11.8,0
11.0,265.0,9,1,1,8.3,73.2,Ica,11.0,0
11.5,494.0,22,0,1,10.5,81.8,Ica,11.5,0
13.2,3253.0,21,0,0,8.8,79.1,Junin,13.07,0
12.9,3253.0,23,0,0,12.7,82.7,Junin,12.77,0
12.9,3253.0,13,0,0,10.3,75.5,Junin,12.77,0
13.8,3333.0,13,0,0,8.0,70.6,Junin,13.66,0
13.3,3333.0,21,1,0,9.3,79.0,Junin,13.16,0
15.1,3333.0,23,0,0,15.4,86.8,Junin,14.96,0
15.1,3332.0,25,1,0,13.1,84.3,Junin,14.96,0
15.2,3332.0,14,1,0,9.5,78.2,Junin,15.06,0
14.2,3332.0,32,1,0,13.2,91.0,Junin,14.06,0
13.2,3393.0,8,0,0,8.7,68.2,Junin,13.06,0
10.5,3393.0,11,1,0,9.0,74.2,Junin,10.36,1
13.2,3393.0,16,1,0,9.6,76.5,Junin,13.06,0
12.0,3393.0,11,1,0,10.2,73.4,Junin,11.86,0
13.4,3252.0,6,0,0,8.1,64.2,Junin,13.27,0
12.5,3252.0,29,1,0,13.5,91.9,Junin,12.37,0
12.1,3252.0,17,1,0,10.9,78.5,Junin,11.97,0
10.9,828.0,10,0,0,9.3,71.3,Junin,10.9,1
11.2,828.0,8,1,0,8.8,71.0,Junin,11.2,0
13.3,3332.0,20,1,0,11.0,79.3,Junin,13.16,0
12.3,3332.0,8,0,0,7.3,66.0,Junin,12.16,0
13.6,3332.0,28,0,0,12.7,88.2,Junin,13.46,0
16.5,3305.0,34,0,0,22.3,99.6,Junin,16.37,0
13.4,3324.0,20,0,0,9.9,83.7,Junin,13.26,0
12.6,3324.0,28,0,0,13.4,87.5,Junin,12.46,0
13.4,3281.0,17,0,0,9.1,74.4,Junin,13.27,0
10.8,3281.0,22,1,0,10.4,81.7,Junin,10.67,1
13.8,3281.0,33,0,0,13.3,92.1,Junin,13.67,0
12.9,3281.0,34,1,0,13.0,91.2,Junin,12.77,0
14.1,3262.0,30,0,0,11.1,87.7,Junin,13.97,0
12.9,3262.0,15,1,0,9.8,74.3,Junin,12.77,0
11.4,3262.0,16,0,0,12.8,81.9,Junin,11.27,0
13.0,3262.0,11,0,0,9.5,70.5,Junin,12.87,0
12.4,3293.0,13,0,0,10.5,72.8,Junin,12.27,0
13.4,3293.0,28,1,0,12.3,82.4,Junin,13.27,0
13.4,3293.0,30,0,0,13.1,90.4,Junin,13.27,0
14.6,3995.0,33,0,1,11.7,88.9,Junin,14.38,0
13.4,3995.0,8,1,1,8.2,67.6,Junin,13.18,0
13.2,3995.0,17,1,1,8.1,73.2,Junin,12.98,0
13.4,3995.0,7,0,1,8.1,67.9,Junin,13.18,0
12.4,3995.0,26,0,1,11.4,81.3,Junin,12.18,0
15.0,3995.0,27,1,1,11.4,82.9,Junin,14.78,0
12.5,3995.0,17,1,1,8.8,72.4,Junin,12.28,0
12.2,1164.0,33,0,1,14.0,90.4,Junin,12.21,0
12.1,1164.0,33,0,1,12.4,89.5,Junin,12.11,0
11.1,1164.0,20,0,1,9.8,78.9,Junin,11.11,0
11.0,1164.0,13,0,1,9.3,74.0,Junin,11.01,0
11.9,3391.0,15,1,1,10.5,73.5,Junin,11.76,0
12.8,3391.0,17,0,1,8.3,72.0,Junin,12.66,0
13.5,3391.0,27,1,1,14.0,91.8,Junin,13.36,0
14.8,3391.0,34,1,1,11.7,88.1,Junin,14.66,0
11.9,1043.0,18,0,1,10.9,81.5,Junin,11.91,0
12.1,1043.0,10,1,1,11.9,74.6,Junin,12.11,0
12.7,1043.0,19,1,1,10.2,80.7,Junin,12.71,0
11.5,1043.0,20,0,1,10.5,82.2,Junin,11.51,0
11.5,1043.0,14,0,1,7.8,71.5,Junin,11.51,0
11.2,914.0,16,1,1,9.6,74.5,Junin,11.2,0
9.5,914.0,16,1,1,11.5,79.7,Junin,9.5,1
10.6,914.0,26,1,1,11.1,82.9,Junin,10.6,1
10.2,914.0,11,1,1,8.2,68.1,Junin,10.2,1
10.7,914.0,11,1,1,8.0,68.9,Junin,10.7,1
10.9,914.0,25,1,1,10.9,84.4,Junin,10.9,1
10.1,787.0,31,0,1,11.3,84.9,Junin,10.1,1
10.6,787.0,19,1,1,9.8,78.6,Junin,10.6,1
10.9,787.0,20,1,1,9.5,78.1,Junin,10.9,1
11.3,787.0,32,0,1,10.7,83.4,Junin,11.3,0
11.5,787.0,28,0,1,10.7,82.7,Junin,11.5,0
9.0,787.0,7,1,1,7.0,65.1,Junin,9.0,1
11.3,787.0,23,1,1,9.5,75.3,Junin,11.3,0
9.7,787.0,11,0,1,6.7,67.9,Junin,9.7,1
10.7,787.0,12,1,1,6.8,67.3,Junin,10.7,1
10.9,787.0,30,1,1,11.4,83.2,Junin,10.9,1
8.7,787.0,11,1,1,5.6,65.1,Junin,8.7,1
11.4,787.0,19,0,1,9.2,76.5,Junin,11.4,0
10.6,100.0,10,1,0,13.1,76.1,La Libertad,10.6,1
10.6,44.0,7,0,0,8.1,69.2,La Libertad,10.6,1
10.7,44.0,28,0,0,12.1,88.3,La Libertad,10.7,1
9.7,43.0,18,1,0,11.2,83.0,La Libertad,9.7,1
10.7,43.0,12,1,0,9.0,74.7,La Libertad,10.7,1
13.0,43.0,20,0,0,14.5,81.3,La Libertad,13.0,0
10.1,48.0,12,1,0,10.8,79.1,La Libertad,10.1,1
11.8,48.0,18,0,0,8.6,77.8,La Libertad,11.8,0
12.1,146.0,24,0,0,9.6,78.1,La Libertad,12.1,0
11.6,146.0,7,0,0,8.9,67.1,La Libertad,11.6,0
9.8,100.0,10,1,0,8.6,69.4,La Libertad,9.8,1
10.8,100.0,35,1,0,16.5,98.7,La Libertad,10.8,1
10.8,100.0,26,0,0,10.8,85.8,La Libertad,10.8,1
12.8,100.0,34,1,0,16.9,96.8,La Libertad,12.8,0
10.8,100.0,9,1,0,9.4,70.5,La Libertad,10.8,1
12.1,126.0,15,0,0,9.3,76.1,La Libertad,12.1,0
11.3,126.0,12,1,0,10.1,74.1,La Libertad,11.3,0
11.8,273.0,27,1,0,10.6,84.5,La Libertad,11.8,0
11.7,273.0,32,0,0,12.4,87.3,La Libertad,11.7,0
11.8,273.0,24,1,0,12.6,84.8,La Libertad,11.8,0
10.7,126.0,9,0,0,8.8,69.4,La Libertad,10.7,1
10.1,126.0,9,0,0,8.5,66.4,La Libertad,10.1,1
11.6,106.0,22,0,0,11.1,84.5,La Libertad,11.6,0
10.0,30.0,14,0,0,8.3,73.9,La Libertad,10.0,1
11.1,30.0,32,0,0,10.9,83.9,La Libertad,11.1,0
12.5,30.0,24,0,0,12.0,83.4,La Libertad,12.5,0
12.5,30.0,31,1,0,15.1,94.9,La Libertad,12.5,0
12.0,30.0,33,1,0,14.2,91.5,La Libertad,12.0,0
11.1,141.0,35,1,0,14.5,98.0,La Libertad,11.1,0
11.5,141.0,29,0,0,16.1,91.3,La Libertad,11.5,0
10.8,141.0,27,1,0,14.0,91.9,La Libertad,10.8,1
10.4,141.0,21,1,0,13.8,88.6,La Libertad,10.4,1
13.8,3213.0,11,0,0,7.3,68.3,La Libertad,13.68,0
13.5,3213.0,10,0,0,9.2,70.1,La Libertad,13.38,0
12.6,3213.0,20,1,0,10.0,79.8,La Libertad,12.48,0
10.9,41.0,11,0,0,10.7,77.2,La Libertad,10.9,1
9.5,41.0,11,0,0,10.6,74.6,La Libertad,9.5,1
10.9,41.0,19,0,0,11.2,80.3,La Libertad,10.9,1
10.3,130.0,18,1,0,11.6,79.2,La Libertad,10.3,1
11.3,3491.0,18,1,1,9.4,76.5,La Libertad,11.14,0
14.2,3491.0,23,1,1,12.6,83.7,La Libertad,14.04,0
12.7,3491.0,16,0,1,8.4,70.5,La Libertad,12.54,0
13.8,3491.0,34,0,1,12.0,85.5,La Libertad,13.64,0
13.9,3421.0,24,0,1,9.5,79.8,La Libertad,13.75,0
13.3,3421.0,29,1,1,13.8,86.2,La Libertad,13.15,0
13.6,3421.0,15,0,1,8.9,69.2,La Libertad,13.45,0
13.8,3421.0,6,1,1,8.3,68.4,La Libertad,13.65,0
13.4,3421.0,24,1,1,11.4,78.4,La Libertad,13.25,0
14.3,3421.0,13,1,1,9.0,73.3,La Libertad,14.15,0
11.8,2958.0,7,1,1,8.7,71.1,La Libertad,11.7,0
14.5,2958.0,24,0,1,14.4,87.3,La Libertad,14.4,0
13.2,2958.0,14,1,1,11.7,81.2,La Libertad,13.1,0
13.9,2958.0,35,0,1,14.3,89.9,La Libertad,13.8,0
13.8,2958.0,8,1,1,7.6,65.0,La Libertad,13.7,0
11.1,47.0,14,0,0,11.5,78.0,Lambayeque,11.1,0
12.0,43.0,25,1,0,17.5,89.0,Lambayeque,12.0,0
9.3,43.0,16,1,0,10.6,78.0,Lambayeque,9.3,1
12.2,43.0,18,0,0,14.0,83.2,Lambayeque,12.2,0
11.1,38.0,32,1,0,11.0,86.4,Lambayeque,11.1,0
12.8,38.0,23,1,0,11.2,85.3,Lambayeque,12.8,0
12.7,36.0,27,1,0,11.6,86.8,Lambayeque,12.7,0
8.9,36.0,9,1,0,8.7,70.0,Lambayeque,8.9,1
11.6,36.0,27,0,0,12.1,87.0,Lambayeque,11.6,0
11.6,36.0,19,1,0,11.0,78.4,Lambayeque,11.6,0
10.8,36.0,16,0,0,9.7,77.3,Lambayeque,10.8,1
12.7,38.0,25,0,0,17.3,92.5,Lambayeque,12.7,0
11.0,38.0,19,0,0,11.0,82.2,Lambayeque,11.0,0
11.8,36.0,23,0,0,12.0,81.9,Lambayeque,11.8,0
11.6,36.0,26,0,0,13.8,87.7,Lambayeque,11.6,0
12.5,36.0,30,1,0,12.8,87.1,Lambayeque,12.5,0
12.6,14.0,17,1,0,10.5,80.0,Lambayeque,12.6,0
11.0,14.0,25,1,0,11.0,85.6,Lambayeque,11.0,0
12.7,14.0,9,0,0,9.6,67.4,Lambayeque,12.7,0
13.6,14.0,27,0,0,12.8,88.2,Lambayeque,13.6,0
12.1,27.0,27,1,0,12.3,88.8,Lambayeque,12.1,0
11.2,27.0,7,1,0,9.0,68.7,Lambayeque,11.2,0
10.8,30.0,31,0,0,14.9,93.2,Lambayeque,10.8,1
11.1,30.0,7,1,0,10.2,68.7,Lambayeque,11.1,0
10.9,30.0,34,1,0,14.9,97.6,Lambayeque,10.9,1
10.6,30.0,11,1,0,8.9,75.9,Lambayeque,10.6,1
11.1,63.0,12,0,0,8.0,68.1,Lambayeque,11.1,0
11.2,63.0,33,1,0,13.0,87.4,Lambayeque,11.2,0
10.2,63.0,15,0,0,8.8,72.7,Lambayeque,10.2,1
9.2,63.0,19,1,0,10.8,78.0,Lambayeque,9.2,1
10.7,63.0,10,1,0,7.4,68.0,Lambayeque,10.7,1
11.5,41.0,21,1,0,10.7,79.7,Lambayeque,11.5,0
11.8,41.0,27,0,0,12.9,88.3,Lambayeque,11.8,0
11.5,41.0,34,0,0,15.7,95.0,Lambayeque,11.5,0
11.0,41.0,30,1,0,11.7,85.2,Lambayeque,11.0,0
11.7,28.0,27,0,0,9.9,83.3,Lambayeque,11.7,0
13.1,28.0,27,0,0,12.6,88.2,Lambayeque,13.1,0
11.3,28.0,32,1,0,12.1,88.3,Lambayeque,11.3,0
11.6,16.0,23,0,0,10.7,81.5,Lambayeque,11.6,0
11.2,16.0,28,0,0,17.4,91.9,Lambayeque,11.2,0
11.5,16.0,34,1,0,13.6,91.1,Lambayeque,11.5,0
11.3,29.0,16,0,0,10.1,79.2,Lambayeque,11.3,0
12.6,29.0,32,1,0,12.7,90.3,Lambayeque,12.6,0
8.7,29.0,30,1,0,10.5,84.2,Lambayeque,8.7,1
11.9,30.0,18,0,0,11.6,81.3,Lambayeque,11.9,0
11.7,30.0,20,1,0,11.4,79.3,Lambayeque,11.7,0
9.3,266.0,17,1,1,8.9,77.0,Lambayeque,9.3,1
11.4,266.0,18,0,1,8.1,74.0,Lambayeque,11.4,0
9.7,266.0,21,1,1,8.3,74.3,Lambayeque,9.7,1
11.7,266.0,6,1,1,8.6,67.5,Lambayeque,11.7,0
10.3,266.0,26,0,1,11.6,82.0,Lambayeque,10.3,1
11.2,266.0,6,1,1,8.2,67.4,Lambayeque,11.2,0
13.0,1512.0,29,1,1,13.3,88.1,Lambayeque,13.0,0
11.9,1512.0,24,0,1,11.8,85.5,Lambayeque,11.9,0
10.7,1512.0,19,0,1,10.0,76.8,Lambayeque,10.7,1
8.3,1512.0,22,1,1,10.1,75.6,Lambayeque,8.3,1
9.7,1512.0,23,1,1,10.4,79.6,Lambayeque,9.7,1
11.4,1512.0,19,1,1,10.3,76.0,Lambayeque,11.4,0
10.6,1512.0,23,0,1,10.3,81.4,Lambayeque,10.6,1
9.9,77.0,33,0,1,9.9,81.2,Lambayeque,9.9,1
12.0,77.0,26,0,1,13.2,84.5,Lambayeque,12.0,0
9.4,77.0,8,1,1,7.0,65.2,Lambayeque,9.4,1
12.1,148.0,11,1,0,8.9,69.1,Lima,12.1,0
11.1,148.0,10,1,0,10.0,72.5,Lima,11.1,0
11.5,148.0,30,0,0,13.6,90.1,Lima,11.5,0
11.6,214.0,17,0,0,16.0,88.7,Lima,11.6,0
12.9,214.0,21,1,0,11.2,83.0,Lima,12.9,0
11.2,214.0,8,0,0,9.3,66.8,Lima,11.2,0
11.9,214.0,12,0,0,13.7,77.1,Lima,11.9,0
10.8,239.0,24,1,0,12.8,88.0,Lima,10.8,1
12.1,239.0,28,0,0,12.7,86.3,Lima,12.1,0
11.5,239.0,25,0,0,10.8,82.5,Lima,11.5,0
10.4,100.0,7,0,0,8.2,67.2,Lima,10.4,1
11.6,82.0,29,0,0,13.3,90.5,Lima,11.6,0
10.9,82.0,8,0,0,7.5,69.2,Lima,10.9,1
11.0,82.0,29,1,0,12.0,91.0,Lima,11.0,0
12.0,98.0,35,0,0,11.8,89.7,Lima,12.0,0
11.1,98.0,27,1,0,11.8,85.4,Lima,11.1,0
12.5,82.0,31,0,0,15.2,94.0,Lima,12.5,0
11.1,82.0,18,1,0,10.1,75.4,Lima,11.1,0
11.9,82.0,33,0,0,12.8,95.9,Lima,11.9,0
10.3,168.0,16,1,0,10.4,81.1,Lima,10.3,1
13.3,168.0,30,1,0,12.6,93.1,Lima,13.3,0
11.7,119.0,26,0,0,14.9,91.6,Lima,11.7,0
10.6,130.0,10,1,0,10.7,73.1,Lima,10.6,1
13.7,114.0,24,0,0,12.0,88.2,Lima,13.7,0
11.6,116.0,30,0,0,11.2,88.0,Lima,11.6,0
13.4,116.0,15,0,0,10.1,78.6,Lima,13.4,0
11.8,116.0,12,0,0,10.1,76.4,Lima,11.8,0
11.0,398.0,6,1,0,8.0,68.1,Lima,11.0,0
10.1,398.0,21,1,0,11.1,82.3,Lima,10.1,1
11.0,398.0,22,0,0,13.0,84.0,Lima,11.0,0
11.6,398.0,29,1,0,13.8,91.8,Lima,11.6,0
10.5,398.0,7,1,0,8.1,67.5,Lima,10.5,1
11.7,398.0,22,1,0,12.7,83.4,Lima,11.7,0
11.0,380.0,27,1,0,13.2,90.8,Lima,11.0,0
11.3,380.0,29,1,0,12.1,88.2,Lima,11.3,0
10.6,380.0,24,0,0,11.0,82.7,Lima,10.6,1
11.8,324.0,15,0,0,11.9,78.2,Lima,11.8,0
11.3,324.0,16,0,0,9.8,77.2,Lima,11.3,0
11.5,324.0,13,1,0,10.9,76.9,Lima,11.5,0
14.2,324.0,8,0,0,10.5,71.2,Lima,14.2,0
11.1,270.0,8,1,0,9.4,70.4,Lima,11.1,0
11.0,270.0,9,0,0,8.9,70.2,Lima,11.0,0
9.7,270.0,8,1,0,8.1,70.8,Lima,9.7,1
11.0,270.0,15,0,0,8.4,75.0,Lima,11.0,0
11.4,277.0,10,0,0,9.7,73.1,Lima,11.4,0
11.0,274.0,35,1,0,13.8,93.4,Lima,11.0,0
7.6,274.0,10,1,0,9.4,72.6,Lima,7.6,1
11.0,274.0,26,1,0,13.9,88.2,Lima,11.0,0
11.5,297.0,34,1,0,14.5,93.9,Lima,11.5,0
11.4,285.0,32,1,0,11.9,89.7,Lima,11.4,0
10.2,285.0,6,1,0,7.5,64.4,Lima,10.2,1
10.6,285.0,17,0,0,10.5,78.6,Lima,10.6,1
11.8,258.0,16,0,0,10.7,80.2,Lima,11.8,0
10.0,258.0,17,1,0,10.5,78.0,Lima,10.0,1
11.3,236.0,35,0,0,14.2,91.5,Lima,11.3,0
11.1,236.0,10,1,0,9.3,75.2,Lima,11.1,0
11.0,238.0,20,1,0,11.7,81.0,Lima,11.0,0
12.3,297.0,23,0,0,12.2,85.7,Lima,12.3,0
12.6,297.0,20,1,0,14.1,89.0,Lima,12.6,0
11.1,297.0,30,1,0,12.2,87.7,Lima,11.1,0
10.6,297.0,26,1,0,12.6,83.2,Lima,10.6,1
10.5,374.0,8,0,0,8.6,69.3,Lima,10.5,1
12.2,374.0,29,1,0,14.3,86.3,Lima,12.2,0
11.4,280.0,35,1,0,14.0,92.2,Lima,11.4,0
11.2,361.0,32,1,0,15.0,93.4,Lima,11.2,0
11.0,305.0,18,0,0,13.0,84.5,Lima,11.0,0
11.7,305.0,31,0,0,15.2,94.9,Lima,11.7,0
13.8,259.0,18,1,0,11.4,82.8,Lima,13.8,0
11.4,259.0,28,1,0,11.6,87.0,Lima,11.4,0
8.3,259.0,8,0,0,7.8,69.9,Lima,8.3,1
11.3,259.0,10,0,0,8.7,69.9,Lima,11.3,0
10.9,259.0,22,1,0,11.9,83.9,Lima,10.9,1
10.1,127.0,12,0,0,10.3,73.7,Lima,10.1,1
13.0,191.0,7,1,0,11.1,72.1,Lima,13.0,0
13.0,191.0,30,0,0,13.6,87.9,Lima,13.0,0
11.6,191.0,10,1,0,9.0,73.2,Lima,11.6,0
11.0,191.0,33,1,0,12.4,87.1,Lima,11.0,0
11.3,191.0,23,0,0,10.4,87.6,Lima,11.3,0
11.3,193.0,22,1,0,12.3,88.2,Lima,11.3,0
11.2,193.0,28,1,0,11.1,83.1,Lima,11.2,0
9.1,100.0,10,1,0,10.2,72.7,Lima,9.1,1
10.8,119.0,16,0,0,11.7,77.5,Lima,10.8,1
10.9,119.0,6,0,0,7.9,68.8,Lima,10.9,1
12.3,162.0,29,1,0,13.8,89.0,Lima,12.3,0
11.6,100.0,20,0,0,11.5,83.1,Lima,11.6,0
11.4,100.0,19,1,0,11.3,81.5,Lima,11.4,0
13.3,135.0,30,0,0,13.7,91.4,Lima,13.3,0
9.2,120.0,13,0,0,10.6,77.9,Lima,9.2,1
11.5,173.0,25,1,0,12.0,84.5,Lima,11.5,0
10.3,173.0,12,0,0,11.3,75.6,Lima,10.3,1
11.2,200.0,30,0,0,13.0,88.3,Lima,11.2,0
12.6,87.0,35,0,0,16.3,96.3,Lima,12.6,0
11.4,87.0,11,1,0,9.3,74.5,Lima,11.4,0
11.9,130.0,19,0,0,12.2,83.0,Lima,11.9,0
9.7,130.0,23,0,0,13.2,87.8,Lima,9.7,1
11.4,164.0,35,0,0,16.5,95.5,Lima,11.4,0
9.8,164.0,14,0,0,10.6,78.3,Lima,9.8,1
12.0,164.0,24,0,0,15.7,95.8,Lima,12.0,0
11.3,168.0,32,0,0,12.5,90.7,Lima,11.3,0
9.7,168.0,10,1,0,11.1,76.3,Lima,9.7,1
10.9,168.0,13,1,0,9.4,74.3,Lima,10.9,1
11.4,98.0,13,1,0,12.1,74.0,Lima,11.4,0
10.5,98.0,9,1,0,12.8,76.3,Lima,10.5,1
10.3,86.0,14,1,0,11.1,76.4,Lima,10.3,1
12.2,86.0,12,1,0,11.1,73.7,Lima,12.2,0
11.5,86.0,34,1,0,13.3,96.5,Lima,11.5,0
11.0,169.0,14,1,0,10.8,77.9,Lima,11.0,0
11.7,169.0,26,1,0,11.9,85.1,Lima,11.7,0
9.9,21.0,21,0,0,11.8,82.1,Lima,9.9,1
11.1,21.0,26,0,0,13.2,83.9,Lima,11.1,0
13.8,21.0,31,1,0,15.1,98.9,Lima,13.8,0
8.5,89.0,12,0,0,8.3,71.9,Lima,8.5,1
11.6,89.0,21,1,0,14.9,91.6,Lima,11.6,0
11.8,44.0,20,1,0,10.0,82.5,Lima,11.8,0
10.5,44.0,12,0,0,8.6,74.6,Lima,10.5,1
11.0,44.0,19,0,0,9.5,79.5,Lima,11.0,0
9.6,82.0,8,1,0,10.2,72.0,Lima,9.6,1
11.2,60.0,13,0,0,11.1,77.7,Lima,11.2,0
10.6,60.0,24,1,0,12.8,88.0,Lima,10.6,1
12.5,60.0,30,1,0,14.0,94.4,Lima,12.5,0
11.5,60.0,34,1,0,15.2,94.0,Lima,11.5,0
10.2,52.0,10,1,0,11.2,75.3,Lima,10.2,1
11.1,52.0,12,1,0,10.2,74.1,Lima,11.1,0
10.5,53.0,25,0,0,11.3,82.7,Lima,10.5,1
12.2,53.0,20,0,0,12.5,78.0,Lima,12.2,0
11.1,53.0,27,1,0,12.7,87.2,Lima,11.1,0
9.8,92.0,31,0,0,12.5,83.0,Lima,9.8,1
10.8,92.0,7,0,0,8.2,66.2,Lima,10.8,1
11.8,54.0,26,1,0,12.8,88.2,Lima,11.8,0
9.2,54.0,18,0,0,9.6,80.7,Lima,9.2,1
9.6,54.0,12,0,0,9.0,71.3,Lima,9.6,1
10.3,54.0,12,0,0,10.0,71.9,Lima,10.3,1
10.8,193.0,30,1,0,12.8,85.7,Lima,10.8,1
10.8,193.0,27,1,0,13.5,89.4,Lima,10.8,1
11.2,193.0,7,1,0,11.5,72.0,Lima,11.2,0
11.6,193.0,28,0,0,11.3,83.0,Lima,11.6,0
12.6,185.0,25,0,0,12.6,85.6,Lima,12.6,0
8.1,185.0,11,1,0,9.0,75.0,Lima,8.1,1
10.7,197.0,13,0,0,9.8,74.7,Lima,10.7,1
10.2,197.0,31,0,0,12.7,88.9,Lima,10.2,1
12.0,197.0,20,1,0,13.2,84.0,Lima,12.0,0
10.7,197.0,23,0,0,9.9,81.4,Lima,10.7,1
13.1,990.0,27,1,0,9.7,83.3,Lima,13.1,0
10.1,169.0,19,0,0,10.9,80.9,Lima,10.1,1
11.3,169.0,25,0,0,16.6,89.0,Lima,11.3,0
10.3,702.0,8,1,0,9.7,71.5,Lima,10.3,1
10.7,702.0,21,1,0,11.4,81.0,Lima,10.7,1
11.4,388.0,17,0,1,9.9,76.2,Lima,11.4,0
10.2,388.0,22,0,1,10.8,79.4,Lima,10.2,1
10.8,388.0,9,1,1,11.1,72.6,Lima,10.8,1
10.0,388.0,14,1,1,8.9,75.2,Lima,10.0,1
10.3,388.0,9,1,1,8.2,71.6,Lima,10.3,1
12.8,2096.0,19,1,1,11.3,81.2,Lima,12.77,0
13.1,2096.0,32,1,1,13.9,91.1,Lima,13.07,0
10.2,2096.0,7,0,1,7.2,62.7,Lima,10.17,1
11.1,2096.0,18,0,1,12.1,78.8,Lima,11.07,0
12.7,2096.0,24,1,1,12.8,85.3,Lima,12.67,0
10.1,2096.0,15,1,1,9.5,73.0,Lima,10.07,1
11.6,2096.0,19,1,1,15.1,87.2,Lima,11.57,0
12.4,3582.0,24,1,1,12.5,84.4,Lima,12.23,0
12.7,3582.0,11,1,1,9.4,73.6,Lima,12.53,0
12.0,3582.0,15,0,1,9.9,77.5,Lima,11.83,0
14.1,3582.0,9,1,1,8.7,69.8,Lima,13.93,0
13.3,3582.0,35,1,1,12.2,85.8,Lima,13.13,0
10.8,3582.0,14,1,1,11.8,78.6,Lima,10.63,1
11.8,3582.0,18,0,1,13.0,79.4,Lima,11.63,0
14.0,3065.0,25,1,1,11.6,84.1,Lima,13.89,0
13.1,2044.0,10,1,1,9.1,72.0,Lima,13.07,0
12.8,2044.0,9,0,1,7.5,68.8,Lima,12.77,0
10.4,2044.0,11,0,1,8.7,71.5,Lima,10.37,1
11.7,2044.0,13,0,1,8.8,71.6,Lima,11.67,0
10.5,116.0,7,0,0,7.8,66.1,Loreto,10.5,1
11.4,116.0,17,0,0,10.5,80.7,Loreto,11.4,0
11.8,116.0,30,0,0,11.2,90.1,Loreto,11.8,0
9.0,105.0,10,0,0,7.2,67.6,Loreto,9.0,1
9.5,105.0,6,0,0,6.3,64.6,Loreto,9.5,1
10.6,105.0,16,1,0,10.5,78.0,Loreto,10.6,1
9.9,105.0,10,1,0,8.9,72.3,Loreto,9.9,1
9.9,107.0,6,1,0,7.2,64.7,Loreto,9.9,1
9.2,107.0,7,0,0,7.5,64.5,Loreto,9.2,1
10.4,107.0,13,0,0,8.9,70.5,Loreto,10.4,1
11.2,107.0,13,0,0,9.6,75.0,Loreto,11.2,0
8.1,100.0,11,1,0,9.0,73.6,Loreto,8.1,1
10.3,100.0,16,1,0,9.0,77.0,Loreto,10.3,1
10.9,100.0,26,0,0,13.3,89.3,Loreto,10.9,1
10.9,100.0,15,1,0,10.6,79.0,Loreto,10.9,1
10.2,121.0,11,1,0,8.2,67.6,Loreto,10.2,1
12.6,121.0,24,1,0,11.4,86.2,Loreto,12.6,0
11.7,121.0,34,0,0,15.4,92.5,Loreto,11.7,0
10.9,114.0,16,1,0,9.3,79.2,Loreto,10.9,1
10.9,106.0,8,1,0,8.6,66.4,Loreto,10.9,1
10.9,106.0,27,0,0,13.0,86.3,Loreto,10.9,1
10.1,108.0,25,1,0,10.4,83.5,Loreto,10.1,1
11.3,108.0,30,1,0,12.7,78.3,Loreto,11.3,0
8.9,108.0,14,0,0,8.4,69.1,Loreto,8.9,1
10.0,108.0,11,0,0,8.2,70.0,Loreto,10.0,1
10.9,100.0,32,0,0,12.6,88.4,Loreto,10.9,1
9.8,100.0,16,1,0,11.2,80.3,Loreto,9.8,1
10.0,127.0,13,0,0,10.4,78.0,Loreto,10.0,1
9.7,127.0,27,1,0,12.9,86.7,Loreto,9.7,1
11.5,127.0,20,1,0,14.8,86.8,Loreto,11.5,0
11.7,308.0,21,1,0,8.1,77.6,Loreto,11.7,0
9.5,308.0,16,0,0,10.1,75.5,Loreto,9.5,1
11.9,137.0,31,0,0,14.9,94.5,Loreto,11.9,0
12.0,137.0,25,0,0,10.6,84.4,Loreto,12.0,0
10.9,137.0,22,1,0,10.2,81.1,Loreto,10.9,1
11.6,137.0,29,0,0,12.0,84.7,Loreto,11.6,0
11.6,137.0,18,1,0,9.6,77.7,Loreto,11.6,0
10.4,137.0,7,1,0,7.9,64.4,Loreto,10.4,1
10.8,137.0,33,0,0,13.8,91.2,Loreto,10.8,1
10.8,137.0,16,1,0,11.4,83.2,Loreto,10.8,1
7.0,137.0,12,1,0,11.5,74.3,Loreto,7.0,1
9.7,151.0,11,1,0,7.5,71.2,Loreto,9.7,1
11.4,151.0,35,1,0,13.9,91.2,Loreto,11.4,0
11.3,151.0,14,1,0,12.1,73.1,Loreto,11.3,0
10.4,151.0,24,1,0,8.8,78.2,Loreto,10.4,1
12.5,151.0,15,1,0,10.0,74.2,Loreto,12.5,0
12.4,151.0,29,0,0,11.1,85.0,Loreto,12.4,0
11.3,133.0,20,0,1,9.5,76.8,Loreto,11.3,0
10.7,133.0,21,0,1,10.6,80.6,Loreto,10.7,1
10.1,133.0,15,1,1,7.8,71.1,Loreto,10.1,1
11.5,133.0,17,1,1,9.1,74.4,Loreto,11.5,0
10.8,133.0,34,1,1,11.7,89.3,Loreto,10.8,1
12.0,133.0,23,1,1,11.2,86.0,Loreto,12.0,0
10.0,133.0,13,1,1,8.7,73.8,Loreto,10.0,1
10.9,133.0,16,1,1,8.5,76.7,Loreto,10.9,1
9.8,103.0,27,0,1,9.8,83.2,Loreto,9.8,1
11.1,103.0,13,1,1,10.4,75.2,Loreto,11.1,0
9.6,103.0,9,1,1,8.2,69.4,Loreto,9.6,1
11.8,116.0,28,0,1,11.8,86.0,Loreto,11.8,0
9.4,116.0,13,1,1,9.6,74.3,Loreto,9.4,1
10.4,116.0,6,1,1,7.3,66.0,Loreto,10.4,1
10.4,116.0,29,1,1,10.9,80.3,Loreto,10.4,1
10.3,116.0,35,1,1,13.3,88.6,Loreto,10.3,1
11.4,104.0,21,0,1,9.0,76.2,Loreto,11.4,0
11.0,104.0,34,0,1,10.4,85.7,Loreto,11.0,0
9.7,142.0,22,0,1,8.1,77.4,Loreto,9.7,1
10.7,142.0,18,1,1,10.9,80.2,Loreto,10.7,1
11.2,142.0,33,1,1,13.6,87.0,Loreto,11.2,0
9.2,142.0,10,1,1,8.8,71.6,Loreto,9.2,1
9.8,142.0,22,0,1,12.5,82.3,Loreto,9.8,1
10.3,142.0,16,0,1,9.8,75.5,Loreto,10.3,1
11.5,204.0,35,0,0,12.7,92.2,Madre de Dios,11.5,0
10.0,204.0,7,1,0,8.1,67.0,Madre de Dios,10.0,1
10.3,248.0,30,0,0,11.6,85.6,Madre de Dios,10.3,1
10.3,248.0,17,1,0,11.3,81.2,Madre de Dios,10.3,1
11.2,248.0,17,1,0,11.0,82.4,Madre de Dios,11.2,0
10.8,248.0,7,0,0,6.9,66.7,Madre de Dios,10.8,1
11.1,248.0,7,1,0,8.9,69.6,Madre de Dios,11.1,0
11.5,208.0,25,0,0,10.3,80.5,Madre de Dios,11.5,0
12.6,208.0,14,0,0,8.7,74.3,Madre de Dios,12.6,0
10.7,208.0,8,0,0,7.0,68.8,Madre de Dios,10.7,1
9.7,207.0,14,0,0,9.8,74.1,Madre de Dios,9.7,1
11.7,207.0,10,1,0,9.2,68.8,Madre de Dios,11.7,0
10.1,207.0,9,1,0,11.6,75.6,Madre de Dios,10.1,1
10.3,207.0,13,0,0,7.3,70.6,Madre de Dios,10.3,1
11.2,207.0,27,0,0,10.1,83.1,Madre de Dios,11.2,0
10.5,203.0,27,0,0,12.0,87.4,Madre de Dios,10.5,1
13.2,211.0,10,0,0,8.8,71.6,Madre de Dios,13.2,0
10.5,211.0,18,1,0,9.5,81.3,Madre de Dios,10.5,1
12.1,211.0,25,1,0,14.9,91.0,Madre de Dios,12.1,0
11.0,211.0,25,1,0,9.9,81.8,Madre de Dios,11.0,0
11.0,211.0,14,0,0,8.9,74.8,Madre de Dios,11.0,0
10.7,211.0,22,1,0,12.4,89.3,Madre de Dios,10.7,1
12.2,210.0,35,0,0,11.8,90.7,Madre de Dios,12.2,0
10.8,210.0,15,1,0,9.3,76.3,Madre de Dios,10.8,1
11.9,210.0,20,0,0,10.0,81.3,Madre de Dios,11.9,0
11.3,210.0,8,1,0,8.9,70.5,Madre de Dios,11.3,0
10.6,210.0,7,0,0,7.7,65.5,Madre de Dios,10.6,1
10.9,210.0,15,1,0,12.2,82.2,Madre de Dios,10.9,1
10.9,183.0,30,1,0,12.9,88.1,Madre de Dios,10.9,1
10.7,183.0,13,1,0,10.6,78.3,Madre de Dios,10.7,1
9.5,183.0,7,0,0,8.1,65.7,Madre de Dios,9.5,1
11.6,183.0,6,1,0,6.7,66.2,Madre de Dios,11.6,0
11.1,224.0,34,1,0,12.4,91.1,Madre de Dios,11.1,0
10.0,224.0,24,0,0,12.5,86.9,Madre de Dios,10.0,1
9.5,224.0,18,1,0,10.1,79.4,Madre de Dios,9.5,1
11.5,224.0,21,1,0,11.9,84.8,Madre de Dios,11.5,0
10.8,202.0,10,0,0,9.4,70.6,Madre de Dios,10.8,1
7.7,237.0,14,1,0,9.0,76.2,Madre de Dios,7.7,1
10.6,237.0,28,0,0,11.5,83.1,Madre de Dios,10.6,1
9.5,237.0,11,0,0,9.4,75.6,Madre de Dios,9.5,1
9.5,237.0,10,0,0,9.0,73.2,Madre de Dios,9.5,1
9.8,237.0,15,1,0,11.1,80.2,Madre de Dios,9.8,1
10.6,437.0,31,0,0,11.8,85.2,Madre de Dios,10.6,1
11.5,437.0,18,1,0,11.1,81.4,Madre de Dios,11.5,0
10.9,179.0,23,1,0,14.3,90.2,Madre de Dios,10.9,1
10.7,179.0,28,0,0,13.3,94.1,Madre de Dios,10.7,1
10.2,179.0,22,1,0,11.7,84.6,Madre de Dios,10.2,1
12.1,179.0,33,0,0,12.3,87.9,Madre de Dios,12.1,0
9.1,179.0,9,0,0,8.0,71.5,Madre de Dios,9.1,1
12.0,440.0,27,0,1,13.5,89.3,Madre de Dios,12.0,0
10.9,440.0,19,1,1,13.7,86.3,Madre de Dios,10.9,1
7.4,212.0,9,1,1,9.5,69.8,Madre de Dios,7.4,1
10.8,212.0,8,1,1,8.9,70.7,Madre de Dios,10.8,1
10.1,212.0,35,0,1,18.8,96.0,Madre de Dios,10.1,1
10.7,258.0,20,1,1,10.8,78.8,Madre de Dios,10.7,1
9.7,258.0,33,1,1,11.7,87.1,Madre de Dios,9.7,1
10.0,264.0,9,1,1,9.2,68.2,Madre de Dios,10.0,1
11.6,264.0,15,1,1,10.8,79.6,Madre de Dios,11.6,0
12.0,264.0,11,0,1,9.5,73.0,Madre de Dios,12.0,0
11.1,264.0,7,1,1,7.9,67.0,Madre de Dios,11.1,0
11.3,264.0,25,1,1,11.3,86.1,Madre de Dios,11.3,0
11.7,1572.0,33,0,0,12.4,87.3,Moquegua,11.7,0
12.9,1572.0,26,1,0,13.1,88.9,Moquegua,12.9,0
12.2,1572.0,31,1,0,17.8,94.4,Moquegua,12.2,0
11.1,1572.0,33,1,0,15.6,96.1,Moquegua,11.1,0
10.8,1453.0,32,1,0,12.6,90.2,Moquegua,10.8,1
10.7,1450.0,6,1,0,9.0,66.7,Moquegua,10.7,1
12.5,1450.0,17,0,0,10.3,77.1,Moquegua,12.5,0
13.0,1450.0,32,0,0,13.3,89.2,Moquegua,13.0,0
12.6,1477.0,28,0,0,11.2,84.8,Moquegua,12.6,0
11.6,1477.0,21,0,0,12.0,82.6,Moquegua,11.6,0
12.9,1477.0,28,1,0,13.2,93.6,Moquegua,12.9,0
12.8,1516.0,25,0,0,11.9,86.7,Moquegua,12.8,0
12.8,1516.0,29,1,0,18.8,96.0,Moquegua,12.8,0
11.8,1516.0,20,1,0,10.6,80.2,Moquegua,11.8,0
12.9,1490.0,16,0,0,10.8,80.2,Moquegua,12.9,0
12.2,1490.0,20,1,0,12.2,84.9,Moquegua,12.2,0
11.5,1580.0,25,0,0,11.6,83.1,Moquegua,11.5,0
12.2,1580.0,12,0,0,7.8,70.5,Moquegua,12.2,0
12.8,1580.0,15,1,0,10.2,74.0,Moquegua,12.8,0
13.9,1580.0,23,1,0,12.1,85.8,Moquegua,13.9,0
12.1,1364.0,8,1,0,9.1,68.9,Moquegua,12.1,0
12.2,1364.0,28,0,0,13.8,86.8,Moquegua,12.2,0
10.1,1364.0,10,0,0,8.7,70.7,Moquegua,10.1,1
11.0,1567.0,6,1,0,7.3,65.0,Moquegua,11.0,0
10.7,1567.0,6,1,0,8.2,64.7,Moquegua,10.7,1
11.3,153.0,19,0,0,12.1,82.6,Moquegua,11.3,0
12.2,153.0,31,1,0,14.5,90.7,Moquegua,12.2,0
10.8,206.0,11,0,0,9.2,71.4,Moquegua,10.8,1
10.2,206.0,12,0,0,10.4,76.8,Moquegua,10.2,1
11.1,206.0,7,1,0,9.6,71.8,Moquegua,11.1,0
11.5,206.0,9,0,0,10.4,74.8,Moquegua,11.5,0
12.3,199.0,31,0,0,13.6,90.8,Moquegua,12.3,0
10.1,204.0,13,1,0,8.8,78.5,Moquegua,10.1,1
14.0,204.0,21,0,0,18.9,87.4,Moquegua,14.0,0
12.0,204.0,30,1,0,13.3,96.2,Moquegua,12.0,0
11.9,204.0,6,0,0,8.6,70.2,Moquegua,11.9,0
11.5,204.0,26,1,0,11.6,88.6,Moquegua,11.5,0
10.4,187.0,34,1,0,15.9,97.3,Moquegua,10.4,1
11.8,187.0,33,0,0,14.7,93.1,Moquegua,11.8,0
9.1,187.0,11,0,0,10.2,72.7,Moquegua,9.1,1
10.4,224.0,30,1,0,14.4,92.4,Moquegua,10.4,1
12.3,224.0,31,1,0,16.5,93.9,Moquegua,12.3,0
10.3,224.0,14,1,0,10.4,79.4,Moquegua,10.3,1
10.3,222.0,10,0,0,8.2,68.4,Moquegua,10.3,1
11.1,222.0,27,1,0,12.4,84.8,Moquegua,11.1,0
10.5,222.0,19,0,0,14.1,86.2,Moquegua,10.5,1
15.5,3628.0,20,1,1,11.4,78.8,Moquegua,15.33,0
13.7,3470.0,25,1,1,13.0,85.4,Moquegua,13.55,0
13.3,3470.0,6,1,1,6.7,64.2,Moquegua,13.15,0
15.2,4402.0,27,0,0,9.9,81.5,Pasco,14.91,0
12.7,4385.0,14,0,0,8.8,69.7,Pasco,12.42,0
15.5,4427.0,17,1,0,10.6,76.5,Pasco,15.21,0
14.5,4427.0,13,1,0,10.7,74.7,Pasco,14.21,0
17.0,4427.0,25,0,0,13.1,86.7,Pasco,16.71,0
13.9,4427.0,30,1,0,11.8,84.3,Pasco,13.61,0
14.8,4427.0,25,0,0,12.1,83.0,Pasco,14.51,0
15.9,4405.0,14,0,0,11.5,74.4,Pasco,15.61,0
14.8,4211.0,24,0,0,12.4,86.4,Pasco,14.54,0
13.9,4211.0,24,0,0,10.7,82.6,Pasco,13.64,0
12.4,4211.0,23,0,0,10.6,78.7,Pasco,12.14,0
12.8,2962.0,14,1,0,13.1,80.2,Pasco,12.7,0
12.3,2962.0,19,0,0,9.5,79.2,Pasco,12.2,0
12.8,2962.0,34,0,0,11.4,87.3,Pasco,12.7,0
12.7,2962.0,25,0,0,11.4,82.6,Pasco,12.6,0
10.8,2962.0,11,1,0,8.0,71.2,Pasco,10.7,1
12.6,4324.0,14,1,0,10.7,76.8,Pasco,12.33,0
14.7,4324.0,25,1,0,13.2,88.7,Pasco,14.43,0
14.3,4324.0,24,1,0,12.3,89.4,Pasco,14.03,0
13.4,3059.0,20,0,0,10.7,78.6,Pasco,13.29,0
11.3,3059.0,9,0,0,10.2,69.4,Pasco,11.19,0
14.5,4140.0,27,1,0,11.5,85.0,Pasco,14.26,0
13.8,4140.0,35,1,0,15.5,92.9,Pasco,13.56,0
15.7,4140.0,32,0,0,12.3,84.4,Pasco,15.46,0
14.3,4140.0,29,1,0,11.8,87.9,Pasco,14.06,0
14.2,3398.0,20,0,0,12.6,78.7,Pasco,14.05,0
13.1,2937.0,21,0,0,10.5,79.8,Pasco,13.0,0
13.7,2937.0,30,0,0,11.9,90.2,Pasco,13.6,0
11.9,274.0,6,1,0,9.5,68.0,Pasco,11.9,0
11.6,274.0,22,1,0,11.8,82.0,Pasco,11.6,0
11.8,274.0,27,0,0,11.4,83.8,Pasco,11.8,0
11.4,274.0,10,0,0,10.0,75.5,Pasco,11.4,0
10.7,274.0,10,0,0,8.2,72.5,Pasco,10.7,1
11.5,274.0,22,1,0,9.6,77.0,Pasco,11.5,0
11.0,243.0,26,1,0,11.0,81.8,Pasco,11.0,0
10.5,243.0,34,1,0,12.7,92.0,Pasco,10.5,1
11.4,243.0,12,0,0,9.0,71.4,Pasco,11.4,0
12.1,243.0,16,0,0,7.5,70.9,Pasco,12.1,0
10.8,243.0,30,1,0,12.4,90.5,Pasco,10.8,1
11.8,3764.0,13,0,1,10.0,75.1,Pasco,11.61,0
12.2,3764.0,26,0,1,13.1,82.8,Pasco,12.01,0
13.0,3764.0,13,1,1,8.2,68.3,Pasco,12.81,0
11.0,3220.0,9,1,1,7.8,67.8,Pasco,10.87,1
11.5,3220.0,14,1,1,10.5,77.0,Pasco,11.37,0
10.6,3220.0,12,0,1,9.3,70.5,Pasco,10.47,1
13.1,3220.0,8,0,1,6.2,62.5,Pasco,12.97,0
13.3,1895.0,24,0,1,10.4,82.3,Pasco,13.28,0
14.7,1895.0,30,0,1,14.3,92.9,Pasco,14.68,0
12.7,1895.0,21,1,1,13.0,86.3,Pasco,12.68,0
13.7,1895.0,20,0,1,12.6,80.2,Pasco,13.68,0
10.1,1895.0,13,0,1,9.3,72.3,Pasco,10.08,1
12.8,1018.0,24,1,1,11.9,83.3,Pasco,12.81,0
12.7,1018.0,27,0,1,13.2,87.9,Pasco,12.71,0
11.9,1018.0,31,1,1,13.8,87.5,Pasco,11.91,0
11.7,1018.0,35,0,1,15.4,89.9,Pasco,11.71,0
12.0,1018.0,11,0,1,9.3,73.2,Pasco,12.01,0
12.0,1018.0,11,0,1,9.0,71.3,Pasco,12.01,0
9.8,240.0,15,0,1,9.3,74.5,Pasco,9.8,1
10.9,240.0,13,1,1,10.2,74.8,Pasco,10.9,1
10.7,240.0,22,1,1,9.7,81.4,Pasco,10.7,1
9.5,240.0,9,0,1,7.9,66.9,Pasco,9.5,1
10.2,55.0,35,0,0,12.2,88.4,Piura,10.2,1
11.7,55.0,30,1,0,14.6,90.1,Piura,11.7,0
9.9,44.0,6,1,0,11.2,69.2,Piura,9.9,1
11.0,44.0,26,1,0,20.3,93.1,Piura,11.0,0
10.6,44.0,14,1,0,10.1,77.5,Piura,10.6,1
10.3,54.0,24,0,0,11.6,85.9,Piura,10.3,1
12.1,54.0,26,1,0,11.9,84.1,Piura,12.1,0
11.5,54.0,26,1,0,12.7,84.4,Piura,11.5,0
10.3,54.0,10,0,0,7.5,68.0,Piura,10.3,1
12.0,61.0,20,1,0,10.9,81.3,Piura,12.0,0
11.1,61.0,15,0,0,8.9,80.8,Piura,11.1,0
12.2,61.0,25,1,0,11.0,82.7,Piura,12.2,0
9.8,50.0,9,1,0,9.1,74.4,Piura,9.8,1
11.6,109.0,22,1,0,12.0,87.4,Piura,11.6,0
12.7,109.0,34,1,0,14.6,94.2,Piura,12.7,0
11.9,76.0,26,1,0,13.6,91.8,Piura,11.9,0
9.8,76.0,9,0,0,8.1,68.1,Piura,9.8,1
10.7,76.0,14,0,0,11.0,80.0,Piura,10.7,1
11.8,66.0,33,1,0,10.2,87.2,Piura,11.8,0
10.6,66.0,10,1,0,7.2,69.1,Piura,10.6,1
11.8,66.0,21,0,0,11.8,85.7,Piura,11.8,0
11.5,66.0,31,0,0,11.6,86.6,Piura,11.5,0
10.3,66.0,20,1,0,11.4,80.4,Piura,10.3,1
11.8,66.0,21,0,0,10.3,82.8,Piura,11.8,0
9.1,66.0,13,1,0,11.3,73.3,Piura,9.1,1
12.0,66.0,12,1,0,8.9,74.4,Piura,12.0,0
11.7,66.0,21,1,0,12.3,86.2,Piura,11.7,0
11.1,66.0,16,1,0,8.4,70.6,Piura,11.1,0
10.3,66.0,35,1,0,20.4,99.2,Piura,10.3,1
10.5,67.0,18,0,0,9.0,76.2,Piura,10.5,1
11.3,67.0,11,0,0,8.8,71.0,Piura,11.3,0
12.5,29.0,27,0,0,14.1,89.5,Piura,12.5,0
10.9,29.0,25,0,0,12.1,81.2,Piura,10.9,1
10.8,29.0,24,0,0,11.5,79.1,Piura,10.8,1
10.5,21.0,23,1,0,11.3,81.5,Piura,10.5,1
12.3,21.0,11,0,0,8.5,69.8,Piura,12.3,0
9.2,21.0,8,1,0,8.1,67.4,Piura,9.2,1
10.9,21.0,16,0,0,10.3,78.7,Piura,10.9,1
7.6,21.0,9,0,0,7.7,65.9,Piura,7.6,1
11.7,21.0,25,1,0,12.5,85.4,Piura,11.7,0
11.0,21.0,7,0,0,6.9,64.4,Piura,11.0,0
10.7,21.0,26,0,0,10.7,80.8,Piura,10.7,1
11.6,21.0,26,0,0,10.5,80.9,Piura,11.6,0
10.3,15.0,13,1,0,10.2,74.8,Piura,10.3,1
9.2,15.0,18,1,0,11.0,77.8,Piura,9.2,1
11.4,32.0,7,0,0,7.7,64.8,Piura,11.4,0
11.4,32.0,21,1,0,12.3,84.8,Piura,11.4,0
12.0,25.0,15,1,0,11.1,77.3,Piura,12.0,0
6.2,25.0,8,0,0,9.8,68.6,Piura,6.2,1
12.2,25.0,29,0,0,12.3,88.3,Piura,12.2,0
10.2,25.0,33,0,0,10.0,85.4,Piura,10.2,1
11.0,65.0,31,1,1,14.6,96.0,Piura,11.0,0
11.7,65.0,31,1,1,15.1,95.2,Piura,11.7,0
12.5,65.0,16,0,1,8.7,73.8,Piura,12.5,0
12.0,65.0,13,0,1,11.7,75.5,Piura,12.0,0
10.9,2035.0,17,0,1,8.1,73.3,Piura,10.87,1
11.9,2035.0,25,1,1,11.1,82.5,Piura,11.87,0
11.6,2035.0,21,0,1,10.4,79.7,Piura,11.57,0
12.2,2035.0,7,1,1,7.6,66.1,Piura,12.17,0
11.8,2035.0,14,0,1,9.0,74.3,Piura,11.77,0
12.1,2035.0,18,1,1,9.3,76.7,Piura,12.07,0
12.9,1594.0,30,0,1,11.5,85.5,Piura,12.9,0
12.0,1594.0,7,1,1,6.5,65.4,Piura,12.0,0
11.3,1594.0,7,1,1,8.6,67.7,Piura,11.3,0
12.8,1594.0,20,0,1,10.3,78.1,Piura,12.8,0
11.4,1594.0,23,0,1,10.0,76.9,Piura,11.4,0
11.6,1594.0,30,0,1,10.4,81.4,Piura,11.6,0
12.3,1594.0,28,1,1,11.7,84.6,Piura,12.3,0
10.7,1540.0,28,1,1,15.8,92.0,Piura,10.7,1
11.9,1540.0,12,0,1,11.2,77.3,Piura,11.9,0
9.9,1540.0,8,0,1,8.5,69.4,Piura,9.9,1
12.0,1540.0,22,0,1,11.9,82.9,Piura,12.0,0
14.3,3972.0,16,1,0,10.5,78.5,Puno,14.08,0
13.2,3972.0,19,0,0,12.5,80.2,Puno,12.98,0
13.9,3972.0,9,0,0,7.2,68.1,Puno,13.68,0
15.0,3972.0,16,1,0,11.8,78.8,Puno,14.78,0
13.1,3972.0,30,0,0,13.0,86.6,Puno,12.88,0
10.8,3967.0,9,0,0,8.4,70.0,Puno,10.58,1
12.0,3967.0,21,1,0,12.1,82.9,Puno,11.78,0
12.5,3790.0,16,1,0,11.0,77.2,Puno,12.31,0
12.2,3790.0,13,1,0,8.9,73.4,Puno,12.01,0
14.4,3790.0,29,0,0,12.3,87.3,Puno,14.21,0
15.9,3790.0,29,0,0,11.2,84.2,Puno,15.71,0
14.0,3870.0,12,1,0,10.6,71.9,Puno,13.79,0
13.3,3870.0,22,1,0,12.6,83.3,Puno,13.09,0
13.0,3870.0,10,1,0,9.0,71.4,Puno,12.79,0
13.3,3845.0,20,1,0,10.8,83.7,Puno,13.1,0
13.9,3845.0,21,1,0,11.1,81.6,Puno,13.7,0
13.4,3840.0,28,1,0,12.5,86.8,Puno,13.2,0
10.6,3840.0,12,1,0,11.6,75.5,Puno,10.4,1
12.9,3843.0,28,1,0,12.0,87.7,Puno,12.7,0
15.4,3843.0,10,1,0,8.8,70.2,Puno,15.2,0
12.9,3843.0,10,0,0,10.2,71.9,Puno,12.7,0
12.2,3843.0,12,0,0,7.7,70.2,Puno,12.0,0
11.9,3843.0,19,1,0,10.5,79.7,Puno,11.7,0
14.6,3872.0,6,0,0,8.6,64.9,Puno,14.39,0
13.7,3872.0,32,1,0,13.5,93.0,Puno,13.49,0
13.6,3872.0,32,0,0,13.3,95.4,Puno,13.39,0
10.6,3859.0,34,1,1,12.0,86.7,Puno,10.4,1
13.7,3859.0,17,0,1,9.5,79.1,Puno,13.5,0
14.0,3859.0,32,0,1,12.4,85.1,Puno,13.8,0
13.1,1425.0,32,0,1,12.6,90.4,Puno,13.1,0
12.5,1425.0,34,0,1,14.9,97.5,Puno,12.5,0
11.7,1425.0,24,1,1,10.7,84.6,Puno,11.7,0
11.6,1425.0,26,1,1,13.2,87.9,Puno,11.6,0
11.4,1425.0,21,0,1,11.1,80.2,Puno,11.4,0
14.0,3866.0,21,1,1,10.6,83.6,Puno,13.79,0
13.2,3908.0,18,0,1,10.3,78.3,Puno,12.99,0
17.1,3908.0,30,0,1,13.5,88.4,Puno,16.89,0
8.8,3908.0,11,1,1,8.8,73.4,Puno,8.59,1
15.3,3964.0,30,0,1,10.5,84.6,Puno,15.08,0
13.6,3964.0,27,1,1,13.8,87.5,Puno,13.38,0
14.1,3964.0,32,1,1,16.9,91.1,Puno,13.88,0
11.2,3964.0,21,1,1,9.6,78.1,Puno,10.98,1
11.4,3810.0,6,1,1,7.1,64.0,Puno,11.2,0
14.3,3810.0,33,1,1,14.6,91.2,Puno,14.1,0
11.7,3810.0,29,1,1,12.5,87.5,Puno,11.5,0
12.6,3810.0,17,1,1,9.6,75.6,Puno,12.4,0
13.6,3810.0,6,0,1,7.3,64.7,Puno,13.4,0
14.5,3838.0,29,1,1,14.8,91.0,Puno,14.3,0
12.4,3838.0,28,0,1,13.7,88.5,Puno,12.2,0
14.4,3838.0,13,0,1,9.4,70.4,Puno,14.2,0
13.4,3838.0,31,0,1,12.3,88.3,Puno,13.2,0
13.9,3908.0,22,1,1,12.4,85.7,Puno,13.69,0
12.2,3908.0,6,0,1,9.4,67.5,Puno,11.99,0
14.3,3908.0,33,0,1,13.3,90.1,Puno,14.09,0
15.0,3908.0,18,0,1,11.2,79.0,Puno,14.79,0
14.1,3915.0,15,1,1,10.4,77.8,Puno,13.89,0
14.4,3915.0,35,1,1,12.3,90.3,Puno,14.19,0
15.2,3915.0,27,1,1,14.1,91.2,Puno,14.99,0
14.7,3915.0,32,0,1,12.6,88.3,Puno,14.49,0
15.7,3915.0,30,1,1,14.2,93.8,Puno,15.49,0
14.3,3842.0,30,0,1,11.2,90.0,Puno,14.1,0
13.5,3842.0,20,0,1,10.3,79.5,Puno,13.3,0
14.1,3842.0,6,0,1,8.3,67.0,Puno,13.9,0
12.4,3842.0,34,1,1,13.9,90.1,Puno,12.2,0
14.3,3842.0,35,1,1,13.6,88.7,Puno,14.1,0
11.3,364.0,10,0,0,8.3,70.3,San Martin,11.3,0
11.7,364.0,9,1,0,10.9,74.9,San Martin,11.7,0
13.5,364.0,30,0,0,12.1,90.1,San Martin,13.5,0
10.7,315.0,19,1,0,10.8,84.4,San Martin,10.7,1
10.6,315.0,16,0,0,9.7,75.4,San Martin,10.6,1
10.6,315.0,26,0,0,11.3,87.1,San Martin,10.6,1
11.8,294.0,16,1,0,9.3,78.1,San Martin,11.8,0
10.6,294.0,13,0,0,8.7,73.1,San Martin,10.6,1
11.2,294.0,29,1,0,11.5,84.2,San Martin,11.2,0
13.2,824.0,28,1,0,11.8,83.8,San Martin,13.2,0
11.9,824.0,26,1,0,15.5,92.4,San Martin,11.9,0
10.9,824.0,27,0,0,12.2,84.8,San Martin,10.9,1
11.0,834.0,24,0,0,15.4,86.6,San Martin,11.0,0
11.5,834.0,8,1,0,6.6,65.4,San Martin,11.5,0
13.7,840.0,26,1,0,13.6,91.3,San Martin,13.7,0
11.3,840.0,21,0,0,9.3,75.3,San Martin,11.3,0
11.6,849.0,30,1,0,14.5,92.2,San Martin,11.6,0
12.6,849.0,34,0,0,15.3,94.1,San Martin,12.6,0
12.8,849.0,9,0,0,10.8,76.0,San Martin,12.8,0
12.0,317.0,9,1,0,8.3,70.4,San Martin,12.0,0
10.8,510.0,6,1,0,5.4,59.7,San Martin,10.8,1
12.3,510.0,27,0,0,10.8,85.7,San Martin,12.3,0
11.5,510.0,31,0,0,11.8,89.7,San Martin,11.5,0
13.0,510.0,28,1,0,15.1,94.3,San Martin,13.0,0
12.1,241.0,30,1,0,13.7,89.3,San Martin,12.1,0
11.4,241.0,17,0,0,12.2,81.0,San Martin,11.4,0
10.5,241.0,14,1,0,9.5,74.3,San Martin,10.5,1
11.7,844.0,14,0,0,8.2,72.4,San Martin,11.7,0
11.7,844.0,30,0,0,10.8,83.1,San Martin,11.7,0
12.2,844.0,17,1,0,9.7,79.2,San Martin,12.2,0
9.4,844.0,28,1,0,16.3,93.6,San Martin,9.4,1
12.2,844.0,30,0,0,13.3,89.5,San Martin,12.2,0
12.4,844.0,9,1,0,8.1,68.7,San Martin,12.4,0
11.2,303.0,35,1,0,15.4,93.3,San Martin,11.2,0
8.7,303.0,14,0,0,9.8,73.5,San Martin,8.7,1
9.0,245.0,15,0,0,8.9,73.9,San Martin,9.0,1
12.0,245.0,15,0,0,10.3,74.2,San Martin,12.0,0
9.2,245.0,19,0,0,11.6,80.6,San Martin,9.2,1
11.2,855.0,6,1,1,9.2,67.5,San Martin,11.2,0
11.3,855.0,19,0,1,10.8,78.4,San Martin,11.3,0
12.1,855.0,7,0,1,8.0,67.7,San Martin,12.1,0
11.3,855.0,25,0,1,11.4,83.6,San Martin,11.3,0
12.3,855.0,19,1,1,11.5,81.9,San Martin,12.3,0
12.7,855.0,14,0,1,9.3,74.9,San Martin,12.7,0
12.0,1124.0,17,1,1,9.8,79.7,San Martin,12.01,0
10.8,1124.0,11,0,1,8.2,72.1,San Martin,10.81,1
11.3,1124.0,11,1,1,9.5,75.5,San Martin,11.31,0
11.6,1124.0,28,0,1,14.1,88.6,San Martin,11.61,0
11.3,1124.0,7,0,1,7.4,65.0,San Martin,11.31,0
12.9,1124.0,21,1,1,10.9,82.5,San Martin,12.91,0
8.7,327.0,10,1,1,9.9,74.1,San Martin,8.7,1
11.2,327.0,8,0,1,7.3,67.4,San Martin,11.2,0
10.1,327.0,17,1,1,9.2,77.1,San Martin,10.1,1
11.4,327.0,22,1,1,12.1,82.5,San Martin,11.4,0
11.3,327.0,6,1,1,6.6,65.7,San Martin,11.3,0
10.8,1109.0,28,0,1,10.4,84.6,San Martin,10.81,1
11.6,1109.0,20,0,1,10.0,78.3,San Martin,11.61,0
8.8,1109.0,12,1,1,11.9,77.4,San Martin,8.81,1
11.6,1109.0,20,0,1,10.9,81.0,San Martin,11.61,0
10.7,1109.0,32,0,1,11.8,89.7,San Martin,10.71,1
12.3,1109.0,29,0,1,11.4,86.7,San Martin,12.31,0
11.8,660.0,20,1,1,11.4,82.9,San Martin,11.8,0
10.7,269.0,21,1,1,13.9,88.4,San Martin,10.7,1
13.5,269.0,33,0,1,14.7,93.4,San Martin,13.5,0
9.2,269.0,6,0,1,7.2,65.8,San Martin,9.2,1
10.8,269.0,30,1,1,13.4,90.0,San Martin,10.8,1
10.6,689.0,8,1,0,10.3,71.9,Tacna,10.6,1
10.5,689.0,25,1,0,13.7,88.1,Tacna,10.5,1
9.7,689.0,13,0,0,10.4,78.7,Tacna,9.7,1
11.9,722.0,23,0,0,14.5,88.1,Tacna,11.9,0
10.8,722.0,14,1,0,9.7,76.2,Tacna,10.8,1
10.3,722.0,18,0,0,10.9,82.2,Tacna,10.3,1
11.4,722.0,20,0,0,11.8,83.5,Tacna,11.4,0
11.7,645.0,26,0,0,16.6,90.7,Tacna,11.7,0
11.2,645.0,18,1,0,11.9,82.7,Tacna,11.2,0
12.8,645.0,23,1,0,12.9,84.7,Tacna,12.8,0
13.4,721.0,27,0,0,14.8,93.0,Tacna,13.4,0
12.1,721.0,16,1,0,14.1,81.6,Tacna,12.1,0
11.4,721.0,19,1,0,14.4,83.4,Tacna,11.4,0
12.4,611.0,29,0,0,14.9,90.9,Tacna,12.4,0
11.1,611.0,9,1,0,9.2,72.8,Tacna,11.1,0
9.7,620.0,35,1,0,17.2,99.1,Tacna,9.7,1
12.4,620.0,31,0,0,17.2,96.2,Tacna,12.4,0
10.8,620.0,27,1,0,14.2,90.4,Tacna,10.8,1
10.9,591.0,29,0,0,12.8,85.4,Tacna,10.9,1
12.5,585.0,16,1,0,12.2,82.1,Tacna,12.5,0
10.8,585.0,31,0,0,14.5,92.9,Tacna,10.8,1
13.3,503.0,23,1,0,13.2,85.7,Tacna,13.3,0
12.5,503.0,22,0,0,13.0,85.8,Tacna,12.5,0
10.8,548.0,30,1,0,16.6,93.8,Tacna,10.8,1
12.8,548.0,8,1,0,8.6,72.3,Tacna,12.8,0
11.9,548.0,31,1,0,16.6,93.1,Tacna,11.9,0
8.0,515.0,21,1,0,13.3,83.5,Tacna,8.0,1
10.7,482.0,7,1,0,10.4,72.8,Tacna,10.7,1
11.3,482.0,17,0,0,10.0,80.0,Tacna,11.3,0
11.1,479.0,8,1,0,9.1,68.7,Tacna,11.1,0
12.5,479.0,22,0,0,10.8,83.4,Tacna,12.5,0
12.8,479.0,7,0,0,8.3,63.4,Tacna,12.8,0
10.1,515.0,11,0,0,10.7,73.0,Tacna,10.1,1
11.2,515.0,26,0,0,12.3,84.9,Tacna,11.2,0
12.0,424.0,17,0,0,11.2,78.4,Tacna,12.0,0
11.5,424.0,16,1,0,12.0,78.3,Tacna,11.5,0
10.7,424.0,9,1,0,9.0,71.7,Tacna,10.7,1
13.5,415.0,34,0,0,12.8,88.4,Tacna,13.5,0
10.3,415.0,16,0,0,11.6,78.0,Tacna,10.3,1
11.7,422.0,28,0,0,13.1,84.4,Tacna,11.7,0
10.5,422.0,31,0,0,14.1,89.8,Tacna,10.5,1
11.1,422.0,25,0,0,13.6,89.9,Tacna,11.1,0
11.0,422.0,8,0,0,8.3,69.1,Tacna,11.0,0
10.2,422.0,17,1,0,13.0,81.8,Tacna,10.2,1
11.5,3035.0,7,0,0,9.2,65.0,Tacna,11.39,0
11.5,3035.0,23,1,0,11.2,81.4,Tacna,11.39,0
14.0,364.0,28,0,1,10.0,82.9,Tacna,14.0,0
11.5,364.0,18,0,1,11.2,79.3,Tacna,11.5,0
12.2,84.0,33,0,1,15.8,92.1,Tacna,12.2,0
10.3,84.0,14,0,1,13.9,81.0,Tacna,10.3,1
11.9,84.0,22,0,1,12.2,84.2,Tacna,11.9,0
10.6,84.0,19,1,1,12.3,81.6,Tacna,10.6,1
9.9,84.0,32,1,1,15.5,89.1,Tacna,9.9,1
9.7,10.0,8,1,0,9.3,66.5,Tumbes,9.7,1
10.7,10.0,24,1,0,11.8,83.7,Tumbes,10.7,1
9.9,10.0,14,0,0,8.2,70.0,Tumbes,9.9,1
11.0,10.0,14,1,0,8.6,73.9,Tumbes,11.0,0
10.8,10.0,10,0,0,7.6,66.9,Tumbes,10.8,1
11.6,10.0,17,0,0,8.9,76.0,Tumbes,11.6,0
10.3,28.0,9,0,0,6.4,66.1,Tumbes,10.3,1
10.4,28.0,9,1,0,8.0,69.0,Tumbes,10.4,1
10.5,28.0,6,1,0,9.5,71.0,Tumbes,10.5,1
9.9,10.0,30,1,0,13.0,93.8,Tumbes,9.9,1
10.0,43.0,33,0,0,13.9,89.8,Tumbes,10.0,1
12.0,43.0,32,0,0,13.5,87.5,Tumbes,12.0,0
10.6,11.0,26,1,0,11.4,84.1,Tumbes,10.6,1
10.6,11.0,16,0,0,10.5,76.8,Tumbes,10.6,1
8.2,31.0,16,0,0,7.4,76.3,Tumbes,8.2,1
11.8,31.0,20,0,0,11.8,83.0,Tumbes,11.8,0
11.1,31.0,31,1,0,13.5,93.4,Tumbes,11.1,0
12.3,31.0,34,1,0,13.9,92.5,Tumbes,12.3,0
11.8,30.0,35,0,0,11.9,88.2,Tumbes,11.8,0
10.9,15.0,31,1,0,15.9,95.8,Tumbes,10.9,1
11.2,15.0,30,0,0,9.9,82.5,Tumbes,11.2,0
11.4,15.0,34,1,0,11.6,89.6,Tumbes,11.4,0
9.0,37.0,10,1,0,11.9,76.1,Tumbes,9.0,1
10.9,37.0,20,0,0,10.6,81.2,Tumbes,10.9,1
11.3,37.0,33,1,0,12.9,90.7,Tumbes,11.3,0
10.1,14.0,13,1,0,10.1,76.4,Tumbes,10.1,1
11.8,14.0,23,1,0,11.1,82.5,Tumbes,11.8,0
10.4,14.0,23,1,0,8.9,77.9,Tumbes,10.4,1
10.9,14.0,31,0,0,12.7,88.2,Tumbes,10.9,1
12.4,14.0,35,0,0,17.5,95.9,Tumbes,12.4,0
11.0,14.0,15,1,0,9.6,74.4,Tumbes,11.0,0
10.8,14.0,14,0,0,9.1,76.7,Tumbes,10.8,1
10.4,14.0,13,0,0,6.5,70.5,Tumbes,10.4,1
10.8,14.0,21,0,0,10.7,83.0,Tumbes,10.8,1
9.9,14.0,19,1,0,11.5,85.0,Tumbes,9.9,1
10.8,27.0,26,1,0,10.6,81.4,Tumbes,10.8,1
12.0,27.0,18,1,0,11.5,81.3,Tumbes,12.0,0
12.2,27.0,21,0,0,10.5,83.2,Tumbes,12.2,0
10.7,13.0,22,1,0,11.0,80.0,Tumbes,10.7,1
11.2,13.0,31,0,0,13.2,86.1,Tumbes,11.2,0
11.9,13.0,11,0,0,9.1,72.5,Tumbes,11.9,0
11.8,10.0,31,1,0,19.2,98.5,Tumbes,11.8,0
12.8,10.0,32,1,0,14.6,90.7,Tumbes,12.8,0
11.3,14.0,28,1,0,11.3,82.4,Tumbes,11.3,0
11.0,14.0,28,1,0,10.8,81.8,Tumbes,11.0,0
9.6,14.0,8,1,0,8.4,68.8,Tumbes,9.6,1
10.9,14.0,14,0,0,9.9,72.8,Tumbes,10.9,1
9.7,14.0,17,1,0,10.3,78.2,Tumbes,9.7,1
9.2,14.0,8,1,0,8.3,71.4,Tumbes,9.2,1
10.7,28.0,16,1,0,8.8,77.2,Tumbes,10.7,1
10.2,28.0,20,0,0,11.8,84.4,Tumbes,10.2,1
10.3,28.0,10,0,0,7.3,65.8,Tumbes,10.3,1
10.5,28.0,35,1,0,13.0,93.5,Tumbes,10.5,1
8.1,28.0,11,1,0,7.7,70.4,Tumbes,8.1,1
11.3,28.0,27,1,0,12.3,89.7,Tumbes,11.3,0
8.9,28.0,17,0,0,8.9,74.0,Tumbes,8.9,1
11.0,28.0,30,0,0,9.5,81.2,Tumbes,11.0,0
10.5,28.0,33,1,0,13.0,94.0,Tumbes,10.5,1
9.9,28.0,7,1,0,8.0,66.6,Tumbes,9.9,1
11.5,28.0,19,1,0,10.3,81.7,Tumbes,11.5,0
10.1,16.0,26,1,0,12.4,88.0,Tumbes,10.1,1
11.0,16.0,17,1,0,10.5,77.6,Tumbes,11.0,0
11.2,16.0,24,0,0,14.0,89.6,Tumbes,11.2,0
11.4,16.0,20,1,0,10.4,80.6,Tumbes,11.4,0
11.2,14.0,13,0,0,9.7,73.5,Tumbes,11.2,0
10.2,14.0,19,1,0,10.0,76.2,Tumbes,10.2,1
12.3,14.0,18,1,0,11.5,82.1,Tumbes,12.3,0
10.4,72.0,12,1,1,9.5,73.8,Tumbes,10.4,1
10.7,72.0,31,0,1,12.0,87.7,Tumbes,10.7,1
11.4,25.0,24,0,1,10.6,83.4,Tumbes,11.4,0
10.7,25.0,28,1,1,17.5,99.7,Tumbes,10.7,1
12.6,25.0,12,0,1,8.1,74.3,Tumbes,12.6,0
12.0,25.0,28,0,1,11.4,87.4,Tumbes,12.0,0
10.8,168.0,17,0,0,10.0,78.1,Ucayali,10.8,1
11.9,168.0,31,1,0,13.6,89.3,Ucayali,11.9,0
10.4,168.0,25,0,0,12.7,87.0,Ucayali,10.4,1
10.7,168.0,14,0,0,8.0,72.8,Ucayali,10.7,1
10.2,168.0,13,0,0,9.7,75.0,Ucayali,10.2,1
10.2,168.0,9,0,0,8.8,71.6,Ucayali,10.2,1
9.5,169.0,27,0,0,10.2,81.9,Ucayali,9.5,1
9.8,169.0,28,1,0,12.6,88.4,Ucayali,9.8,1
11.5,168.0,30,0,0,13.0,90.0,Ucayali,11.5,0
8.9,168.0,11,1,0,11.1,76.1,Ucayali,8.9,1
10.4,168.0,8,1,0,8.2,69.3,Ucayali,10.4,1
9.6,168.0,11,0,0,8.3,69.8,Ucayali,9.6,1
9.0,165.0,20,0,0,10.2,75.4,Ucayali,9.0,1
11.7,165.0,19,1,0,12.4,84.1,Ucayali,11.7,0
11.4,165.0,29,0,0,10.4,82.8,Ucayali,11.4,0
10.7,165.0,13,0,0,10.2,76.2,Ucayali,10.7,1
10.1,165.0,25,1,0,9.7,80.0,Ucayali,10.1,1
10.0,172.0,17,1,0,9.6,79.4,Ucayali,10.0,1
11.2,172.0,20,0,0,11.4,81.0,Ucayali,11.2,0
11.7,172.0,29,0,0,11.8,90.8,Ucayali,11.7,0
11.1,172.0,13,0,0,8.3,74.6,Ucayali,11.1,0
12.4,172.0,29,0,0,11.9,88.4,Ucayali,12.4,0
12.3,172.0,32,0,0,11.5,91.4,Ucayali,12.3,0
10.6,172.0,19,1,0,11.0,82.4,Ucayali,10.6,1
10.7,172.0,31,1,0,11.8,86.4,Ucayali,10.7,1
14.1,172.0,30,1,0,14.1,92.4,Ucayali,14.1,0
10.2,170.0,17,1,0,9.9,80.1,Ucayali,10.2,1
11.1,165.0,16,1,0,9.5,76.0,Ucayali,11.1,0
10.4,165.0,8,0,0,8.3,68.3,Ucayali,10.4,1
12.4,165.0,23,0,0,13.3,88.6,Ucayali,12.4,0
11.2,170.0,10,1,0,8.9,71.5,Ucayali,11.2,0
11.9,170.0,14,1,0,9.5,75.0,Ucayali,11.9,0
10.1,170.0,11,0,0,9.3,72.4,Ucayali,10.1,1
10.9,170.0,17,1,0,10.3,79.8,Ucayali,10.9,1
10.0,159.0,21,1,0,11.6,82.1,Ucayali,10.0,1
11.8,159.0,24,0,0,13.9,88.9,Ucayali,11.8,0
10.7,159.0,13,1,0,8.1,71.4,Ucayali,10.7,1
11.9,159.0,26,1,0,11.6,86.4,Ucayali,11.9,0
11.3,159.0,29,1,0,15.2,89.8,Ucayali,11.3,0
11.5,159.0,13,0,0,10.0,72.8,Ucayali,11.5,0
11.7,155.0,13,1,0,11.2,78.4,Ucayali,11.7,0
10.1,155.0,8,1,0,6.9,64.0,Ucayali,10.1,1
9.3,157.0,21,1,0,8.5,76.9,Ucayali,9.3,1
11.5,157.0,11,0,0,7.8,71.6,Ucayali,11.5,0
10.9,157.0,23,0,0,10.3,82.4,Ucayali,10.9,1
10.0,171.0,23,1,0,10.9,83.4,Ucayali,10.0,1
11.3,171.0,18,0,0,8.8,74.7,Ucayali,11.3,0
8.7,171.0,20,0,0,9.0,74.6,Ucayali,8.7,1
10.7,159.0,34,0,0,13.4,93.4,Ucayali,10.7,1
12.3,159.0,35,0,0,13.3,93.0,Ucayali,12.3,0
10.3,159.0,11,1,0,8.2,72.7,Ucayali,10.3,1
11.2,159.0,15,1,0,10.1,74.7,Ucayali,11.2,0
11.4,157.0,14,1,0,8.4,75.2,Ucayali,11.4,0
12.5,157.0,35,1,0,10.9,85.8,Ucayali,12.5,0
10.9,157.0,35,1,0,11.9,88.5,Ucayali,10.9,1
11.6,244.0,25,1,0,11.3,84.5,Ucayali,11.6,0
12.1,244.0,31,1,0,12.6,89.2,Ucayali,12.1,0
13.2,244.0,7,1,0,10.6,69.7,Ucayali,13.2,0
11.5,174.0,21,1,1,8.5,73.7,Ucayali,11.5,0
9.3,174.0,25,1,1,10.5,82.0,Ucayali,9.3,1
9.7,174.0,34,0,1,12.1,86.7,Ucayali,9.7,1
12.3,174.0,22,1,1,12.4,87.0,Ucayali,12.3,0
10.5,174.0,9,0,1,6.4,64.2,Ucayali,10.5,1
10.3,174.0,18,1,1,9.9,78.8,Ucayali,10.3,1
9.9,199.0,32,1,1,11.1,86.4,Ucayali,9.9,1
11.3,199.0,6,0,1,7.0,67.2,Ucayali,11.3,0
9.8,199.0,8,0,1,6.6,65.8,Ucayali,9.8,1
9.6,199.0,34,1,1,11.8,83.2,Ucayali,9.6,1
10.9,199.0,11,1,1,7.3,68.6,Ucayali,10.9,1
10.6,199.0,33,0,1,13.1,87.1,Ucayali,10.6,1
9.3,199.0,31,0,1,11.1,82.6,Ucayali,9.3,1
11.1,168.0,27,0,1,10.8,84.0,Ucayali,11.1,0
10.0,168.0,9,1,1,8.8,68.8,Ucayali,10.0,1
11.7,168.0,33,0,1,13.0,87.8,Ucayali,11.7,0
10.4,168.0,16,1,1,9.1,76.4,Ucayali,10.4,1
14.1,2436.0,16,1,0,11.0,79.0,Amazonas,14.05,0
13.1,2341.0,15,1,0,9.4,73.9,Amazonas,13.05,0
13.9,2341.0,19,1,0,10.9,81.2,Amazonas,13.85,0
13.6,2341.0,33,1,0,14.1,89.0,Amazonas,13.55,0
10.4,441.0,10,1,0,8.6,70.8,Amazonas,10.4,1
8.4,441.0,20,1,0,14.0,88.2,Amazonas,8.4,1
13.0,492.0,26,0,0,10.3,83.0,Amazonas,13.0,0
11.1,492.0,20,0,0,10.4,80.1,Amazonas,11.1,0
11.6,513.0,18,0,0,10.3,79.0,Amazonas,11.6,0
11.7,513.0,25,1,0,14.1,90.1,Amazonas,11.7,0
12.4,513.0,30,0,0,12.7,89.9,Amazonas,12.4,0
11.0,513.0,13,0,0,7.5,70.3,Amazonas,11.0,0
11.4,465.0,16,0,0,8.7,74.7,Amazonas,11.4,0
12.8,465.0,29,1,0,13.1,88.4,Amazonas,12.8,0
11.5,465.0,30,1,0,12.5,91.1,Amazonas,11.5,0
10.4,1854.0,6,1,0,9.1,65.8,Amazonas,10.38,1
12.3,1854.0,18,1,0,11.5,82.1,Amazonas,12.28,0
12.2,1854.0,11,1,0,8.6,73.5,Amazonas,12.18,0
10.8,448.0,29,0,0,11.8,87.8,Amazonas,10.8,1
11.4,448.0,15,0,0,8.5,74.4,Amazonas,11.4,0
10.9,448.0,12,1,0,9.9,77.6,Amazonas,10.9,1
10.5,448.0,7,1,0,7.5,68.2,Amazonas,10.5,1
9.7,241.0,20,0,1,10.1,79.2,Amazonas,9.7,1
8.7,241.0,9,0,1,8.1,69.5,Amazonas,8.7,1
12.2,241.0,35,0,1,12.7,84.3,Amazonas,12.2,0
9.4,241.0,10,1,1,8.2,70.2,Amazonas,9.4,1
10.3,241.0,14,1,1,9.8,74.4,Amazonas,10.3,1
11.9,241.0,23,1,1,10.8,80.4,Amazonas,11.9,0
12.2,241.0,19,0,1,9.1,75.4,Amazonas,12.2,0
12.0,241.0,26,0,1,12.4,84.9,Amazonas,12.0,0
10.4,241.0,35,1,1,13.0,87.2,Amazonas,10.4,1
9.8,241.0,26,1,1,12.2,83.9,Amazonas,9.8,1
11.8,228.0,25,1,1,9.3,82.2,Amazonas,11.8,0
12.7,228.0,17,0,1,10.2,79.2,Amazonas,12.7,0
12.6,228.0,18,0,1,9.6,77.2,Amazonas,12.6,0
10.7,228.0,35,0,1,13.4,88.7,Amazonas,10.7,1
8.1,228.0,10,0,1,7.6,69.3,Amazonas,8.1,1
8.9,228.0,8,1,1,8.3,71.4,Amazonas,8.9,1
11.2,228.0,30,0,1,10.2,80.9,Amazonas,11.2,0
12.0,1628.0,35,1,1,12.7,87.9,Amazonas,11.99,0
12.5,1628.0,26,0,1,12.5,86.4,Amazonas,12.49,0
12.6,1628.0,10,0,1,9.1,71.0,Amazonas,12.59,0
9.6,1628.0,7,1,1,8.1,67.5,Amazonas,9.59,1
12.8,1628.0,15,1,1,8.7,77.5,Amazonas,12.79,0
9.9,1572.0,6,0,1,7.7,63.3,Amazonas,9.9,1
13.3,1572.0,20,0,1,9.9,79.3,Amazonas,13.3,0
10.8,1572.0,18,1,1,10.3,75.6,Amazonas,10.8,1
11.6,1572.0,26,0,1,11.8,84.3,Amazonas,11.6,0
13.4,1705.0,24,0,1,13.0,86.4,Amazonas,13.39,0
12.1,1705.0,9,1,1,10.3,71.8,Amazonas,12.09,0
10.7,1705.0,6,0,1,6.5,61.7,Amazonas,10.69,1
11.5,1705.0,15,1,1,9.0,75.8,Amazonas,11.49,0
10.7,1705.0,15,0,1,10.5,77.0,Amazonas,10.69,1
11.8,1613.0,27,0,1,11.9,86.1,Amazonas,11.79,0
10.6,1613.0,11,0,1,9.7,73.8,Amazonas,10.59,1
12.6,1613.0,31,1,1,14.3,91.0,Amazonas,12.59,0
11.2,1613.0,7,0,1,6.6,63.7,Amazonas,11.19,0
12.9,1905.0,31,1,1,12.5,83.8,Amazonas,12.88,0
12.0,1905.0,31,1,1,11.6,89.1,Amazonas,11.98,0
13.0,1905.0,31,1,1,11.4,83.5,Amazonas,12.98,0
12.1,1905.0,27,0,1,10.8,81.5,Amazonas,12.08,0
11.9,1852.0,19,0,1,9.9,76.0,Amazonas,11.88,0
12.5,1852.0,14,0,1,8.7,72.1,Amazonas,12.48,0
11.4,1852.0,32,1,1,16.4,95.5,Amazonas,11.38,0
10.6,1852.0,10,1,1,8.3,69.4,Amazonas,10.58,1
10.7,1852.0,14,1,1,9.8,75.4,Amazonas,10.68,1
12.4,1852.0,24,0,1,12.9,85.2,Amazonas,12.38,0
10.5,1747.0,6,1,1,7.7,65.5,Amazonas,10.49,1
12.9,1747.0,32,0,1,11.1,84.1,Amazonas,12.89,0
12.8,1793.0,16,0,1,9.8,79.9,Amazonas,12.79,0
13.5,1793.0,13,1,1,10.5,75.5,Amazonas,13.49,0
11.9,1793.0,17,1,1,10.4,79.9,Amazonas,11.89,0
12.7,1793.0,27,0,1,12.5,92.3,Amazonas,12.69,0
11.5,53.0,24,1,0,13.2,85.3,Ancash,11.5,0
11.4,53.0,23,0,0,11.5,82.5,Ancash,11.4,0
12.4,53.0,32,0,0,11.1,87.3,Ancash,12.4,0
10.9,53.0,15,0,0,11.8,78.5,Ancash,10.9,1
9.3,42.0,11,1,0,9.7,70.5,Ancash,9.3,1
10.6,42.0,11,1,0,11.8,76.4,Ancash,10.6,1
11.3,42.0,7,1,0,9.5,70.9,Ancash,11.3,0
10.2,42.0,15,0,0,11.1,81.4,Ancash,10.2,1
9.1,27.0,6,0,0,7.9,65.3,Ancash,9.1,1
10.9,27.0,27,0,0,13.5,89.5,Ancash,10.9,1
11.5,27.0,33,1,0,16.7,95.3,Ancash,11.5,0
11.3,58.0,19,0,0,10.0,80.4,Ancash,11.3,0
10.9,58.0,11,1,0,9.3,74.0,Ancash,10.9,1
11.0,3108.0,17,0,0,12.1,81.4,Ancash,10.89,1
13.1,3108.0,27,1,0,11.6,85.0,Ancash,12.99,0
12.7,3076.0,22,1,0,10.2,80.6,Ancash,12.59,0
13.3,3076.0,24,0,0,11.5,82.6,Ancash,13.19,0
11.5,244.0,23,0,0,12.2,85.2,Ancash,11.5,0
11.9,244.0,31,0,0,11.9,86.8,Ancash,11.9,0
11.0,244.0,28,1,0,13.4,86.9,Ancash,11.0,0
11.4,244.0,10,1,0,9.2,73.8,Ancash,11.4,0
9.7,244.0,7,1,0,8.9,69.7,Ancash,9.7,1
14.6,3192.0,9,0,0,8.7,70.0,Ancash,14.48,0
13.2,3192.0,29,1,0,12.9,87.5,Ancash,13.08,0
13.5,3192.0,34,1,0,12.4,91.7,Ancash,13.38,0
10.0,26.0,7,0,0,9.1,70.1,Ancash,10.0,1
13.8,26.0,24,0,0,13.4,86.1,Ancash,13.8,0
11.1,26.0,26,1,0,14.8,89.8,Ancash,11.1,0
11.9,3169.0,28,0,0,12.5,87.1,Ancash,11.78,0
11.1,838.0,23,0,1,11.0,81.2,Ancash,11.1,0
12.8,3197.0,14,1,1,9.1,77.0,Ancash,12.68,0
13.1,3197.0,10,1,1,9.1,68.0,Ancash,12.98,0
12.3,3197.0,26,1,1,10.0,79.8,Ancash,12.18,0
14.4,3197.0,27,1,1,9.2,81.9,Ancash,14.28,0
11.7,3197.0,15,1,1,10.5,78.5,Ancash,11.58,0
13.6,3154.0,12,1,1,10.4,72.6,Ancash,13.48,0
11.2,235.0,12,0,1,11.8,78.5,Ancash,11.2,0
12.2,235.0,35,1,1,15.1,99.0,Ancash,12.2,0
10.9,929.0,11,0,1,9.4,71.7,Ancash,10.9,1
10.2,929.0,13,1,1,8.8,72.6,Ancash,10.2,1
12.0,929.0,27,0,1,11.9,85.2,Ancash,12.0,0
10.2,929.0,28,0,1,10.8,81.6,Ancash,10.2,1
12.1,929.0,33,0,1,13.1,87.3,Ancash,12.1,0
12.4,929.0,7,0,1,7.7,66.4,Ancash,12.4,0
10.6,929.0,20,0,1,9.4,79.8,Ancash,10.6,1
13.3,3299.0,33,0,1,13.9,91.4,Ancash,13.17,0
14.4,3299.0,33,0,1,13.0,90.6,Ancash,14.27,0
12.9,3299.0,31,0,1,13.2,89.1,Ancash,12.77,0
13.2,3188.0,31,0,1,12.9,87.0,Ancash,13.08,0
13.5,3188.0,35,1,1,13.3,89.5,Ancash,13.38,0
14.3,2438.0,28,1,0,14.4,92.0,Apurimac,14.25,0
13.3,2438.0,33,0,0,15.9,94.3,Apurimac,13.25,0
11.8,2438.0,15,0,0,8.3,74.0,Apurimac,11.75,0
13.5,2438.0,23,1,0,11.5,82.8,Apurimac,13.45,0
12.3,2241.0,27,1,0,11.9,82.2,Apurimac,12.26,0
11.6,2241.0,32,1,0,12.1,86.1,Apurimac,11.56,0
10.7,2241.0,15,1,0,8.9,74.7,Apurimac,10.66,1
11.8,2241.0,33,0,0,15.6,92.4,Apurimac,11.76,0
11.7,3238.0,15,0,0,9.5,74.5,Apurimac,11.57,0
12.6,2971.0,15,0,0,9.2,75.1,Apurimac,12.5,0
12.5,2971.0,27,1,0,12.1,84.0,Apurimac,12.4,0
15.3,3808.0,9,1,0,9.2,72.7,Apurimac,15.1,0
11.9,3808.0,11,1,0,8.5,70.4,Apurimac,11.7,0
12.4,3808.0,34,1,0,15.2,93.2,Apurimac,12.2,0
14.7,3892.0,12,1,0,8.4,73.3,Apurimac,14.49,0
13.7,3892.0,35,1,0,11.6,86.8,Apurimac,13.49,0
15.1,3892.0,33,0,0,11.5,89.3,Apurimac,14.89,0
12.8,3892.0,14,1,0,9.4,76.6,Apurimac,12.59,0
11.4,3137.0,11,1,1,7.9,70.2,Apurimac,11.28,0
12.6,3137.0,22,1,1,10.9,80.1,Apurimac,12.48,0
12.7,3180.0,33,0,1,11.0,84.0,Apurimac,12.58,0
12.9,3180.0,11,0,1,9.4,73.2,Apurimac,12.78,0
7.6,3180.0,12,1,1,7.5,67.5,Apurimac,7.48,1
12.5,3180.0,12,0,1,9.3,73.0,Apurimac,12.38,0
13.0,2756.0,10,1,1,9.3,71.2,Apurimac,12.92,0
12.7,2756.0,18,1,1,11.6,83.1,Apurimac,12.62,0
13.3,2756.0,32,1,1,13.2,86.8,Apurimac,13.22,0
12.1,2756.0,10,1,1,8.6,69.2,Apurimac,12.02,0
14.3,2756.0,26,1,1,11.3,84.2,Apurimac,14.22,0
13.6,2993.0,24,1,1,12.2,81.4,Apurimac,13.5,0
11.7,2993.0,7,1,1,8.2,69.1,Apurimac,11.6,0
12.7,2993.0,17,0,1,12.5,82.1,Apurimac,12.6,0
11.3,3153.0,11,0,1,8.5,71.0,Apurimac,11.18,0
13.4,3153.0,29,0,1,11.9,86.1,Apurimac,13.28,0
13.0,3675.0,8,1,1,9.1,67.5,Apurimac,12.82,0
13.4,3675.0,33,0,1,11.3,85.7,Apurimac,13.22,0
12.7,3675.0,31,1,1,13.9,88.8,Apurimac,12.52,0
13.2,3316.0,27,0,1,10.0,80.0,Apurimac,13.06,0
12.4,2299.0,28,1,1,15.2,93.3,Apurimac,12.36,0
12.7,2299.0,23,0,1,10.2,82.7,Apurimac,12.66,0
13.1,2299.0,28,1,1,13.9,89.0,Apurimac,13.06,0
12.0,2299.0,12,1,1,11.6,78.0,Apurimac,11.96,0
11.6,2778.0,26,1,1,13.1,86.9,Apurimac,11.52,0
13.3,2778.0,14,0,1,9.1,75.1,Apurimac,13.22,0
13.3,3479.0,26,1,1,11.9,83.5,Apurimac,13.15,0
13.6,3479.0,21,1,1,9.3,78.4,Apurimac,13.45,0
13.9,3479.0,31,0,1,11.2,84.8,Apurimac,13.75,0
12.6,3358.0,20,0,1,8.6,74.3,Apurimac,12.46,0
12.3,3358.0,14,1,1,8.9,74.7,Apurimac,12.16,0
11.9,3358.0,11,1,1,7.9,70.5,Apurimac,11.76,0
10.7,2593.0,14,0,0,10.1,77.7,Arequipa,10.64,1
12.1,2593.0,14,1,0,11.7,77.7,Arequipa,12.04,0
11.7,2593.0,7,0,0,11.0,68.3,Arequipa,11.64,0
11.4,2593.0,18,1,0,11.0,80.3,Arequipa,11.34,0
11.8,2593.0,26,1,0,12.8,87.5,Arequipa,11.74,0
11.9,2564.0,35,1,0,14.4,93.6,Arequipa,11.84,0
13.0,2564.0,17,0,0,10.4,80.1,Arequipa,12.94,0
13.7,2564.0,30,0,0,11.6,82.7,Arequipa,13.64,0
13.4,2525.0,20,1,0,10.9,80.7,Arequipa,13.34,0
14.1,2525.0,31,1,0,14.4,94.0,Arequipa,14.04,0
13.5,2525.0,30,0,0,11.5,85.8,Arequipa,13.44,0
13.3,2558.0,30,1,0,13.7,91.2,Arequipa,13.24,0
13.2,2502.0,28,0,0,15.3,92.1,Arequipa,13.14,0
13.3,2502.0,34,0,0,16.0,92.5,Arequipa,13.24,0
12.4,2502.0,12,1,0,11.4,78.5,Arequipa,12.34,0
12.5,2494.0,20,1,0,10.1,83.7,Arequipa,12.44,0
13.3,2655.0,16,1,0,10.6,78.0,Arequipa,13.23,0
14.0,2655.0,31,0,0,13.0,92.3,Arequipa,13.93,0
14.5,2655.0,34,1,0,15.8,93.9,Arequipa,14.43,0
11.6,2366.0,15,0,0,10.9,79.7,Arequipa,11.55,0
13.4,2366.0,34,1,0,11.1,88.1,Arequipa,13.35,0
13.6,2399.0,26,0,0,13.6,88.7,Arequipa,13.55,0
11.7,2399.0,10,1,0,10.5,75.4,Arequipa,11.65,0
14.6,2414.0,14,0,0,9.2,76.0,Arequipa,14.55,0
11.2,2414.0,8,1,0,8.9,70.8,Arequipa,11.15,0
13.9,2414.0,34,1,0,15.4,93.6,Arequipa,13.85,0
10.3,2414.0,6,0,0,7.5,63.1,Arequipa,10.25,1
12.5,2364.0,16,1,0,10.2,77.4,Arequipa,12.45,0
14.4,2364.0,28,0,0,11.7,87.3,Arequipa,14.35,0
11.6,2364.0,34,0,0,13.2,92.3,Arequipa,11.55,0
13.3,2286.0,21,0,0,9.9,80.6,Arequipa,13.26,0
12.9,2286.0,11,1,0,10.5,75.1,Arequipa,12.86,0
12.4,2566.0,16,1,0,8.9,76.8,Arequipa,12.34,0
11.7,2566.0,28,1,0,13.2,88.8,Arequipa,11.64,0
12.5,2566.0,6,1,0,9.8,70.2,Arequipa,12.44,0
10.6,2719.0,9,1,0,10.0,74.3,Arequipa,10.52,1
11.9,2719.0,13,0,0,7.9,71.3,Arequipa,11.82,0
11.9,2719.0,14,0,0,11.2,80.6,Arequipa,11.82,0
11.8,2706.0,23,0,0,11.0,82.0,Arequipa,11.73,0
12.6,149.0,34,0,0,14.3,93.5,Arequipa,12.6,0
11.9,149.0,25,1,0,14.6,89.0,Arequipa,11.9,0
12.3,149.0,9,0,0,7.8,70.0,Arequipa,12.3,0
11.3,149.0,12,0,0,9.6,72.1,Arequipa,11.3,0
11.8,2687.0,17,1,0,11.1,78.8,Arequipa,11.73,0
11.1,2687.0,11,0,0,10.4,73.2,Arequipa,11.03,0
12.3,2687.0,23,1,0,12.6,85.0,Arequipa,12.23,0
12.2,1831.0,22,1,1,10.6,89.3,Arequipa,12.18,0
10.1,1831.0,9,1,1,9.0,72.9,Arequipa,10.08,1
11.3,1831.0,27,1,1,13.4,85.6,Arequipa,11.28,0
12.0,1831.0,27,0,1,12.1,88.1,Arequipa,11.98,0
11.9,3923.0,16,0,1,8.8,74.1,Arequipa,11.69,0
13.6,3923.0,32,0,1,11.6,85.0,Arequipa,13.39,0
13.8,3923.0,8,0,1,7.4,64.7,Arequipa,13.59,0
14.4,3923.0,29,0,1,9.6,82.4,Arequipa,14.19,0
15.1,3923.0,34,1,1,11.7,86.6,Arequipa,14.89,0
14.0,3923.0,27,1,1,10.6,80.1,Arequipa,13.79,0
13.4,2824.0,7,0,0,7.1,64.0,Ayacucho,13.31,0
12.9,2956.0,28,1,0,14.3,89.6,Ayacucho,12.8,0
11.5,2956.0,11,0,0,8.4,70.3,Ayacucho,11.4,0
13.1,2956.0,33,1,0,9.7,86.2,Ayacucho,13.0,0
13.4,2956.0,21,0,0,9.6,81.0,Ayacucho,13.3,0
11.3,2956.0,21,0,0,8.7,78.0,Ayacucho,11.2,0
12.0,2956.0,20,1,0,9.9,79.5,Ayacucho,11.9,0
13.1,2975.0,20,0,0,9.4,76.0,Ayacucho,13.0,0
11.8,2975.0,21,1,0,9.5,79.9,Ayacucho,11.7,0
11.2,2975.0,10,0,0,9.8,72.1,Ayacucho,11.1,0
10.1,2815.0,18,0,0,10.0,77.8,Ayacucho,10.02,1
12.1,2815.0,27,0,0,11.7,85.7,Ayacucho,12.02,0
13.5,2815.0,17,0,0,8.9,76.1,Ayacucho,13.42,0
13.7,2874.0,23,0,0,11.6,83.8,Ayacucho,13.61,0
11.5,2874.0,21,1,0,9.9,80.8,Ayacucho,11.41,0
12.7,2874.0,11,1,0,10.6,73.4,Ayacucho,12.61,0
13.1,2849.0,8,1,0,8.2,66.7,Ayacucho,13.01,0
12.4,2849.0,14,0,0,8.1,73.6,Ayacucho,12.31,0
13.0,2849.0,26,1,0,10.0,82.0,Ayacucho,12.91,0
12.7,2849.0,29,0,0,11.6,85.4,Ayacucho,12.61,0
11.3,535.0,26,0,0,10.9,86.0,Ayacucho,11.3,0
11.1,535.0,26,0,0,10.8,87.5,Ayacucho,11.1,0
11.7,535.0,32,0,0,9.8,84.2,Ayacucho,11.7,0
11.1,535.0,18,0,0,8.1,74.4,Ayacucho,11.1,0
10.9,535.0,21,1,0,12.8,84.5,Ayacucho,10.9,1
10.3,535.0,21,0,0,8.8,79.0,Ayacucho,10.3,1
12.9,535.0,33,1,0,14.8,92.5,Ayacucho,12.9,0
11.8,2665.0,13,1,0,9.1,75.4,Ayacucho,11.73,0
12.6,2665.0,31,0,0,12.5,87.2,Ayacucho,12.53,0
11.0,2665.0,13,0,0,9.0,76.0,Ayacucho,10.93,1
12.7,3151.0,17,1,0,11.9,77.9,Ayacucho,12.58,0
12.9,3151.0,31,0,0,12.0,86.3,Ayacucho,12.78,0
12.7,3151.0,10,0,0,8.7,70.3,Ayacucho,12.58,0
12.2,3151.0,18,1,0,9.8,77.5,Ayacucho,12.08,0
11.9,3237.0,6,0,0,9.3,63.2,Ayacucho,11.77,0
12.4,3237.0,7,1,0,8.1,67.9,Ayacucho,12.27,0
12.1,3237.0,29,0,0,13.2,89.3,Ayacucho,11.97,0
14.1,3525.0,18,0,0,11.5,78.7,Ayacucho,13.94,0
13.4,3525.0,22,1,0,9.5,79.8,Ayacucho,13.24,0
12.2,3525.0,12,0,0,7.4,66.5,Ayacucho,12.04,0
11.2,1320.0,11,1,0,9.9,71.7,Ayacucho,11.2,0
9.8,1320.0,11,1,0,8.6,70.4,Ayacucho,9.8,1
9.7,1137.0,6,1,1,10.0,66.7,Ayacucho,9.71,1
10.6,1137.0,28,0,1,10.8,81.0,Ayacucho,10.61,1
10.8,1137.0,7,0,1,7.3,67.1,Ayacucho,10.81,1
14.9,3584.0,22,0,1,11.1,81.3,Ayacucho,14.73,0
11.9,3584.0,8,1,1,8.1,65.4,Ayacucho,11.73,0
13.1,3584.0,9,1,1,8.6,70.4,Ayacucho,12.93,0
12.9,3584.0,19,0,1,10.6,78.2,Ayacucho,12.73,0
10.6,3584.0,15,0,1,9.8,74.6,Ayacucho,10.43,1
13.2,3584.0,23,1,1,11.3,80.3,Ayacucho,13.03,0
13.7,3361.0,32,1,1,13.5,89.0,Ayacucho,13.56,0
12.9,3361.0,11,1,1,8.5,68.5,Ayacucho,12.76,0
13.3,3361.0,26,1,1,14.3,87.6,Ayacucho,13.16,0
13.4,3379.0,21,0,1,10.5,78.5,Ayacucho,13.26,0
12.9,3379.0,33,1,1,12.9,89.7,Ayacucho,12.76,0
12.7,3379.0,29,1,1,12.9,86.5,Ayacucho,12.56,0
12.5,3379.0,9,1,1,8.6,72.0,Ayacucho,12.36,0
11.9,3379.0,30,1,1,10.9,84.7,Ayacucho,11.76,0
12.3,3409.0,9,1,1,8.7,67.1,Ayacucho,12.15,0
12.7,3409.0,23,1,1,11.4,85.3,Ayacucho,12.55,0
12.9,3409.0,18,1,1,12.6,82.6,Ayacucho,12.75,0
12.8,3409.0,22,1,1,11.4,83.9,Ayacucho,12.65,0
15.3,3542.0,33,1,1,12.7,90.4,Ayacucho,15.14,0
13.8,3542.0,26,1,1,12.1,84.0,Ayacucho,13.64,0
13.7,3542.0,33,1,1,12.3,89.8,Ayacucho,13.54,0
14.2,3542.0,34,1,1,11.4,87.4,Ayacucho,14.04,0
13.8,3542.0,29,1,1,12.5,85.7,Ayacucho,13.64,0
14.5,3542.0,25,0,1,10.4,81.6,Ayacucho,14.34,0
13.3,3483.0,6,0,1,9.1,65.8,Ayacucho,13.14,0
14.1,3483.0,18,0,1,9.6,73.0,Ayacucho,13.94,0
12.6,2763.0,23,0,0,10.5,79.4,Cajamarca,12.52,0
14.4,2763.0,32,0,0,13.0,88.7,Cajamarca,14.32,0
14.4,2763.0,15,1,0,10.9,78.4,Cajamarca,14.32,0
13.3,2763.0,12,1,0,10.8,75.7,Cajamarca,13.22,0
13.3,2734.0,18,0,0,10.0,81.5,Cajamarca,13.22,0
13.3,2734.0,18,0,0,9.0,79.1,Cajamarca,13.22,0
12.9,2734.0,28,1,0,11.7,81.3,Cajamarca,12.82,0
12.5,1663.0,16,0,0,11.2,77.4,Cajamarca,12.49,0
12.7,1663.0,17,1,0,10.1,77.5,Cajamarca,12.69,0
12.7,2651.0,11,0,0,9.1,71.2,Cajamarca,12.63,0
14.3,2651.0,23,1,0,12.3,86.1,Cajamarca,14.23,0
13.4,2717.0,29,0,0,13.0,87.0,Cajamarca,13.32,0
13.8,2717.0,20,0,0,11.2,82.4,Cajamarca,13.72,0
8.2,1317.0,6,1,0,10.7,71.1,Cajamarca,8.2,1
12.2,1317.0,28,0,0,16.5,92.3,Cajamarca,12.2,0
12.1,1408.0,25,1,1,11.6,83.2,Cajamarca,12.1,0
12.0,1408.0,14,1,1,8.2,69.8,Cajamarca,12.0,0
13.1,1408.0,30,0,1,11.5,85.6,Cajamarca,13.1,0
12.3,1408.0,30,1,1,12.7,91.1,Cajamarca,12.3,0
11.6,1408.0,19,1,1,10.6,84.0,Cajamarca,11.6,0
11.7,899.0,25,1,1,15.1,89.4,Cajamarca,11.7,0
9.9,899.0,17,0,1,10.3,78.0,Cajamarca,9.9,1
10.5,899.0,6,1,1,7.8,64.5,Cajamarca,10.5,1
11.3,899.0,11,0,1,8.9,72.0,Cajamarca,11.3,0
12.4,899.0,20,0,1,11.9,87.0,Cajamarca,12.4,0
12.0,899.0,21,0,1,9.5,79.5,Cajamarca,12.0,0
12.9,1429.0,8,0,1,8.6,67.7,Cajamarca,12.9,0
13.6,1429.0,31,1,1,16.7,94.0,Cajamarca,13.6,0
12.7,1429.0,16,0,1,9.1,77.3,Cajamarca,12.7,0
11.5,2096.0,33,0,1,13.1,90.4,Cajamarca,11.47,0
14.3,2096.0,18,1,1,11.1,79.4,Cajamarca,14.27,0
10.8,2096.0,9,0,1,6.7,65.5,Cajamarca,10.77,1
7.9,2096.0,23,1,1,12.9,84.3,Cajamarca,7.87,1
12.9,3201.0,11,0,1,11.7,72.2,Cajamarca,12.78,0
14.3,3201.0,18,1,1,9.5,72.7,Cajamarca,14.18,0
12.8,3201.0,33,1,1,12.4,88.8,Cajamarca,12.68,0
14.9,2820.0,19,0,1,9.4,75.7,Cajamarca,14.82,0
13.3,2820.0,23,1,1,11.9,80.5,Cajamarca,13.22,0
13.2,2820.0,31,0,1,10.7,85.8,Cajamarca,13.12,0
12.8,2966.0,22,0,1,10.8,79.6,Cajamarca,12.7,0
13.3,2966.0,34,0,1,11.9,88.4,Cajamarca,13.2,0
13.0,2966.0,7,1,1,8.8,69.7,Cajamarca,12.9,0
14.5,2966.0,12,0,1,8.8,70.4,Cajamarca,14.4,0
12.5,2966.0,16,1,1,10.9,79.0,Cajamarca,12.4,0
12.1,2966.0,28,1,1,11.6,82.3,Cajamarca,12.0,0
12.8,2966.0,10,0,1,8.5,73.4,Cajamarca,12.7,0
13.9,3106.0,30,0,1,12.0,85.6,Cajamarca,13.79,0
13.9,3106.0,29,0,1,11.2,84.3,Cajamarca,13.79,0
12.1,2994.0,33,0,1,13.4,88.8,Cajamarca,12.0,0
13.8,2994.0,34,0,1,11.1,84.3,Cajamarca,13.7,0
12.0,2994.0,24,0,1,14.6,88.3,Cajamarca,11.9,0
10.0,2994.0,7,1,1,9.5,69.7,Cajamarca,9.9,1
12.2,1734.0,28,1,1,13.8,88.3,Cajamarca,12.19,0
10.3,1734.0,9,0,1,10.3,70.1,Cajamarca,10.29,1
10.8,213.0,14,0,0,10.6,77.3,Callao,10.8,1
13.0,213.0,19,0,0,8.6,78.8,Callao,13.0,0
11.8,213.0,28,1,0,14.7,90.4,Callao,11.8,0
9.9,213.0,21,0,0,11.8,84.2,Callao,9.9,1
12.1,319.0,26,1,0,13.8,89.7,Callao,12.1,0
12.6,319.0,26,1,0,11.0,84.1,Callao,12.6,0
11.3,282.0,26,1,0,11.7,85.1,Callao,11.3,0
10.6,282.0,9,0,0,8.9,68.2,Callao,10.6,1
10.8,282.0,30,1,0,11.6,88.4,Callao,10.8,1
11.7,204.0,22,0,0,10.6,79.4,Callao,11.7,0
12.6,204.0,27,1,0,12.9,89.6,Callao,12.6,0
10.0,204.0,13,1,0,11.5,82.4,Callao,10.0,1
12.1,204.0,30,1,0,15.0,96.9,Callao,12.1,0
12.0,156.0,33,1,0,11.0,88.1,Callao,12.0,0
12.0,156.0,10,1,0,9.9,74.3,Callao,12.0,0
12.4,156.0,11,0,0,10.5,73.4,Callao,12.4,0
10.9,156.0,27,1,0,12.0,85.6,Callao,10.9,1
11.0,133.0,29,1,0,12.5,88.0,Callao,11.0,0
11.9,133.0,35,0,0,14.1,94.8,Callao,11.9,0
11.3,133.0,8,0,0,9.6,70.4,Callao,11.3,0
10.9,133.0,30,0,0,12.7,83.9,Callao,10.9,1
10.9,267.0,35,1,0,14.0,90.7,Callao,10.9,1
8.0,267.0,11,0,0,9.1,72.1,Callao,8.0,1
11.8,139.0,23,1,0,12.6,85.7,Callao,11.8,0
11.1,139.0,13,0,0,8.8,71.7,Callao,11.1,0
11.6,139.0,33,1,0,16.1,96.5,Callao,11.6,0
11.5,139.0,28,0,0,13.1,91.9,Callao,11.5,0
11.6,139.0,29,0,0,14.6,89.0,Callao,11.6,0
11.3,13.0,24,0,0,15.4,84.9,Callao,11.3,0
11.7,13.0,27,1,0,19.3,92.5,Callao,11.7,0
11.3,13.0,8,0,0,8.9,68.9,Callao,11.3,0
12.2,13.0,29,1,0,16.1,94.8,Callao,12.2,0
12.5,27.0,23,0,0,12.9,90.0,Callao,12.5,0
11.1,27.0,14,1,0,9.4,76.7,Callao,11.1,0
11.4,27.0,31,0,0,11.5,86.3,Callao,11.4,0
10.5,27.0,17,1,0,14.5,81.0,Callao,10.5,1
10.9,27.0,21,0,0,10.5,83.1,Callao,10.9,1
11.5,27.0,7,1,0,7.5,67.2,Callao,11.5,0
11.8,61.0,16,0,0,7.5,71.6,Callao,11.8,0
12.1,61.0,30,1,0,14.3,97.4,Callao,12.1,0
10.9,61.0,27,1,0,16.0,92.2,Callao,10.9,1
10.3,27.0,26,1,0,11.2,83.1,Callao,10.3,1
10.5,27.0,7,1,0,10.1,67.1,Callao,10.5,1
11.1,27.0,32,1,0,14.0,93.2,Callao,11.1,0
9.3,27.0,9,1,0,8.5,71.2,Callao,9.3,1
11.2,21.0,7,1,0,8.6,68.5,Callao,11.2,0
11.3,21.0,14,1,0,9.5,76.2,Callao,11.3,0
11.1,48.0,35,1,0,16.6,99.3,Callao,11.1,0
8.3,48.0,21,1,0,12.5,86.4,Callao,8.3,1
11.3,37.0,29,0,0,12.4,84.7,Callao,11.3,0
12.4,320.0,33,1,0,14.9,95.4,Callao,12.4,0
11.2,320.0,7,0,0,8.2,67.2,Callao,11.2,0
9.5,320.0,29,1,0,14.4,90.9,Callao,9.5,1
12.2,320.0,25,1,0,11.7,85.5,Callao,12.2,0
12.8,352.0,31,1,0,14.0,88.3,Callao,12.8,0
10.8,352.0,27,0,0,12.5,83.5,Callao,10.8,1
15.0,3299.0,29,1,0,12.3,85.1,Cusco,14.87,0
13.6,3299.0,25,1,0,12.7,86.6,Cusco,13.47,0
8.2,3299.0,15,1,0,10.7,77.5,Cusco,8.07,1
13.7,3299.0,23,1,0,14.5,84.8,Cusco,13.57,0
13.7,3315.0,26,1,0,12.1,86.4,Cusco,13.56,0
15.7,3327.0,24,0,0,10.8,82.9,Cusco,15.56,0
13.8,3617.0,25,0,0,10.8,82.5,Cusco,13.63,0
12.7,3464.0,31,1,0,14.6,88.3,Cusco,12.55,0
13.1,3464.0,30,1,0,13.3,86.7,Cusco,12.95,0
13.7,3464.0,31,1,0,12.4,91.5,Cusco,13.55,0
10.2,3464.0,7,1,0,8.1,68.7,Cusco,10.05,1
15.0,3464.0,8,0,0,8.0,67.2,Cusco,14.85,0
12.6,2941.0,7,1,0,8.5,66.2,Cusco,12.5,0
12.8,2941.0,25,1,0,13.6,86.5,Cusco,12.7,0
12.5,3355.0,21,1,0,11.9,85.1,Cusco,12.36,0
13.3,3355.0,33,1,0,15.4,91.7,Cusco,13.16,0
12.7,3343.0,7,1,0,8.0,67.5,Cusco,12.56,0
13.9,3371.0,31,0,0,13.9,90.8,Cusco,13.76,0
14.4,3371.0,33,0,0,13.0,88.5,Cusco,14.26,0
13.2,1608.0,6,1,1,9.3,69.3,Cusco,13.19,0
12.0,1608.0,33,1,1,11.7,91.9,Cusco,11.99,0
11.8,1608.0,7,0,1,9.0,68.0,Cusco,11.79,0
13.9,3744.0,25,0,1,10.3,81.4,Cusco,13.71,0
13.5,3744.0,28,1,1,11.0,85.0,Cusco,13.31,0
13.3,3744.0,7,1,1,7.3,67.0,Cusco,13.11,0
13.7,3478.0,35,1,1,13.8,94.4,Cusco,13.55,0
14.4,3478.0,16,0,1,10.3,78.3,Cusco,14.25,0
12.8,4142.0,19,1,1,11.3,82.4,Cusco,12.56,0
13.1,4142.0,31,1,1,12.3,87.5,Cusco,12.86,0
13.0,4142.0,14,0,1,9.2,71.5,Cusco,12.76,0
13.7,4142.0,18,0,1,10.5,76.2,Cusco,13.46,0
14.3,4142.0,27,1,1,11.4,82.1,Cusco,14.06,0
12.6,3534.0,25,1,1,11.7,83.2,Cusco,12.44,0
12.8,3534.0,33,0,1,12.3,87.2,Cusco,12.64,0
13.3,3534.0,25,0,1,11.7,84.6,Cusco,13.14,0
12.5,3534.0,18,1,1,10.9,79.4,Cusco,12.34,0
11.9,3053.0,34,1,1,13.3,89.5,Cusco,11.79,0
11.6,3053.0,10,0,1,9.1,70.4,Cusco,11.49,0
12.9,3362.0,12,1,1,7.3,69.1,Cusco,12.76,0
13.5,3362.0,7,0,1,7.4,70.2,Cusco,13.36,0
13.7,3754.0,28,0,0,9.9,81.9,Huancavelica,13.51,0
14.5,3735.0,20,0,0,10.5,81.4,Huancavelica,14.31,0
14.4,3735.0,23,0,0,10.7,79.6,Huancavelica,14.21,0
13.9,3735.0,25,1,0,12.9,87.2,Huancavelica,13.71,0
13.9,3735.0,6,0,0,8.3,65.4,Huancavelica,13.71,0
13.9,3720.0,12,1,0,10.0,73.6,Huancavelica,13.71,0
15.0,3719.0,33,0,0,11.8,87.0,Huancavelica,14.81,0
14.6,3719.0,29,1,0,12.8,87.5,Huancavelica,14.41,0
10.1,3719.0,9,1,0,8.4,69.6,Huancavelica,9.91,1
12.5,3201.0,10,1,0,9.2,72.8,Huancavelica,12.38,0
13.5,3201.0,31,0,0,11.5,85.5,Huancavelica,13.38,0
12.1,3201.0,14,1,0,10.0,72.6,Huancavelica,11.98,0
14.3,3201.0,34,0,0,11.3,87.1,Huancavelica,14.18,0
14.1,3201.0,26,0,0,13.7,87.4,Huancavelica,13.98,0
12.5,3768.0,34,1,1,12.7,86.7,Huancavelica,12.31,0
11.8,3768.0,12,1,1,9.6,75.4,Huancavelica,11.61,0
14.3,3288.0,25,0,1,12.1,85.8,Huancavelica,14.17,0
12.4,3288.0,6,1,1,7.3,67.8,Huancavelica,12.27,0
12.3,2739.0,30,1,1,12.1,89.6,Huancavelica,12.22,0
12.9,2739.0,33,1,1,11.7,88.6,Huancavelica,12.82,0
13.5,2739.0,23,1,1,12.0,83.6,Huancavelica,13.42,0
13.2,2684.0,23,0,1,10.5,80.5,Huancavelica,13.13,0
13.3,2684.0,21,0,1,11.5,84.0,Huancavelica,13.23,0
12.8,2684.0,34,1,1,15.4,94.9,Huancavelica,12.73,0
14.0,3247.0,8,1,1,9.8,70.5,Huancavelica,13.87,0
14.4,3247.0,34,1,1,12.9,87.9,Huancavelica,14.27,0
11.4,3247.0,32,1,1,12.0,88.1,Huancavelica,11.27,0
13.4,3247.0,31,1,1,11.9,81.2,Huancavelica,13.27,0
11.7,3247.0,6,0,1,5.9,61.7,Huancavelica,11.57,0
13.8,3692.0,17,1,1,8.7,73.0,Huancavelica,13.62,0
14.0,3692.0,24,0,1,10.9,84.3,Huancavelica,13.82,0
11.5,3287.0,6,1,1,7.6,65.0,Huancavelica,11.37,0
10.2,3287.0,11,0,1,9.3,72.8,Huancavelica,10.07,1
13.4,3287.0,27,1,1,12.8,88.1,Huancavelica,13.27,0
13.8,3287.0,13,1,1,10.1,70.4,Huancavelica,13.67,0
14.3,4177.0,21,0,1,9.2,78.4,Huancavelica,14.05,0
15.5,4177.0,25,1,1,10.3,79.5,Huancavelica,15.25,0
17.0,4177.0,24,0,1,10.4,83.1,Huancavelica,16.75,0
14.3,4177.0,16,1,1,9.6,76.1,Huancavelica,14.05,0
13.7,3811.0,10,0,1,7.8,72.5,Huancavelica,13.5,0
13.6,3728.0,19,0,1,11.1,78.7,Huancavelica,13.41,0
9.8,3728.0,19,1,1,11.0,78.5,Huancavelica,9.61,1
15.0,3728.0,33,0,1,12.1,87.6,Huancavelica,14.81,0
13.7,3728.0,24,1,1,10.9,84.2,Huancavelica,13.51,0
13.7,2286.0,21,0,1,10.9,80.5,Huancavelica,13.66,0
12.3,2286.0,17,1,1,12.7,80.5,Huancavelica,12.26,0
13.7,3588.0,6,0,1,7.0,63.2,Huancavelica,13.53,0
12.4,3588.0,14,0,1,8.1,72.1,Huancavelica,12.23,0
13.5,3968.0,24,0,1,10.6,81.2,Huancavelica,13.28,0
14.1,3968.0,15,0,1,9.5,75.0,Huancavelica,13.88,0
13.8,3968.0,33,0,1,11.4,87.7,Huancavelica,13.58,0
11.6,1964.0,8,0,0,11.0,70.1,Huanuco,11.58,0
13.1,1964.0,10,1,0,10.1,72.6,Huanuco,13.08,0
10.6,1964.0,15,0,0,9.3,72.7,Huanuco,10.58,1
10.8,1964.0,13,0,0,8.5,70.8,Huanuco,10.78,1
12.3,1980.0,21,0,0,8.9,77.3,Huanuco,12.28,0
11.1,1980.0,7,1,0,9.0,66.8,Huanuco,11.08,0
12.5,1968.0,27,0,0,14.3,86.0,Huanuco,12.48,0
12.6,1956.0,33,1,0,14.1,93.3,Huanuco,12.58,0
11.9,1956.0,32,1,0,14.7,93.4,Huanuco,11.88,0
13.1,1956.0,34,1,0,15.6,94.3,Huanuco,13.08,0
12.0,1943.0,20,0,0,9.7,77.5,Huanuco,11.98,0
12.9,1943.0,23,1,0,13.3,88.1,Huanuco,12.88,0
12.3,1943.0,26,1,0,11.4,88.0,Huanuco,12.28,0
9.8,1943.0,14,1,0,10.1,77.4,Huanuco,9.78,1
10.4,601.0,15,1,0,9.0,72.4,Huanuco,10.4,1
9.8,601.0,14,1,0,9.5,75.3,Huanuco,9.8,1
10.0,601.0,17,1,0,10.7,76.6,Huanuco,10.0,1
11.8,583.0,28,1,0,12.6,90.1,Huanuco,11.8,0
10.7,583.0,20,0,0,10.7,81.0,Huanuco,10.7,1
11.9,583.0,34,0,0,14.7,93.9,Huanuco,11.9,0
14.3,2396.0,21,1,0,10.8,82.3,Huanuco,14.25,0
12.7,2396.0,24,0,0,12.8,84.8,Huanuco,12.65,0
12.4,2471.0,32,0,0,12.3,89.5,Huanuco,12.34,0
14.0,3157.0,31,0,1,12.0,87.6,Huanuco,13.88,0
12.2,3157.0,14,1,1,9.0,73.1,Huanuco,12.08,0
13.4,3157.0,30,1,1,10.7,82.1,Huanuco,13.28,0
11.8,3157.0,22,1,1,10.9,80.6,Huanuco,11.68,0
14.6,3157.0,13,0,1,8.7,72.8,Huanuco,14.48,0
11.8,3248.0,33,1,1,13.9,85.6,Huanuco,11.67,0
11.2,3248.0,29,0,1,10.5,82.3,Huanuco,11.07,0
13.6,3248.0,33,0,1,10.7,84.9,Huanuco,13.47,0
11.9,606.0,16,1,1,12.9,82.8,Huanuco,11.9,0
12.5,606.0,32,0,1,14.2,87.7,Huanuco,12.5,0
11.5,606.0,15,1,1,8.6,73.1,Huanuco,11.5,0
10.4,1136.0,7,1,1,8.3,67.8,Huanuco,10.41,1
10.0,1136.0,7,1,1,9.4,68.4,Huanuco,10.01,1
11.9,3613.0,24,1,1,10.8,79.3,Huanuco,11.73,0
15.1,3613.0,19,0,1,10.8,77.0,Huanuco,14.93,0
13.0,3613.0,25,0,1,12.1,85.3,Huanuco,12.83,0
13.2,3480.0,6,0,1,7.1,64.9,Huanuco,13.04,0
13.6,3480.0,28,0,1,12.1,85.6,Huanuco,13.44,0
12.7,3480.0,6,0,1,7.3,62.9,Huanuco,12.54,0
14.3,3480.0,33,1,1,14.5,90.2,Huanuco,14.14,0
13.0,3824.0,23,1,1,11.6,83.7,Huanuco,12.8,0
14.5,3824.0,7,1,1,8.1,68.9,Huanuco,14.3,0
13.5,3824.0,29,1,1,11.9,82.8,Huanuco,13.3,0
12.4,2130.0,22,0,1,12.9,85.5,Huanuco,12.37,0
12.3,2130.0,19,0,1,10.0,76.9,Huanuco,12.27,0
11.9,2130.0,19,1,1,9.9,80.0,Huanuco,11.87,0
11.3,2130.0,24,0,1,10.7,84.0,Huanuco,11.27,0
13.8,3746.0,8,0,1,7.3,67.7,Huanuco,13.61,0
12.9,3746.0,8,1,1,7.5,65.4,Huanuco,12.71,0
13.2,3746.0,28,0,1,12.7,85.6,Huanuco,13.01,0
13.2,162.0,20,1,1,11.6,79.7,Huanuco,13.2,0
9.5,162.0,13,1,1,8.1,72.8,Huanuco,9.5,1
9.9,162.0,19,1,1,10.0,80.7,Huanuco,9.9,1
11.5,162.0,28,1,1,10.4,84.3,Huanuco,11.5,0
10.7,162.0,17,0,1,10.1,79.8,Huanuco,10.7,1
11.2,162.0,31,1,1,12.6,91.1,Huanuco,11.2,0
12.1,491.0,16,1,0,10.6,74.4,Ica,12.1,0
11.1,491.0,23,0,0,11.5,82.0,Ica,11.1,0
10.6,491.0,18,0,0,11.0,77.8,Ica,10.6,1
12.0,430.0,32,0,0,14.5,94.3,Ica,12.0,0
10.5,430.0,21,0,0,10.8,84.0,Ica,10.5,1
12.6,442.0,27,0,0,13.7,86.5,Ica,12.6,0
10.5,442.0,26,1,0,14.8,89.4,Ica,10.5,1
11.2,442.0,35,1,0,17.0,98.4,Ica,11.2,0
12.0,437.0,31,1,0,14.2,89.2,Ica,12.0,0
13.2,437.0,16,1,0,10.8,81.1,Ica,13.2,0
12.8,449.0,20,0,0,17.2,88.8,Ica,12.8,0
12.1,449.0,13,1,0,11.9,78.7,Ica,12.1,0
9.4,523.0,25,1,0,12.0,80.2,Ica,9.4,1
9.8,523.0,12,0,0,9.5,70.6,Ica,9.8,1
9.8,103.0,21,0,0,8.8,80.0,Ica,9.8,1
9.3,103.0,25,1,0,11.3,81.7,Ica,9.3,1
11.8,103.0,18,1,0,10.0,75.5,Ica,11.8,0
11.9,103.0,16,1,0,11.5,78.8,Ica,11.9,0
10.7,107.0,7,0,0,7.2,62.7,Ica,10.7,1
11.9,107.0,13,1,0,10.0,73.2,Ica,11.9,0
11.0,107.0,10,1,0,8.8,70.5,Ica,11.0,0
10.4,121.0,28,0,0,13.7,88.6,Ica,10.4,1
11.7,121.0,35,1,0,13.4,88.6,Ica,11.7,0
11.2,121.0,13,1,0,9.2,74.9,Ica,11.2,0
10.8,121.0,6,0,0,8.4,65.3,Ica,10.8,1
11.5,108.0,30,0,0,11.7,87.3,Ica,11.5,0
12.1,108.0,27,1,0,9.3,75.5,Ica,12.1,0
11.8,108.0,17,0,0,11.9,78.3,Ica,11.8,0
8.5,108.0,11,0,0,8.4,70.4,Ica,8.5,1
10.8,108.0,16,1,0,9.5,76.3,Ica,10.8,1
11.0,22.0,24,0,0,12.6,79.2,Ica,11.0,0
11.7,22.0,11,1,0,7.6,69.2,Ica,11.7,0
11.3,22.0,9,0,0,7.5,66.6,Ica,11.3,0
11.5,22.0,21,0,0,11.4,81.0,Ica,11.5,0
11.7,22.0,20,0,0,10.1,77.3,Ica,11.7,0
11.1,123.0,29,1,0,14.2,89.5,Ica,11.1,0
14.0,123.0,16,1,0,12.0,81.4,Ica,14.0,0
9.5,123.0,25,1,0,12.3,86.6,Ica,9.5,1
12.3,460.0,35,1,0,12.2,91.6,Ica,12.3,0
11.9,460.0,16,1,0,10.0,79.0,Ica,11.9,0
10.8,460.0,13,1,0,10.6,78.9,Ica,10.8,1
10.9,460.0,34,1,0,16.6,95.6,Ica,10.9,1
11.0,443.0,26,0,0,13.6,87.2,Ica,11.0,0
11.7,443.0,19,0,0,10.8,80.9,Ica,11.7,0
10.6,443.0,19,0,0,11.6,80.0,Ica,10.6,1
11.7,443.0,26,1,0,12.8,85.5,Ica,11.7,0
10.9,395.0,20,0,0,9.8,75.2,Ica,10.9,1
11.4,395.0,19,0,0,10.5,80.0,Ica,11.4,0
10.2,369.0,7,1,0,7.8,66.7,Ica,10.2,1
11.4,369.0,15,1,0,11.4,79.7,Ica,11.4,0
11.4,369.0,6,0,0,7.6,64.0,Ica,11.4,0
10.7,369.0,21,1,0,14.7,87.5,Ica,10.7,1
11.6,369.0,22,1,0,13.0,85.8,Ica,11.6,0
9.6,668.0,23,0,0,10.4,81.5,Ica,9.6,1
9.9,668.0,13,0,0,10.7,76.8,Ica,9.9,1
12.1,668.0,19,0,0,10.1,80.9,Ica,12.1,0
10.3,668.0,33,1,0,13.2,95.0,Ica,10.3,1
11.3,173.0,10,0,0,11.2,74.1,Ica,11.3,0
12.7,173.0,24,0,0,9.9,82.4,Ica,12.7,0
9.6,455.0,18,1,0,11.9,78.9,Ica,9.6,1
11.8,455.0,27,0,0,12.9,88.0,Ica,11.8,0
12.9,455.0,26,0,0,11.9,84.7,Ica,12.9,0
12.5,110.0,32,0,1,15.2,90.4,Ica,12.5,0
12.3,110.0,21,1,1,11.0,80.3,Ica,12.3,0
8.7,110.0,9,0,1,9.2,71.6,Ica,8.7,1
9.6,387.0,26,0,1,11.6,85.5,Ica,9.6,1
12.2,387.0,33,0,1,14.1,92.0,Ica,12.2,0
11.2,2910.0,13,1,0,10.5,76.3,Junin,11.11,0
13.9,3313.0,11,1,0,8.7,72.3,Junin,13.76,0
15.0,3313.0,35,0,0,12.9,87.5,Junin,14.86,0
14.1,3313.0,30,1,0,13.4,92.3,Junin,13.96,0
12.7,3516.0,9,0,0,7.5,66.3,Junin,12.54,0
12.2,3269.0,10,0,0,8.1,78.7,Junin,12.07,0
12.2,3269.0,7,0,0,8.1,64.5,Junin,12.07,0
13.7,3339.0,11,1,0,9.4,70.4,Junin,13.56,0
13.9,3339.0,29,0,0,11.2,88.1,Junin,13.76,0
12.9,3745.0,15,0,0,9.1,75.6,Junin,12.71,0
11.8,3745.0,28,1,0,11.3,85.8,Junin,11.61,0
11.1,3745.0,6,1,0,7.5,64.8,Junin,10.91,1
12.1,3745.0,14,0,0,8.8,70.5,Junin,11.91,0
13.9,3568.0,32,0,0,13.7,92.2,Junin,13.73,0
12.2,622.0,32,0,0,13.6,91.5,Junin,12.2,0
10.4,622.0,13,1,0,7.5,74.5,Junin,10.4,1
10.8,622.0,25,1,0,10.5,81.5,Junin,10.8,1
11.3,622.0,30,1,0,12.0,84.9,Junin,11.3,0
11.0,622.0,19,0,0,10.6,81.8,Junin,11.0,0
10.3,622.0,14,0,0,10.3,77.8,Junin,10.3,1
14.7,3418.0,18,1,0,11.1,80.5,Junin,14.55,0
13.0,3418.0,27,1,0,9.9,77.4,Junin,12.85,0
10.1,3418.0,17,0,0,9.5,77.5,Junin,9.95,1
13.2,3282.0,17,0,0,10.3,79.7,Junin,13.07,0
12.5,3282.0,20,1,0,10.4,78.5,Junin,12.37,0
13.6,3299.0,24,0,0,10.0,82.9,Junin,13.47,0
12.5,3299.0,17,1,0,9.2,75.5,Junin,12.37,0
11.5,3299.0,9,1,0,11.1,72.2,Junin,11.37,0
13.0,3299.0,23,0,0,12.6,84.1,Junin,12.87,0
11.8,3225.0,6,1,0,8.6,67.1,Junin,11.67,0
10.1,685.0,10,1,0,9.3,72.3,Junin,10.1,1
10.9,685.0,17,1,0,9.9,80.3,Junin,10.9,1
9.5,685.0,8,1,0,8.4,68.6,Junin,9.5,1
11.6,2417.0,32,0,1,12.4,88.7,Junin,11.55,0
11.2,2417.0,15,1,1,11.4,78.3,Junin,11.15,0
12.6,2417.0,28,0,1,14.4,88.5,Junin,12.55,0
12.8,2417.0,22,1,1,9.0,78.5,Junin,12.75,0
14.5,3841.0,13,0,1,8.6,72.4,Junin,14.3,0
13.6,3841.0,17,0,1,9.8,76.5,Junin,13.4,0
13.7,3841.0,34,0,1,13.2,89.7,Junin,13.5,0
10.5,629.0,29,1,1,16.8,95.7,Junin,10.5,1
9.8,629.0,14,1,1,10.0,76.5,Junin,9.8,1
10.9,752.0,11,1,1,10.6,77.1,Junin,10.9,1
11.3,752.0,27,0,1,13.9,89.7,Junin,11.3,0
13.3,996.0,10,1,1,11.1,76.8,Junin,13.3,0
9.4,996.0,18,0,1,10.7,78.5,Junin,9.4,1
11.0,996.0,26,0,1,12.9,86.7,Junin,11.0,0
11.5,996.0,14,0,1,9.2,75.0,Junin,11.5,0
11.4,98.0,13,0,0,8.5,71.4,La Libertad,11.4,0
10.9,98.0,10,0,0,9.8,73.0,La Libertad,10.9,1
10.8,95.0,9,1,0,9.5,73.3,La Libertad,10.8,1
9.3,95.0,13,1,0,10.8,76.8,La Libertad,9.3,1
10.3,95.0,8,1,0,10.7,72.6,La Libertad,10.3,1
11.4,95.0,18,0,0,11.4,79.3,La Libertad,11.4,0
11.4,139.0,20,1,0,11.9,82.5,La Libertad,11.4,0
10.3,139.0,27,0,0,15.1,92.9,La Libertad,10.3,1
12.8,139.0,33,0,0,16.8,90.0,La Libertad,12.8,0
10.4,139.0,14,1,0,9.4,72.5,La Libertad,10.4,1
12.2,73.0,15,0,0,8.3,74.7,La Libertad,12.2,0
11.2,73.0,33,1,0,14.9,99.1,La Libertad,11.2,0
9.5,17.0,10,1,0,9.9,73.0,La Libertad,9.5,1
11.3,17.0,18,0,0,9.6,77.0,La Libertad,11.3,0
11.6,212.0,9,1,0,8.4,71.5,La Libertad,11.6,0
12.6,212.0,28,0,0,13.4,90.0,La Libertad,12.6,0
11.9,212.0,24,0,0,11.0,80.5,La Libertad,11.9,0
11.3,54.0,28,0,0,9.4,84.4,La Libertad,11.3,0
11.2,54.0,19,0,0,11.7,80.6,La Libertad,11.2,0
13.3,54.0,29,1,0,12.5,89.5,La Libertad,13.3,0
11.4,54.0,11,0,0,9.0,72.0,La Libertad,11.4,0
12.5,65.0,25,1,0,14.7,91.0,La Libertad,12.5,0
11.6,137.0,33,1,0,13.6,92.0,La Libertad,11.6,0
12.5,137.0,14,1,0,10.2,75.0,La Libertad,12.5,0
11.6,137.0,32,1,0,13.5,89.5,La Libertad,11.6,0
10.0,137.0,29,1,0,10.6,82.3,La Libertad,10.0,1
11.0,114.0,16,1,0,10.5,78.5,La Libertad,11.0,0
11.3,114.0,13,1,0,8.3,74.5,La Libertad,11.3,0
11.2,114.0,32,1,0,12.8,89.1,La Libertad,11.2,0
9.1,114.0,16,0,0,10.5,77.9,La Libertad,9.1,1
10.6,114.0,20,1,0,10.5,81.5,La Libertad,10.6,1
11.5,114.0,11,1,0,8.9,73.2,La Libertad,11.5,0
11.5,16.0,11,0,0,9.7,68.0,La Libertad,11.5,0
10.7,16.0,11,1,0,11.2,76.3,La Libertad,10.7,1
14.7,3416.0,33,1,0,13.3,89.2,La Libertad,14.55,0
14.6,3416.0,10,0,0,8.1,69.4,La Libertad,14.45,0
14.2,3416.0,32,0,0,14.1,88.4,La Libertad,14.05,0
11.5,178.0,31,0,0,12.0,86.3,La Libertad,11.5,0
10.2,178.0,6,0,0,7.0,64.6,La Libertad,10.2,1
11.2,178.0,35,1,0,12.5,91.9,La Libertad,11.2,0
12.0,178.0,18,0,0,10.9,79.9,La Libertad,12.0,0
13.4,2192.0,33,0,0,12.1,86.9,La Libertad,13.36,0
13.1,2192.0,26,0,0,9.4,81.4,La Libertad,13.06,0
11.8,2192.0,23,1,0,10.4,78.3,La Libertad,11.76,0
13.9,2192.0,32,0,0,12.2,83.4,La Libertad,13.86,0
10.5,2192.0,11,1,0,9.8,71.1,La Libertad,10.46,1
13.1,148.0,8,1,1,6.7,64.2,La Libertad,13.1,0
11.4,148.0,8,1,1,8.7,69.7,La Libertad,11.4,0
10.5,148.0,21,1,1,12.8,83.0,La Libertad,10.5,1
11.6,148.0,12,0,1,10.6,74.9,La Libertad,11.6,0
11.2,1898.0,16,1,1,10.9,79.3,La Libertad,11.18,0
12.4,1898.0,10,0,1,9.8,71.8,La Libertad,12.38,0
9.7,1898.0,8,1,1,8.8,69.8,La Libertad,9.68,1
10.8,1898.0,9,1,1,6.8,67.3,La Libertad,10.78,1
12.7,1898.0,9,0,1,6.7,66.7,La Libertad,12.68,0
12.1,1898.0,26,1,1,12.1,83.1,La Libertad,12.08,0
11.3,1898.0,33,0,1,12.9,86.4,La Libertad,11.28,0
12.2,2273.0,35,1,1,14.8,85.8,La Libertad,12.16,0
12.7,2273.0,13,1,1,7.3,69.1,La Libertad,12.66,0
13.0,3182.0,32,1,1,11.9,90.2,La Libertad,12.88,0
12.2,3182.0,26,0,1,11.5,87.2,La Libertad,12.08,0
14.6,3182.0,23,0,1,11.3,81.3,La Libertad,14.48,0
14.2,3182.0,22,1,1,11.3,83.8,La Libertad,14.08,0
12.9,3182.0,23,0,1,10.2,81.1,La Libertad,12.78,0
11.8,31.0,7,1,0,9.2,72.0,Lambayeque,11.8,0
10.5,31.0,16,1,0,10.3,77.3,Lambayeque,10.5,1
7.0,39.0,10,0,0,8.9,74.4,Lambayeque,7.0,1
12.2,43.0,10,0,0,7.4,71.0,Lambayeque,12.2,0
11.5,43.0,22,1,0,11.4,84.8,Lambayeque,11.5,0
9.5,52.0,26,0,0,11.8,84.4,Lambayeque,9.5,1
8.6,52.0,7,1,0,10.0,74.4,Lambayeque,8.6,1
12.6,52.0,35,1,0,14.6,94.5,Lambayeque,12.6,0
8.9,40.0,20,1,0,10.6,79.4,Lambayeque,8.9,1
10.3,40.0,19,1,0,9.8,77.3,Lambayeque,10.3,1
11.9,40.0,14,1,0,10.7,75.4,Lambayeque,11.9,0
12.2,40.0,15,0,0,9.5,78.3,Lambayeque,12.2,0
11.1,40.0,26,0,0,13.9,88.3,Lambayeque,11.1,0
13.0,34.0,25,1,0,13.3,91.3,Lambayeque,13.0,0
12.7,38.0,26,1,0,11.7,86.5,Lambayeque,12.7,0
11.1,38.0,31,0,0,13.4,91.4,Lambayeque,11.1,0
10.2,45.0,9,1,0,8.5,71.1,Lambayeque,10.2,1
12.3,45.0,27,0,0,10.4,82.0,Lambayeque,12.3,0
11.1,45.0,26,1,0,10.6,86.0,Lambayeque,11.1,0
11.0,45.0,9,0,0,7.3,68.3,Lambayeque,11.0,0
11.4,31.0,21,0,0,15.4,83.0,Lambayeque,11.4,0
10.9,31.0,25,0,0,10.9,83.6,Lambayeque,10.9,1
10.9,31.0,32,1,0,11.7,85.0,Lambayeque,10.9,1
10.8,31.0,9,1,0,8.6,71.7,Lambayeque,10.8,1
10.6,31.0,22,1,0,10.9,82.6,Lambayeque,10.6,1
10.4,171.0,14,1,0,10.5,77.0,Lambayeque,10.4,1
10.4,171.0,28,1,0,16.1,92.6,Lambayeque,10.4,1
11.5,171.0,8,0,0,8.3,67.7,Lambayeque,11.5,0
10.5,192.0,17,1,0,11.8,85.4,Lambayeque,10.5,1
10.9,192.0,34,1,0,13.1,92.1,Lambayeque,10.9,1
11.3,192.0,27,1,0,12.2,87.1,Lambayeque,11.3,0
11.7,56.0,29,0,0,8.7,78.1,Lambayeque,11.7,0
11.1,56.0,7,1,0,10.0,68.7,Lambayeque,11.1,0
12.6,56.0,25,0,0,11.7,83.5,Lambayeque,12.6,0
9.6,56.0,23,1,0,10.8,84.3,Lambayeque,9.6,1
9.9,56.0,23,0,0,11.0,85.5,Lambayeque,9.9,1
13.0,228.0,32,0,0,12.8,85.9,Lambayeque,13.0,0
11.4,228.0,9,1,0,10.8,74.3,Lambayeque,11.4,0
12.8,227.0,25,1,0,21.1,86.6,Lambayeque,12.8,0
9.9,227.0,12,0,0,10.5,77.2,Lambayeque,9.9,1
11.0,227.0,16,1,0,8.2,74.2,Lambayeque,11.0,0
11.7,231.0,14,0,0,8.3,73.7,Lambayeque,11.7,0
13.7,231.0,13,0,0,10.6,77.6,Lambayeque,13.7,0
11.2,231.0,26,1,0,10.1,81.9,Lambayeque,11.2,0
10.4,70.0,17,0,0,8.5,74.1,Lambayeque,10.4,1
11.0,70.0,10,0,0,7.2,69.0,Lambayeque,11.0,0
12.2,70.0,34,1,0,13.0,93.1,Lambayeque,12.2,0
10.7,70.0,30,1,0,9.3,81.0,Lambayeque,10.7,1
11.4,70.0,26,0,0,10.0,81.2,Lambayeque,11.4,0
10.5,62.0,10,1,0,10.0,73.3,Lambayeque,10.5,1
11.7,47.0,21,1,1,11.5,81.7,Lambayeque,11.7,0
10.7,47.0,20,1,1,9.6,75.5,Lambayeque,10.7,1
11.6,47.0,25,1,1,12.6,85.0,Lambayeque,11.6,0
12.7,56.0,32,1,1,13.1,93.7,Lambayeque,12.7,0
10.4,56.0,27,1,1,12.6,85.5,Lambayeque,10.4,1
11.1,56.0,29,1,1,11.1,84.5,Lambayeque,11.1,0
11.8,56.0,29,1,1,11.8,84.7,Lambayeque,11.8,0
13.4,56.0,30,0,1,13.0,87.0,Lambayeque,13.4,0
13.3,56.0,22,0,1,10.6,80.0,Lambayeque,13.3,0
12.5,56.0,33,0,1,12.5,86.7,Lambayeque,12.5,0
12.1,56.0,30,0,1,14.3,93.0,Lambayeque,12.1,0
11.4,151.0,13,1,1,10.9,79.8,Lambayeque,11.4,0
10.8,151.0,27,1,1,12.7,84.9,Lambayeque,10.8,1
12.5,151.0,7,0,1,9.4,67.5,Lambayeque,12.5,0
8.5,151.0,10,1,1,8.2,70.2,Lambayeque,8.5,1
11.6,151.0,31,0,1,11.0,83.3,Lambayeque,11.6,0
12.4,151.0,28,0,1,11.1,84.4,Lambayeque,12.4,0
9.7,238.0,30,1,0,12.8,89.7,Lima,9.7,1
11.4,238.0,31,0,0,14.3,92.6,Lima,11.4,0
11.1,301.0,22,0,0,11.5,82.2,Lima,11.1,0
11.6,301.0,26,0,0,13.3,88.6,Lima,11.6,0
10.9,301.0,28,0,0,11.5,84.9,Lima,10.9,1
11.9,301.0,34,0,0,13.6,94.0,Lima,11.9,0
11.1,223.0,7,1,0,9.8,69.4,Lima,11.1,0
11.7,223.0,12,0,0,9.9,73.8,Lima,11.7,0
10.9,59.0,7,0,0,9.8,71.2,Lima,10.9,1
12.5,59.0,35,0,0,13.6,93.0,Lima,12.5,0
12.7,59.0,15,1,0,13.5,79.1,Lima,12.7,0
11.5,87.0,26,1,0,12.4,90.7,Lima,11.5,0
9.9,144.0,10,1,0,10.4,74.6,Lima,9.9,1
9.0,91.0,8,1,0,9.1,69.8,Lima,9.0,1
12.4,99.0,8,0,0,9.1,69.3,Lima,12.4,0
10.7,99.0,6,0,0,7.7,69.1,Lima,10.7,1
9.0,67.0,14,0,0,9.1,73.7,Lima,9.0,1
9.6,67.0,15,1,0,10.0,75.6,Lima,9.6,1
11.4,67.0,30,1,0,12.9,87.2,Lima,11.4,0
9.3,67.0,9,0,0,9.0,70.5,Lima,9.3,1
12.7,80.0,29,0,0,12.4,88.3,Lima,12.7,0
9.6,93.0,27,0,0,11.1,88.5,Lima,9.6,1
11.4,93.0,28,1,0,14.0,92.8,Lima,11.4,0
12.4,107.0,28,0,0,10.3,84.7,Lima,12.4,0
12.2,107.0,32,0,0,15.4,96.6,Lima,12.2,0
12.0,107.0,13,0,0,8.8,73.5,Lima,12.0,0
11.0,107.0,11,0,0,8.9,73.2,Lima,11.0,0
11.0,107.0,28,1,0,13.0,91.5,Lima,11.0,0
9.5,111.0,24,0,0,11.2,84.2,Lima,9.5,1
7.2,111.0,15,1,0,10.7,74.9,Lima,7.2,1
7.6,111.0,9,1,0,8.9,67.1,Lima,7.6,1
10.9,111.0,26,0,0,16.0,85.7,Lima,10.9,1
11.1,111.0,21,1,0,12.9,86.9,Lima,11.1,0
10.7,172.0,12,1,0,10.0,74.0,Lima,10.7,1
12.1,172.0,9,0,0,10.7,71.0,Lima,12.1,0
11.3,177.0,25,0,0,13.3,88.0,Lima,11.3,0
12.9,177.0,11,0,0,10.1,69.8,Lima,12.9,0
13.6,152.0,23,1,0,15.4,90.9,Lima,13.6,0
12.2,296.0,33,0,0,11.0,85.9,Lima,12.2,0
11.5,296.0,7,1,0,8.8,68.9,Lima,11.5,0
12.4,296.0,25,0,0,14.4,86.0,Lima,12.4,0
12.9,296.0,29,1,0,12.7,87.0,Lima,12.9,0
12.1,296.0,19,0,0,11.3,80.4,Lima,12.1,0
12.4,296.0,30,0,0,11.3,90.0,Lima,12.4,0
10.8,380.0,22,1,0,12.0,81.2,Lima,10.8,1
12.5,285.0,20,0,0,11.9,81.2,Lima,12.5,0
12.8,285.0,33,1,0,16.2,93.1,Lima,12.8,0
12.5,285.0,8,0,0,11.0,73.1,Lima,12.5,0
11.5,255.0,16,0,0,11.6,79.0,Lima,11.5,0
10.2,255.0,17,1,0,12.4,80.0,Lima,10.2,1
12.4,255.0,22,1,0,12.0,83.6,Lima,12.4,0
11.5,255.0,27,1,0,12.2,88.4,Lima,11.5,0
11.6,550.0,19,0,0,12.0,84.2,Lima,11.6,0
12.7,550.0,20,1,0,13.6,89.0,Lima,12.7,0
12.8,929.0,32,1,0,14.1,93.0,Lima,12.8,0
11.2,929.0,17,0,0,12.4,77.1,Lima,11.2,0
12.7,929.0,12,0,0,13.4,78.2,Lima,12.7,0
9.9,586.0,16,1,0,9.9,76.2,Lima,9.9,1
10.4,586.0,20,1,0,11.4,84.5,Lima,10.4,1
10.3,409.0,23,0,0,9.4,78.1,Lima,10.3,1
12.7,409.0,29,1,0,13.0,91.9,Lima,12.7,0
10.2,409.0,17,0,0,10.1,77.7,Lima,10.2,1
10.5,409.0,11,0,0,9.2,70.3,Lima,10.5,1
12.6,268.0,30,1,0,11.1,86.3,Lima,12.6,0
11.9,268.0,8,1,0,8.6,72.5,Lima,11.9,0
10.7,268.0,31,1,0,12.5,90.0,Lima,10.7,1
8.4,268.0,7,1,0,9.3,71.3,Lima,8.4,1
11.2,341.0,9,1,0,8.6,69.1,Lima,11.2,0
11.2,341.0,19,1,0,11.7,81.5,Lima,11.2,0
12.9,341.0,25,1,0,13.4,90.7,Lima,12.9,0
9.6,409.0,20,1,0,10.8,83.5,Lima,9.6,1
9.5,409.0,6,1,0,9.5,72.4,Lima,9.5,1
11.4,409.0,12,0,0,9.5,75.4,Lima,11.4,0
12.3,334.0,30,0,0,12.3,92.5,Lima,12.3,0
10.3,334.0,33,1,0,13.6,91.9,Lima,10.3,1
9.9,334.0,13,1,0,9.2,75.1,Lima,9.9,1
12.4,162.0,25,1,0,14.3,92.4,Lima,12.4,0
10.6,162.0,11,1,0,11.8,75.0,Lima,10.6,1
11.2,198.0,29,1,0,12.6,88.5,Lima,11.2,0
12.8,198.0,29,1,0,15.5,94.3,Lima,12.8,0
12.0,153.0,20,0,0,10.8,79.4,Lima,12.0,0
11.6,153.0,30,0,0,15.2,95.2,Lima,11.6,0
10.5,153.0,6,0,0,7.3,65.2,Lima,10.5,1
11.8,99.0,26,0,0,17.8,88.8,Lima,11.8,0
10.0,99.0,11,1,0,9.0,70.3,Lima,10.0,1
9.9,200.0,10,0,0,8.3,67.5,Lima,9.9,1
11.1,215.0,34,1,0,13.9,94.3,Lima,11.1,0
11.3,128.0,29,1,0,15.0,90.9,Lima,11.3,0
11.5,128.0,14,0,0,9.8,75.2,Lima,11.5,0
11.5,104.0,21,1,0,12.3,80.0,Lima,11.5,0
11.5,104.0,28,0,0,14.1,89.8,Lima,11.5,0
11.3,135.0,9,1,0,13.5,74.9,Lima,11.3,0
13.8,270.0,32,1,0,14.0,90.7,Lima,13.8,0
12.0,270.0,13,0,0,9.4,72.4,Lima,12.0,0
11.4,100.0,25,1,0,13.2,87.3,Lima,11.4,0
11.4,100.0,35,1,0,14.7,95.5,Lima,11.4,0
10.2,111.0,25,0,0,10.1,81.6,Lima,10.2,1
9.8,111.0,18,0,0,11.1,77.1,Lima,9.8,1
9.3,111.0,15,0,0,10.4,77.6,Lima,9.3,1
8.4,259.0,10,1,0,9.0,71.4,Lima,8.4,1
10.0,259.0,33,1,0,13.0,87.7,Lima,10.0,1
10.0,259.0,14,0,0,14.1,80.3,Lima,10.0,1
9.9,274.0,32,1,0,23.3,100.0,Lima,9.9,1
11.3,220.0,28,1,0,14.7,94.8,Lima,11.3,0
10.4,220.0,33,1,0,12.7,92.0,Lima,10.4,1
10.9,220.0,32,1,0,15.6,94.4,Lima,10.9,1
11.4,220.0,23,1,0,10.2,82.8,Lima,11.4,0
11.6,220.0,14,1,0,9.5,75.1,Lima,11.6,0
9.8,220.0,26,1,0,11.5,89.3,Lima,9.8,1
11.7,113.0,21,0,0,10.3,80.5,Lima,11.7,0
12.8,113.0,17,0,0,10.0,79.6,Lima,12.8,0
11.7,113.0,17,1,0,12.6,82.8,Lima,11.7,0
9.2,113.0,11,1,0,9.4,71.8,Lima,9.2,1
11.7,125.0,26,1,0,13.1,87.4,Lima,11.7,0
10.0,333.0,10,1,0,11.4,74.6,Lima,10.0,1
12.3,333.0,26,0,0,10.7,82.2,Lima,12.3,0
9.4,202.0,19,1,0,12.0,86.0,Lima,9.4,1
10.5,202.0,16,0,0,10.1,79.5,Lima,10.5,1
10.6,420.0,24,0,0,13.3,85.9,Lima,10.6,1
10.0,420.0,7,1,0,12.0,74.7,Lima,10.0,1
10.3,14.0,33,0,0,12.4,93.4,Lima,10.3,1
11.5,14.0,9,1,0,10.0,75.4,Lima,11.5,0
10.9,14.0,22,0,0,11.8,84.6,Lima,10.9,1
12.4,264.0,31,0,0,13.4,90.3,Lima,12.4,0
11.6,264.0,23,0,0,12.2,83.4,Lima,11.6,0
8.9,264.0,12,1,0,8.4,72.9,Lima,8.9,1
10.8,264.0,23,0,0,9.8,76.5,Lima,10.8,1
10.2,264.0,19,0,0,9.9,77.3,Lima,10.2,1
10.4,568.0,28,1,0,13.5,89.3,Lima,10.4,1
11.7,568.0,19,0,0,13.8,84.3,Lima,11.7,0
10.5,568.0,24,1,0,11.1,81.8,Lima,10.5,1
10.2,568.0,6,1,0,7.8,66.3,Lima,10.2,1
12.6,40.0,27,1,0,16.4,88.5,Lima,12.6,0
10.3,40.0,10,1,0,11.0,74.6,Lima,10.3,1
11.4,35.0,13,1,0,12.6,78.8,Lima,11.4,0
10.1,35.0,16,1,0,12.4,77.7,Lima,10.1,1
10.4,69.0,32,1,0,13.6,90.5,Lima,10.4,1
12.5,69.0,18,0,0,9.3,75.3,Lima,12.5,0
10.9,69.0,35,0,0,13.2,88.2,Lima,10.9,1
10.8,46.0,24,1,0,10.8,83.4,Lima,10.8,1
11.6,46.0,13,0,0,11.8,72.5,Lima,11.6,0
11.3,46.0,14,1,0,11.3,79.0,Lima,11.3,0
11.1,46.0,18,1,0,11.1,79.0,Lima,11.1,0
11.6,59.0,33,1,0,16.0,92.5,Lima,11.6,0
8.1,59.0,24,1,0,14.2,87.9,Lima,8.1,1
11.9,59.0,22,0,0,11.2,82.0,Lima,11.9,0
10.7,61.0,16,0,0,9.0,76.2,Lima,10.7,1
10.4,61.0,18,1,0,12.1,81.0,Lima,10.4,1
11.1,61.0,6,1,0,9.5,65.6,Lima,11.1,0
10.8,86.0,12,0,0,9.9,74.2,Lima,10.8,1
11.7,86.0,34,0,0,13.9,88.5,Lima,11.7,0
11.3,101.0,35,1,0,14.6,93.7,Lima,11.3,0
10.5,101.0,12,0,0,9.6,76.8,Lima,10.5,1
11.3,69.0,34,1,0,14.3,92.2,Lima,11.3,0
10.8,69.0,24,1,0,13.1,91.8,Lima,10.8,1
11.0,69.0,32,1,0,15.7,96.5,Lima,11.0,0
10.9,76.0,22,1,0,11.4,82.2,Lima,10.9,1
11.5,76.0,15,0,0,9.9,75.4,Lima,11.5,0
11.8,109.0,26,1,0,11.0,83.7,Lima,11.8,0
10.3,109.0,6,1,0,7.5,63.1,Lima,10.3,1
11.8,109.0,34,0,0,14.3,90.8,Lima,11.8,0
11.6,109.0,28,1,0,12.5,87.0,Lima,11.6,0
11.9,109.0,20,1,0,11.8,84.4,Lima,11.9,0
10.8,108.0,9,1,0,9.1,70.7,Lima,10.8,1
11.5,152.0,18,0,0,10.8,78.2,Lima,11.5,0
11.3,152.0,15,1,0,10.1,76.9,Lima,11.3,0
11.9,152.0,27,0,0,17.3,93.0,Lima,11.9,0
11.2,152.0,11,1,0,8.9,71.8,Lima,11.2,0
10.6,127.0,6,0,0,8.9,66.6,Lima,10.6,1
11.1,127.0,26,1,0,12.2,87.1,Lima,11.1,0
11.8,127.0,14,0,0,9.2,73.2,Lima,11.8,0
10.9,49.0,20,1,0,11.5,80.7,Lima,10.9,1
10.9,49.0,14,1,0,11.2,77.6,Lima,10.9,1
11.5,49.0,7,0,0,10.1,67.5,Lima,11.5,0
10.5,49.0,34,0,0,12.5,88.5,Lima,10.5,1
11.2,301.0,30,1,1,12.8,86.1,Lima,11.2,0
11.2,301.0,28,1,1,10.5,82.5,Lima,11.2,0
12.3,301.0,26,1,1,12.8,88.7,Lima,12.3,0
11.3,601.0,26,0,1,11.0,85.1,Lima,11.3,0
11.7,601.0,34,0,1,11.1,86.1,Lima,11.7,0
12.2,601.0,11,0,1,8.0,70.2,Lima,12.2,0
14.1,4294.0,6,0,1,7.2,59.5,Lima,13.83,0
11.7,4294.0,21,0,1,9.3,78.6,Lima,11.43,0
13.4,4294.0,24,1,1,11.0,80.8,Lima,13.13,0
15.4,4294.0,25,0,1,11.0,82.4,Lima,15.13,0
13.6,4294.0,31,0,1,11.2,85.4,Lima,13.33,0
11.4,715.0,12,1,1,10.6,76.2,Lima,11.4,0
12.5,715.0,33,1,1,13.0,88.3,Lima,12.5,0
11.8,715.0,17,0,1,10.9,75.5,Lima,11.8,0
11.0,715.0,35,1,1,15.3,96.9,Lima,11.0,0
13.2,715.0,31,1,1,13.7,89.2,Lima,13.2,0
10.5,715.0,20,0,1,12.0,82.0,Lima,10.5,1
12.1,715.0,6,1,1,7.5,64.7,Lima,12.1,0
10.7,715.0,6,1,1,7.8,64.5,Lima,10.7,1
11.4,111.0,28,1,0,16.1,93.7,Loreto,11.4,0
12.1,111.0,31,1,0,14.2,89.8,Loreto,12.1,0
11.1,111.0,6,1,0,7.6,68.4,Loreto,11.1,0
10.3,95.0,27,1,0,12.6,87.3,Loreto,10.3,1
11.6,95.0,6,0,0,8.0,69.8,Loreto,11.6,0
9.0,95.0,11,1,0,10.9,75.2,Loreto,9.0,1
10.3,95.0,7,0,0,5.4,65.6,Loreto,10.3,1
13.1,105.0,16,1,0,9.6,75.1,Loreto,13.1,0
9.9,105.0,31,1,0,14.8,92.7,Loreto,9.9,1
7.9,105.0,9,0,0,7.9,67.0,Loreto,7.9,1
11.2,105.0,31,0,0,11.4,87.5,Loreto,11.2,0
10.4,105.0,8,0,0,7.6,67.1,Loreto,10.4,1
9.9,112.0,13,0,0,9.6,72.8,Loreto,9.9,1
9.9,112.0,13,0,0,8.8,73.4,Loreto,9.9,1
10.6,112.0,31,1,0,13.3,91.4,Loreto,10.6,1
12.3,112.0,26,0,0,11.8,83.6,Loreto,12.3,0
11.8,112.0,33,0,0,13.8,89.5,Loreto,11.8,0
13.4,118.0,34,0,0,15.8,93.5,Loreto,13.4,0
10.1,118.0,31,1,0,12.9,90.0,Loreto,10.1,1
10.3,102.0,29,0,0,12.6,86.5,Loreto,10.3,1
10.6,102.0,21,1,0,11.9,84.7,Loreto,10.6,1
12.0,102.0,32,0,0,13.9,91.5,Loreto,12.0,0
10.8,103.0,23,1,0,11.2,84.6,Loreto,10.8,1
9.7,103.0,20,1,0,11.2,82.8,Loreto,9.7,1
10.0,103.0,35,0,0,14.0,89.8,Loreto,10.0,1
11.9,104.0,32,0,0,11.2,86.6,Loreto,11.9,0
12.6,104.0,10,0,0,9.5,70.0,Loreto,12.6,0
12.1,104.0,28,0,0,10.2,81.2,Loreto,12.1,0
12.5,104.0,35,0,0,13.0,89.2,Loreto,12.5,0
10.1,120.0,17,1,0,8.2,73.5,Loreto,10.1,1
11.2,120.0,22,1,0,8.7,78.1,Loreto,11.2,0
11.3,125.0,6,0,0,6.8,67.7,Loreto,11.3,0
10.3,125.0,17,0,0,8.0,74.4,Loreto,10.3,1
11.9,125.0,23,1,0,14.5,85.0,Loreto,11.9,0
10.1,125.0,28,1,0,12.8,87.9,Loreto,10.1,1
11.8,107.0,29,0,0,13.4,89.4,Loreto,11.8,0
10.1,107.0,12,0,0,7.4,71.0,Loreto,10.1,1
9.7,107.0,34,0,0,11.6,87.0,Loreto,9.7,1
12.7,154.0,24,1,0,11.0,84.0,Loreto,12.7,0
11.2,154.0,31,0,0,12.9,89.3,Loreto,11.2,0
11.4,154.0,23,0,0,11.0,82.2,Loreto,11.4,0
9.5,154.0,12,0,0,8.5,72.9,Loreto,9.5,1
11.2,126.0,10,1,0,10.9,76.5,Loreto,11.2,0
9.4,126.0,7,1,0,6.3,64.7,Loreto,9.4,1
11.6,126.0,26,1,0,11.5,88.0,Loreto,11.6,0
12.2,140.0,28,0,0,11.3,85.2,Loreto,12.2,0
12.5,140.0,28,1,0,11.8,84.3,Loreto,12.5,0
11.1,140.0,14,0,0,9.2,75.9,Loreto,11.1,0
9.5,140.0,12,0,0,9.6,76.3,Loreto,9.5,1
10.6,140.0,20,1,0,9.1,75.2,Loreto,10.6,1
9.3,168.0,19,1,1,10.1,77.4,Loreto,9.3,1
11.0,168.0,32,0,1,10.3,84.2,Loreto,11.0,0
11.1,168.0,22,0,1,8.7,78.5,Loreto,11.1,0
11.2,168.0,33,1,1,10.9,83.7,Loreto,11.2,0
9.5,168.0,8,0,1,5.2,61.3,Loreto,9.5,1
11.7,168.0,25,1,1,10.7,81.0,Loreto,11.7,0
10.2,109.0,17,1,1,8.9,74.5,Loreto,10.2,1
9.8,109.0,17,0,1,8.7,76.4,Loreto,9.8,1
9.3,109.0,8,1,1,9.6,70.1,Loreto,9.3,1
12.0,109.0,30,1,1,13.5,88.6,Loreto,12.0,0
10.6,109.0,32,0,1,11.0,87.0,Loreto,10.6,1
11.2,109.0,21,0,1,9.4,80.1,Loreto,11.2,0
9.0,112.0,10,0,1,7.3,66.9,Loreto,9.0,1
10.8,112.0,28,0,1,10.5,81.3,Loreto,10.8,1
8.8,103.0,16,0,1,10.0,76.7,Loreto,8.8,1
10.5,103.0,26,1,1,13.0,87.0,Loreto,10.5,1
9.0,103.0,7,1,1,6.4,64.7,Loreto,9.0,1
11.4,103.0,7,0,1,7.5,64.2,Loreto,11.4,0
8.0,103.0,7,0,1,7.0,65.5,Loreto,8.0,1
9.0,103.0,22,0,1,9.9,80.2,Loreto,9.0,1
10.2,103.0,15,1,1,9.6,76.5,Loreto,10.2,1
10.3,196.0,35,1,1,11.7,88.1,Loreto,10.3,1
9.8,196.0,14,0,1,7.5,70.6,Loreto,9.8,1
10.6,196.0,13,0,1,7.9,73.2,Loreto,10.6,1
10.5,196.0,24,0,1,11.8,86.6,Loreto,10.5,1
10.3,204.0,19,1,0,10.5,81.2,Madre de Dios,10.3,1
11.7,204.0,19,0,0,10.5,79.8,Madre de Dios,11.7,0
13.0,204.0,32,1,0,12.4,91.0,Madre de Dios,13.0,0
11.0,205.0,26,0,0,11.3,83.6,Madre de Dios,11.0,0
10.8,207.0,21,0,0,9.8,92.7,Madre de Dios,10.8,1
11.6,207.0,20,0,0,10.8,79.5,Madre de Dios,11.6,0
10.9,207.0,9,0,0,9.5,71.8,Madre de Dios,10.9,1
11.6,198.0,13,1,0,9.9,76.8,Madre de Dios,11.6,0
11.1,198.0,12,0,0,7.9,73.7,Madre de Dios,11.1,0
11.0,198.0,8,1,0,7.4,68.7,Madre de Dios,11.0,0
9.5,198.0,10,1,0,8.9,72.2,Madre de Dios,9.5,1
10.8,205.0,16,1,0,11.9,82.8,Madre de Dios,10.8,1
10.9,205.0,19,1,0,11.2,86.2,Madre de Dios,10.9,1
10.4,209.0,29,0,0,11.5,86.9,Madre de Dios,10.4,1
10.3,210.0,10,1,0,9.2,73.0,Madre de Dios,10.3,1
10.0,210.0,25,1,0,10.6,84.2,Madre de Dios,10.0,1
10.0,205.0,21,1,0,10.1,80.6,Madre de Dios,10.0,1
10.7,205.0,11,0,0,8.0,70.5,Madre de Dios,10.7,1
11.0,196.0,20,0,0,9.9,80.5,Madre de Dios,11.0,0
12.5,196.0,15,0,0,9.9,74.0,Madre de Dios,12.5,0
9.9,202.0,24,0,0,11.9,83.1,Madre de Dios,9.9,1
9.3,202.0,7,1,0,8.9,67.6,Madre de Dios,9.3,1
9.2,202.0,13,0,0,9.1,75.1,Madre de Dios,9.2,1
10.1,207.0,19,0,0,10.3,77.7,Madre de Dios,10.1,1
10.6,207.0,9,1,0,9.7,73.3,Madre de Dios,10.6,1
11.2,207.0,23,1,0,11.9,87.9,Madre de Dios,11.2,0
12.4,227.0,30,1,0,12.0,87.1,Madre de Dios,12.4,0
9.0,227.0,20,0,0,12.3,82.0,Madre de Dios,9.0,1
12.0,302.0,8,1,0,8.8,69.8,Madre de Dios,12.0,0
9.0,302.0,27,1,0,14.4,88.1,Madre de Dios,9.0,1
11.2,302.0,33,0,0,13.6,89.2,Madre de Dios,11.2,0
10.3,302.0,35,1,0,15.8,92.8,Madre de Dios,10.3,1
11.3,428.0,7,1,0,7.5,66.1,Madre de Dios,11.3,0
11.0,428.0,12,1,0,8.8,74.5,Madre de Dios,11.0,0
11.3,428.0,26,1,0,11.0,84.3,Madre de Dios,11.3,0
11.3,301.0,19,0,0,11.2,80.2,Madre de Dios,11.3,0
9.4,301.0,13,0,0,7.4,70.2,Madre de Dios,9.4,1
9.9,242.0,32,0,1,13.7,88.5,Madre de Dios,9.9,1
10.4,242.0,12,0,1,11.8,79.6,Madre de Dios,10.4,1
7.9,242.0,20,1,1,12.2,81.2,Madre de Dios,7.9,1
8.2,242.0,24,1,1,11.8,83.1,Madre de Dios,8.2,1
11.1,242.0,27,1,1,12.0,87.5,Madre de Dios,11.1,0
11.0,242.0,8,0,1,7.5,64.9,Madre de Dios,11.0,0
9.8,242.0,18,0,1,10.0,79.7,Madre de Dios,9.8,1
10.4,242.0,32,1,1,13.6,92.2,Madre de Dios,10.4,1
11.3,245.0,9,1,1,8.4,71.6,Madre de Dios,11.3,0
10.1,245.0,19,1,1,9.8,81.1,Madre de Dios,10.1,1
11.3,245.0,31,0,1,14.5,89.2,Madre de Dios,11.3,0
10.7,245.0,27,1,1,17.9,89.7,Madre de Dios,10.7,1
12.0,245.0,27,0,1,16.9,90.1,Madre de Dios,12.0,0
11.7,245.0,23,0,1,11.7,83.7,Madre de Dios,11.7,0
10.1,296.0,8,1,1,8.7,70.7,Madre de Dios,10.1,1
9.6,296.0,35,1,1,14.5,91.9,Madre de Dios,9.6,1
11.3,296.0,20,1,1,12.5,83.0,Madre de Dios,11.3,0
11.1,259.0,9,1,1,7.3,72.8,Madre de Dios,11.1,0
8.9,259.0,26,1,1,11.0,86.7,Madre de Dios,8.9,1
9.0,259.0,7,0,1,8.1,65.4,Madre de Dios,9.0,1
11.3,259.0,19,1,1,10.4,83.7,Madre de Dios,11.3,0
11.4,1498.0,27,1,0,13.0,91.9,Moquegua,11.4,0
11.7,1498.0,34,0,0,12.5,89.4,Moquegua,11.7,0
13.2,1498.0,19,0,0,11.6,81.3,Moquegua,13.2,0
12.2,1498.0,33,1,0,15.2,94.7,Moquegua,12.2,0
12.5,1498.0,13,1,0,9.2,72.3,Moquegua,12.5,0
12.0,1461.0,9,0,0,10.5,74.3,Moquegua,12.0,0
10.9,1461.0,13,0,0,7.9,71.6,Moquegua,10.9,1
11.3,1461.0,32,1,0,15.3,91.2,Moquegua,11.3,0
11.7,1412.0,22,0,0,13.3,85.0,Moquegua,11.7,0
12.6,1412.0,19,1,0,11.0,81.2,Moquegua,12.6,0
10.5,1406.0,6,0,0,8.9,66.4,Moquegua,10.5,1
10.6,1406.0,17,0,0,8.7,74.0,Moquegua,10.6,1
11.5,1431.0,33,1,0,15.4,91.1,Moquegua,11.5,0
11.5,1431.0,24,1,0,13.1,87.2,Moquegua,11.5,0
11.1,1502.0,22,0,0,13.0,84.6,Moquegua,11.1,0
13.4,1502.0,30,0,0,13.1,90.9,Moquegua,13.4,0
12.1,1502.0,29,1,0,12.6,89.7,Moquegua,12.1,0
13.1,1676.0,29,0,0,12.5,89.7,Moquegua,13.09,0
11.0,1676.0,15,1,0,9.8,77.0,Moquegua,10.99,1
12.6,2125.0,31,1,0,11.3,83.3,Moquegua,12.57,0
13.0,2125.0,21,0,0,10.8,81.2,Moquegua,12.97,0
11.8,2125.0,9,0,0,10.9,69.2,Moquegua,11.77,0
11.9,150.0,6,1,0,8.3,68.7,Moquegua,11.9,0
11.0,150.0,23,0,0,11.7,83.2,Moquegua,11.0,0
12.1,150.0,14,1,0,11.8,80.1,Moquegua,12.1,0
11.8,150.0,24,0,0,11.9,86.5,Moquegua,11.8,0
11.8,176.0,33,0,0,18.6,97.3,Moquegua,11.8,0
11.6,176.0,10,1,0,8.9,72.2,Moquegua,11.6,0
9.2,176.0,17,0,0,12.7,82.3,Moquegua,9.2,1
12.8,95.0,8,1,0,9.6,69.8,Moquegua,12.8,0
11.6,195.0,21,0,0,13.7,89.3,Moquegua,11.6,0
11.1,195.0,20,0,0,11.5,80.3,Moquegua,11.1,0
11.1,201.0,12,1,0,11.4,75.2,Moquegua,11.1,0
11.5,193.0,7,1,0,9.8,71.5,Moquegua,11.5,0
10.9,193.0,13,0,0,12.1,74.5,Moquegua,10.9,1
11.6,193.0,14,0,0,9.9,73.5,Moquegua,11.6,0
11.3,185.0,25,0,0,13.1,83.7,Moquegua,11.3,0
12.6,185.0,24,0,0,13.5,87.8,Moquegua,12.6,0
10.7,197.0,33,0,0,16.0,96.2,Moquegua,10.7,1
10.7,1051.0,11,1,1,13.7,77.6,Moquegua,10.71,1
10.8,1051.0,17,1,1,11.0,77.0,Moquegua,10.81,1
12.9,1954.0,27,0,1,15.0,93.2,Moquegua,12.88,0
11.4,1954.0,19,0,1,10.6,80.2,Moquegua,11.38,0
12.2,3153.0,8,0,1,8.7,69.6,Moquegua,12.08,0
12.0,3153.0,29,0,1,12.2,86.1,Moquegua,11.88,0
12.9,3153.0,31,1,1,13.5,87.9,Moquegua,12.78,0
14.0,3683.0,6,0,0,6.6,61.0,Pasco,13.82,0
10.8,3683.0,18,0,0,10.1,79.5,Pasco,10.62,1
8.1,3683.0,9,0,0,9.7,65.7,Pasco,7.92,1
13.6,3683.0,24,0,0,10.0,80.5,Pasco,13.42,0
13.5,3683.0,10,1,0,8.5,70.1,Pasco,13.32,0
14.3,4379.0,14,1,0,9.6,74.8,Pasco,14.02,0
13.9,4379.0,15,0,0,8.7,74.5,Pasco,13.62,0
13.4,4379.0,23,1,0,10.3,83.2,Pasco,13.12,0
14.7,4394.0,24,0,0,11.7,83.7,Pasco,14.42,0
16.3,4394.0,29,1,0,13.3,89.4,Pasco,16.02,0
13.5,4397.0,20,1,0,11.9,80.7,Pasco,13.22,0
15.6,4397.0,9,1,0,6.3,65.3,Pasco,15.32,0
15.6,4397.0,22,0,0,9.4,80.7,Pasco,15.32,0
11.8,4397.0,16,1,0,12.4,81.7,Pasco,11.52,0
13.3,4363.0,35,0,0,11.3,84.4,Pasco,13.02,0
12.5,4363.0,9,1,0,7.8,66.7,Pasco,12.22,0
14.1,4363.0,20,1,0,12.5,86.4,Pasco,13.82,0
13.5,4147.0,8,0,0,8.2,68.4,Pasco,13.25,0
14.1,4147.0,28,1,0,13.9,90.4,Pasco,13.85,0
13.5,4147.0,15,1,0,9.6,75.5,Pasco,13.25,0
12.8,4147.0,7,0,0,7.0,64.6,Pasco,12.55,0
14.2,3076.0,21,0,0,12.3,81.5,Pasco,14.09,0
12.6,3076.0,22,0,0,10.9,80.7,Pasco,12.49,0
13.0,3076.0,20,0,0,11.2,79.7,Pasco,12.89,0
12.5,2946.0,31,0,0,12.9,89.7,Pasco,12.4,0
13.6,2946.0,15,1,0,11.3,78.6,Pasco,13.5,0
13.5,1766.0,10,0,0,9.7,72.1,Pasco,13.49,0
10.7,1766.0,23,0,0,10.9,85.1,Pasco,10.69,1
11.0,1766.0,14,0,0,8.6,73.9,Pasco,10.99,1
11.5,1766.0,16,1,0,10.2,78.1,Pasco,11.49,0
11.9,1766.0,20,1,0,11.0,80.0,Pasco,11.89,0
10.9,1842.0,27,0,0,11.3,83.8,Pasco,10.88,1
12.6,1842.0,26,0,0,14.3,88.9,Pasco,12.58,0
11.5,1842.0,18,1,0,8.9,75.0,Pasco,11.48,0
13.2,1842.0,34,0,0,14.9,98.8,Pasco,13.18,0
11.0,1831.0,9,1,0,8.1,70.3,Pasco,10.98,1
9.3,1831.0,12,0,0,6.2,70.5,Pasco,9.28,1
12.1,1831.0,17,0,0,10.7,79.0,Pasco,12.08,0
13.1,1831.0,31,1,0,14.7,88.8,Pasco,13.08,0
6.4,246.0,31,0,0,11.6,83.2,Pasco,6.4,1
11.0,246.0,25,1,0,12.6,85.5,Pasco,11.0,0
11.5,246.0,17,1,0,11.2,80.9,Pasco,11.5,0
11.9,246.0,26,0,0,11.1,83.6,Pasco,11.9,0
14.1,3651.0,21,1,1,13.4,83.1,Pasco,13.92,0
13.2,4342.0,28,1,1,12.1,84.7,Pasco,12.92,0
14.1,4342.0,14,1,1,10.1,75.6,Pasco,13.82,0
15.2,4342.0,30,0,1,9.9,82.3,Pasco,14.92,0
10.9,1443.0,18,0,1,11.4,80.5,Pasco,10.9,1
9.6,1443.0,15,1,1,10.6,77.4,Pasco,9.6,1
12.7,1443.0,14,0,1,9.5,74.0,Pasco,12.7,0
11.3,1443.0,35,0,1,14.7,94.9,Pasco,11.3,0
12.0,1443.0,29,0,1,10.8,86.0,Pasco,12.0,0
11.8,1443.0,19,0,1,11.1,83.3,Pasco,11.8,0
12.2,1443.0,19,0,1,8.9,74.1,Pasco,12.2,0
12.5,352.0,30,1,1,11.4,85.7,Pasco,12.5,0
10.9,352.0,24,1,1,10.6,85.6,Pasco,10.9,1
11.6,352.0,24,1,1,9.9,79.7,Pasco,11.6,0
11.6,352.0,27,1,1,9.8,88.6,Pasco,11.6,0
9.9,352.0,6,0,1,7.2,63.6,Pasco,9.9,1
9.4,352.0,15,1,1,8.1,68.2,Pasco,9.4,1
10.7,352.0,20,1,1,11.9,81.0,Pasco,10.7,1
9.9,338.0,23,1,1,10.3,79.5,Pasco,9.9,1
11.0,338.0,24,1,1,10.0,81.6,Pasco,11.0,0
11.0,338.0,15,0,1,9.0,75.1,Pasco,11.0,0
11.1,338.0,34,1,1,12.9,90.3,Pasco,11.1,0
10.9,338.0,32,1,1,13.6,88.6,Pasco,10.9,1
12.2,338.0,27,1,1,13.2,87.0,Pasco,12.2,0
11.1,260.0,26,0,1,11.6,83.1,Pasco,11.1,0
10.0,260.0,20,1,1,11.0,82.8,Pasco,10.0,1
11.3,260.0,34,0,1,12.6,86.6,Pasco,11.3,0
11.8,260.0,13,1,1,9.0,75.4,Pasco,11.8,0
9.9,260.0,10,0,1,8.3,68.5,Pasco,9.9,1
11.8,260.0,20,1,1,10.4,81.7,Pasco,11.8,0
11.4,260.0,24,1,1,12.8,87.9,Pasco,11.4,0
9.4,47.0,28,0,0,14.6,88.6,Piura,9.4,1
6.2,47.0,10,1,0,11.1,71.4,Piura,6.2,1
10.7,47.0,14,1,0,11.0,77.3,Piura,10.7,1
11.6,47.0,34,1,0,14.3,95.4,Piura,11.6,0
11.6,47.0,21,1,0,10.7,83.7,Piura,11.6,0
10.4,47.0,32,0,0,13.7,91.4,Piura,10.4,1
12.0,41.0,13,0,0,10.1,76.3,Piura,12.0,0
11.2,41.0,11,0,0,8.7,69.8,Piura,11.2,0
11.6,41.0,23,1,0,13.7,85.3,Piura,11.6,0
12.5,50.0,30,1,0,14.8,96.5,Piura,12.5,0
11.8,60.0,26,0,0,13.2,86.9,Piura,11.8,0
12.2,63.0,31,1,0,14.7,92.9,Piura,12.2,0
11.7,63.0,27,1,0,12.4,88.1,Piura,11.7,0
11.3,15.0,19,0,0,9.2,78.5,Piura,11.3,0
11.2,15.0,19,1,0,12.4,84.0,Piura,11.2,0
12.2,15.0,33,0,0,10.0,85.4,Piura,12.2,0
10.8,15.0,27,0,0,12.6,85.4,Piura,10.8,1
11.4,35.0,9,0,0,10.1,71.6,Piura,11.4,0
10.9,35.0,33,0,0,13.7,89.9,Piura,10.9,1
10.5,35.0,24,0,0,10.6,83.3,Piura,10.5,1
11.4,41.0,9,1,0,9.3,72.2,Piura,11.4,0
11.4,41.0,24,1,0,13.0,82.4,Piura,11.4,0
12.0,41.0,20,1,0,11.8,86.0,Piura,12.0,0
11.1,60.0,17,1,0,10.8,77.3,Piura,11.1,0
11.8,60.0,9,0,0,7.9,63.7,Piura,11.8,0
11.7,60.0,8,0,0,8.9,69.4,Piura,11.7,0
10.0,60.0,32,1,0,13.1,87.0,Piura,10.0,1
9.7,60.0,8,1,0,8.5,70.5,Piura,9.7,1
11.1,79.0,26,1,0,12.8,85.6,Piura,11.1,0
10.8,79.0,12,1,0,8.8,70.6,Piura,10.8,1
10.7,79.0,6,1,0,10.0,69.2,Piura,10.7,1
11.7,79.0,9,1,0,7.6,68.6,Piura,11.7,0
10.6,84.0,20,0,0,12.8,81.9,Piura,10.6,1
9.6,84.0,17,0,0,10.6,79.1,Piura,9.6,1
11.3,84.0,28,1,0,11.2,87.4,Piura,11.3,0
11.7,26.0,30,0,0,12.4,86.4,Piura,11.7,0
10.2,26.0,28,1,0,10.4,80.7,Piura,10.2,1
10.5,26.0,28,1,0,10.7,80.8,Piura,10.5,1
9.4,255.0,8,1,0,9.6,71.1,Piura,9.4,1
8.5,255.0,11,0,0,8.1,71.3,Piura,8.5,1
11.7,1961.0,33,1,0,14.4,95.5,Piura,11.68,0
14.4,1961.0,24,1,0,14.6,91.6,Piura,14.38,0
12.6,1961.0,28,0,0,12.5,90.0,Piura,12.58,0
11.5,1961.0,27,0,0,10.9,80.4,Piura,11.48,0
11.4,1961.0,23,0,0,9.7,80.7,Piura,11.38,0
11.9,71.0,28,0,0,10.1,83.3,Piura,11.9,0
10.3,71.0,21,0,0,12.4,80.8,Piura,10.3,1
12.3,71.0,31,0,0,12.2,85.4,Piura,12.3,0
10.3,71.0,9,0,0,7.5,65.7,Piura,10.3,1
11.7,132.0,9,0,0,9.6,69.6,Piura,11.7,0
12.4,34.0,23,0,1,10.5,81.2,Piura,12.4,0
11.7,34.0,26,0,1,11.3,82.4,Piura,11.7,0
7.0,34.0,16,1,1,11.1,80.8,Piura,7.0,1
10.0,34.0,11,0,1,7.1,67.7,Piura,10.0,1
9.9,34.0,16,0,1,10.3,79.3,Piura,9.9,1
9.5,34.0,26,0,1,11.4,80.1,Piura,9.5,1
11.8,34.0,23,0,1,9.6,80.6,Piura,11.8,0
8.7,34.0,9,0,1,9.0,67.2,Piura,8.7,1
11.8,142.0,35,0,1,14.1,88.7,Piura,11.8,0
10.8,142.0,29,1,1,13.8,91.0,Piura,10.8,1
9.7,142.0,18,1,1,9.9,78.4,Piura,9.7,1
11.9,142.0,14,0,1,8.6,75.6,Piura,11.9,0
9.9,103.0,12,1,1,9.6,73.3,Piura,9.9,1
11.9,103.0,28,1,1,13.5,90.4,Piura,11.9,0
12.5,103.0,28,0,1,12.0,84.1,Piura,12.5,0
12.2,103.0,34,1,1,13.7,94.1,Piura,12.2,0
11.0,103.0,23,0,1,12.3,83.0,Piura,11.0,0
13.4,3924.0,23,0,0,10.8,82.7,Puno,13.19,0
13.2,3924.0,19,1,0,12.6,83.9,Puno,12.99,0
14.7,3924.0,28,1,0,13.6,88.1,Puno,14.49,0
13.0,3839.0,19,0,0,9.8,77.0,Puno,12.8,0
14.0,3839.0,22,0,0,15.5,89.3,Puno,13.8,0
14.1,3839.0,30,1,0,11.9,87.6,Puno,13.9,0
13.1,3839.0,10,1,0,7.9,67.2,Puno,12.9,0
13.7,3839.0,7,0,0,5.2,63.2,Puno,13.5,0
15.1,3839.0,20,1,0,11.6,81.5,Puno,14.9,0
12.3,3867.0,12,0,0,8.6,72.6,Puno,12.09,0
13.1,3877.0,21,1,0,9.4,80.6,Puno,12.89,0
11.8,3877.0,21,1,0,9.1,77.2,Puno,11.59,0
11.0,3877.0,21,1,0,11.2,82.9,Puno,10.79,1
14.0,3877.0,32,1,0,16.0,99.1,Puno,13.79,0
13.8,3846.0,28,1,0,11.3,82.9,Puno,13.6,0
14.1,3871.0,31,0,0,12.4,89.9,Puno,13.89,0
11.9,3871.0,23,1,0,11.4,83.5,Puno,11.69,0
12.6,3871.0,24,0,0,11.7,87.6,Puno,12.39,0
16.3,3880.0,17,0,0,10.4,79.5,Puno,16.09,0
12.2,3880.0,22,1,0,10.5,82.2,Puno,11.99,0
15.0,3969.0,8,1,0,9.7,71.1,Puno,14.78,0
12.6,3969.0,16,1,0,10.0,77.0,Puno,12.38,0
12.7,3843.0,28,1,0,12.7,85.6,Puno,12.5,0
12.8,3843.0,11,1,0,9.3,71.3,Puno,12.6,0
13.8,3883.0,31,1,1,13.5,90.2,Puno,13.59,0
15.1,3883.0,27,1,1,11.9,84.2,Puno,14.89,0
10.5,3883.0,9,1,1,7.2,68.0,Puno,10.29,1
13.0,3883.0,8,1,1,9.2,70.0,Puno,12.79,0
13.7,4123.0,26,0,1,11.0,82.7,Puno,13.46,0
12.4,4123.0,9,0,1,7.2,65.9,Puno,12.16,0
16.1,3883.0,11,0,1,9.3,74.5,Puno,15.89,0
12.4,3883.0,31,0,1,14.0,90.5,Puno,12.19,0
11.4,3924.0,15,0,1,8.0,69.5,Puno,11.19,0
13.9,4349.0,6,1,1,8.0,67.1,Puno,13.62,0
12.4,4349.0,14,1,1,9.2,73.3,Puno,12.12,0
13.4,4033.0,34,0,1,12.2,91.0,Puno,13.17,0
12.2,3864.0,23,1,1,11.0,84.1,Puno,12.0,0
13.1,3864.0,16,1,1,10.8,76.1,Puno,12.9,0
11.5,3864.0,20,1,1,12.6,80.0,Puno,11.3,0
14.1,3864.0,21,1,1,13.5,85.0,Puno,13.9,0
14.1,3864.0,26,1,1,13.1,89.4,Puno,13.9,0
12.9,912.0,33,0,0,15.2,92.1,San Martin,12.9,0
12.1,912.0,19,0,0,10.9,78.9,San Martin,12.1,0
10.3,912.0,15,0,0,8.1,75.4,San Martin,10.3,1
10.9,912.0,14,1,0,8.8,71.6,San Martin,10.9,1
10.5,335.0,7,1,0,7.3,66.9,San Martin,10.5,1
11.4,335.0,15,0,0,9.5,76.4,San Martin,11.4,0
9.0,344.0,8,1,0,9.2,70.1,San Martin,9.0,1
11.2,344.0,13,1,0,9.2,73.0,San Martin,11.2,0
12.0,344.0,27,0,0,12.7,91.4,San Martin,12.0,0
11.6,344.0,17,0,0,10.4,78.6,San Martin,11.6,0
11.9,272.0,35,0,0,12.9,89.0,San Martin,11.9,0
13.1,272.0,16,1,0,12.0,78.5,San Martin,13.1,0
10.9,272.0,34,0,0,11.6,87.3,San Martin,10.9,1
13.7,272.0,32,0,0,13.6,90.5,San Martin,13.7,0
12.1,272.0,28,1,0,11.6,93.0,San Martin,12.1,0
10.5,281.0,16,1,0,9.0,77.8,San Martin,10.5,1
11.4,281.0,8,1,0,9.6,68.5,San Martin,11.4,0
11.4,281.0,17,0,0,9.1,80.3,San Martin,11.4,0
11.4,442.0,29,1,0,13.7,87.4,San Martin,11.4,0
11.6,442.0,25,1,0,12.5,86.9,San Martin,11.6,0
12.1,442.0,18,0,0,10.5,78.3,San Martin,12.1,0
11.1,975.0,25,0,0,11.8,82.2,San Martin,11.1,0
10.9,975.0,10,1,0,8.6,73.3,San Martin,10.9,1
13.4,975.0,23,0,0,10.2,82.0,San Martin,13.4,0
10.5,831.0,12,0,0,9.4,72.6,San Martin,10.5,1
10.7,831.0,18,0,0,10.3,81.5,San Martin,10.7,1
12.6,831.0,35,1,0,12.1,92.5,San Martin,12.6,0
8.8,831.0,12,1,0,8.9,75.9,San Martin,8.8,1
11.9,902.0,19,0,0,9.9,78.9,San Martin,11.9,0
11.8,902.0,23,1,0,13.0,88.0,San Martin,11.8,0
11.0,902.0,33,1,0,13.8,92.9,San Martin,11.0,0
10.8,902.0,14,0,0,11.9,78.0,San Martin,10.8,1
12.6,902.0,32,1,0,13.2,85.8,San Martin,12.6,0
12.1,304.0,24,1,0,11.4,84.2,San Martin,12.1,0
10.2,304.0,12,1,0,8.7,74.4,San Martin,10.2,1
11.5,304.0,11,0,0,9.7,75.1,San Martin,11.5,0
12.8,510.0,23,1,0,12.1,88.0,San Martin,12.8,0
8.2,510.0,10,1,0,8.4,74.3,San Martin,8.2,1
11.1,324.0,33,1,0,12.8,90.3,San Martin,11.1,0
12.2,324.0,19,0,0,10.2,83.4,San Martin,12.2,0
10.4,324.0,11,0,0,8.1,70.4,San Martin,10.4,1
10.7,324.0,20,1,0,9.5,77.4,San Martin,10.7,1
11.7,324.0,14,0,0,13.7,75.3,San Martin,11.7,0
11.6,262.0,32,1,0,13.1,90.9,San Martin,11.6,0
12.0,262.0,34,0,0,13.1,90.1,San Martin,12.0,0
9.5,262.0,16,1,0,9.9,77.6,San Martin,9.5,1
10.2,262.0,16,1,0,10.0,78.7,San Martin,10.2,1
9.9,227.0,14,1,0,9.8,75.5,San Martin,9.9,1
10.8,227.0,6,0,0,7.9,66.0,San Martin,10.8,1
13.4,227.0,26,0,0,11.3,84.0,San Martin,13.4,0
11.6,227.0,23,0,0,9.4,84.5,San Martin,11.6,0
9.9,227.0,9,1,0,9.9,73.2,San Martin,9.9,1
11.5,227.0,19,1,0,9.3,81.9,San Martin,11.5,0
12.3,227.0,16,0,0,8.8,74.8,San Martin,12.3,0
10.4,914.0,10,0,1,8.4,72.6,San Martin,10.4,1
11.8,914.0,27,0,1,11.5,84.6,San Martin,11.8,0
12.8,914.0,33,0,1,14.4,90.2,San Martin,12.8,0
11.6,914.0,9,1,1,7.7,67.6,San Martin,11.6,0
12.3,914.0,31,1,1,14.3,91.0,San Martin,12.3,0
10.7,1103.0,9,0,1,10.4,69.7,San Martin,10.71,1
10.2,1109.0,17,1,1,7.5,75.1,San Martin,10.21,1
11.9,1109.0,18,0,1,9.5,76.8,San Martin,11.91,0
10.6,1109.0,15,0,1,11.3,79.2,San Martin,10.61,1
11.9,1109.0,29,1,1,13.7,88.6,San Martin,11.91,0
11.3,269.0,34,1,1,15.8,96.8,San Martin,11.3,0
12.5,269.0,27,1,1,10.4,85.8,San Martin,12.5,0
9.7,269.0,21,0,1,11.3,86.2,San Martin,9.7,1
10.6,269.0,11,1,1,10.4,76.3,San Martin,10.6,1
12.2,269.0,32,1,1,11.4,88.5,San Martin,12.2,0
10.4,269.0,6,1,1,7.1,71.4,San Martin,10.4,1
10.2,269.0,31,0,1,11.0,84.1,San Martin,10.2,1
13.2,714.0,34,0,1,14.7,96.7,San Martin,13.2,0
12.5,714.0,32,1,1,11.5,87.6,San Martin,12.5,0
11.5,714.0,25,1,1,11.8,84.3,San Martin,11.5,0
11.4,714.0,9,0,1,8.9,68.3,San Martin,11.4,0
10.7,766.0,21,0,0,11.5,85.8,Tacna,10.7,1
11.9,766.0,34,0,0,13.1,92.1,Tacna,11.9,0
12.8,766.0,8,0,0,8.8,68.0,Tacna,12.8,0
11.5,766.0,24,0,0,10.8,84.4,Tacna,11.5,0
11.3,725.0,14,1,0,11.8,76.3,Tacna,11.3,0
10.8,725.0,16,1,0,10.6,79.0,Tacna,10.8,1
12.7,712.0,21,1,0,13.1,82.8,Tacna,12.7,0
10.3,712.0,6,0,0,9.6,67.3,Tacna,10.3,1
8.7,762.0,6,0,0,9.1,66.3,Tacna,8.7,1
13.5,762.0,29,1,0,15.6,93.4,Tacna,13.5,0
12.1,693.0,18,0,0,12.6,84.5,Tacna,12.1,0
11.2,616.0,19,0,0,12.6,89.3,Tacna,11.2,0
11.2,616.0,16,1,0,13.0,80.7,Tacna,11.2,0
12.2,622.0,6,1,0,8.0,70.2,Tacna,12.2,0
11.4,622.0,15,1,0,11.2,80.6,Tacna,11.4,0
13.0,536.0,32,0,0,17.2,95.0,Tacna,13.0,0
11.8,536.0,25,1,0,17.0,92.5,Tacna,11.8,0
12.0,542.0,6,1,0,11.6,71.5,Tacna,12.0,0
10.9,542.0,6,0,0,7.6,64.6,Tacna,10.9,1
12.1,542.0,20,1,0,11.3,84.6,Tacna,12.1,0
12.5,560.0,15,0,0,10.1,74.5,Tacna,12.5,0
11.8,560.0,23,1,0,13.4,87.2,Tacna,11.8,0
11.7,560.0,35,0,0,15.0,94.3,Tacna,11.7,0
12.7,523.0,29,1,0,14.6,88.3,Tacna,12.7,0
12.4,523.0,7,1,0,8.5,66.3,Tacna,12.4,0
11.9,523.0,26,1,0,16.3,92.4,Tacna,11.9,0
10.7,523.0,27,1,0,13.7,90.3,Tacna,10.7,1
11.2,541.0,8,0,0,9.4,69.8,Tacna,11.2,0
11.8,541.0,16,0,0,9.9,77.7,Tacna,11.8,0
12.9,541.0,24,0,0,12.0,85.3,Tacna,12.9,0
11.2,541.0,7,0,0,10.2,67.4,Tacna,11.2,0
11.8,487.0,20,1,0,10.8,81.3,Tacna,11.8,0
11.1,487.0,31,0,0,13.0,86.1,Tacna,11.1,0
11.8,487.0,14,1,0,11.7,78.4,Tacna,11.8,0
11.3,487.0,35,1,0,19.2,97.5,Tacna,11.3,0
13.3,487.0,32,1,0,13.0,95.6,Tacna,13.3,0
12.7,397.0,34,1,0,16.5,94.6,Tacna,12.7,0
12.5,397.0,32,1,0,14.1,96.3,Tacna,12.5,0
13.0,397.0,8,0,0,11.4,74.8,Tacna,13.0,0
11.7,846.0,9,0,0,9.2,72.5,Tacna,11.7,0
10.9,846.0,29,1,0,11.8,84.5,Tacna,10.9,1
11.6,846.0,26,1,0,15.7,88.5,Tacna,11.6,0
12.4,846.0,7,1,0,9.1,70.8,Tacna,12.4,0
9.6,494.0,17,0,0,9.7,75.2,Tacna,9.6,1
11.5,494.0,17,1,0,11.7,79.3,Tacna,11.5,0
12.3,494.0,32,0,0,11.8,84.1,Tacna,12.3,0
11.8,494.0,27,0,0,16.3,92.6,Tacna,11.8,0
13.4,494.0,27,0,0,16.2,90.1,Tacna,13.4,0
11.0,420.0,20,1,0,10.2,79.4,Tacna,11.0,0
11.0,420.0,17,1,0,11.3,81.7,Tacna,11.0,0
11.2,420.0,27,1,0,14.0,87.2,Tacna,11.2,0
13.4,3428.0,24,0,1,13.1,84.2,Tacna,13.25,0
12.1,3428.0,17,0,1,10.0,73.3,Tacna,11.95,0
12.3,3428.0,33,1,1,18.1,99.3,Tacna,12.15,0
12.8,3428.0,22,0,1,10.5,82.5,Tacna,12.65,0
13.1,3469.0,34,1,1,12.4,93.7,Tacna,12.95,0
11.1,3469.0,11,1,1,10.1,74.0,Tacna,10.95,1
13.9,3469.0,21,1,1,11.7,82.3,Tacna,13.75,0
12.2,187.0,29,0,1,18.8,94.5,Tacna,12.2,0
11.2,187.0,20,0,1,9.6,78.8,Tacna,11.2,0
10.9,187.0,16,0,1,9.4,74.8,Tacna,10.9,1
12.6,12.0,28,0,0,15.8,94.0,Tumbes,12.6,0
10.5,12.0,35,1,0,12.2,86.1,Tumbes,10.5,1
10.7,12.0,28,1,0,11.4,86.2,Tumbes,10.7,1
12.0,12.0,25,0,0,10.9,85.0,Tumbes,12.0,0
11.2,38.0,32,1,0,13.6,96.0,Tumbes,11.2,0
12.1,38.0,28,1,0,11.1,86.7,Tumbes,12.1,0
9.4,37.0,21,1,0,18.6,89.5,Tumbes,9.4,1
10.4,37.0,18,1,0,10.9,80.2,Tumbes,10.4,1
11.9,37.0,7,0,0,6.5,64.5,Tumbes,11.9,0
11.5,37.0,10,1,0,7.2,71.0,Tumbes,11.5,0
13.7,21.0,25,0,0,16.2,92.6,Tumbes,13.7,0
12.8,27.0,16,0,0,7.5,72.4,Tumbes,12.8,0
11.5,27.0,8,0,0,8.6,63.5,Tumbes,11.5,0
12.4,27.0,33,0,0,12.5,89.6,Tumbes,12.4,0
12.7,34.0,15,0,0,8.9,76.8,Tumbes,12.7,0
10.9,34.0,14,0,0,9.0,73.4,Tumbes,10.9,1
12.4,34.0,29,1,0,16.0,92.7,Tumbes,12.4,0
11.2,34.0,22,1,0,12.1,82.5,Tumbes,11.2,0
9.7,22.0,35,1,0,12.8,92.0,Tumbes,9.7,1
10.6,22.0,17,1,0,8.0,74.4,Tumbes,10.6,1
12.9,22.0,23,1,0,12.9,86.7,Tumbes,12.9,0
12.3,22.0,26,1,0,14.2,92.0,Tumbes,12.3,0
10.6,19.0,20,0,0,10.5,79.7,Tumbes,10.6,1
11.7,19.0,24,1,0,8.7,78.5,Tumbes,11.7,0
8.7,26.0,14,1,0,9.2,75.4,Tumbes,8.7,1
12.3,39.0,12,1,0,11.2,74.0,Tumbes,12.3,0
10.9,39.0,15,1,0,8.8,76.2,Tumbes,10.9,1
10.7,39.0,25,0,0,10.9,82.0,Tumbes,10.7,1
10.5,39.0,27,0,0,10.7,84.6,Tumbes,10.5,1
11.1,63.0,12,0,0,8.0,69.8,Tumbes,11.1,0
11.8,63.0,34,1,0,13.2,93.3,Tumbes,11.8,0
10.7,63.0,32,1,0,13.7,91.3,Tumbes,10.7,1
10.6,19.0,19,1,0,10.0,75.7,Tumbes,10.6,1
12.1,19.0,20,1,0,13.0,87.0,Tumbes,12.1,0
11.4,27.0,16,1,0,10.1,80.0,Tumbes,11.4,0
11.6,27.0,27,1,0,12.2,83.0,Tumbes,11.6,0
9.2,27.0,6,0,0,7.5,62.3,Tumbes,9.2,1
11.3,19.0,6,1,0,8.6,66.7,Tumbes,11.3,0
10.5,19.0,18,1,0,9.2,75.8,Tumbes,10.5,1
10.8,23.0,28,1,0,13.0,87.4,Tumbes,10.8,1
12.3,23.0,15,1,0,9.9,76.2,Tumbes,12.3,0
10.3,10.0,10,1,0,8.8,73.8,Tumbes,10.3,1
12.4,10.0,35,0,0,11.8,90.3,Tumbes,12.4,0
10.5,10.0,14,1,0,9.8,74.0,Tumbes,10.5,1
11.4,10.0,21,0,0,10.4,80.0,Tumbes,11.4,0
11.9,15.0,30,0,0,12.2,89.4,Tumbes,11.9,0
10.7,15.0,26,1,0,10.1,81.9,Tumbes,10.7,1
11.0,15.0,32,1,0,12.4,89.0,Tumbes,11.0,0
11.7,15.0,22,1,0,10.6,80.7,Tumbes,11.7,0
10.1,15.0,33,0,0,11.7,91.4,Tumbes,10.1,1
10.9,13.0,18,1,0,11.1,77.4,Tumbes,10.9,1
11.0,13.0,16,1,0,9.9,76.8,Tumbes,11.0,0
12.7,13.0,26,0,0,10.2,82.0,Tumbes,12.7,0
10.5,16.0,17,1,0,8.7,74.4,Tumbes,10.5,1
11.3,16.0,12,0,0,7.1,68.0,Tumbes,11.3,0
11.7,16.0,14,0,0,10.6,75.4,Tumbes,11.7,0
13.4,51.0,26,0,0,11.1,85.1,Tumbes,13.4,0
11.9,51.0,18,1,0,11.5,82.5,Tumbes,11.9,0
9.8,51.0,6,0,0,7.0,64.7,Tumbes,9.8,1
9.9,51.0,8,0,0,9.1,68.0,Tumbes,9.9,1
10.6,24.0,27,1,1,10.4,86.0,Tumbes,10.6,1
11.5,24.0,35,0,1,12.1,90.0,Tumbes,11.5,0
9.8,165.0,10,1,0,8.0,75.2,Ucayali,9.8,1
11.4,165.0,20,1,0,10.0,77.5,Ucayali,11.4,0
10.9,165.0,33,0,0,11.9,87.6,Ucayali,10.9,1
10.1,165.0,30,1,0,12.4,88.0,Ucayali,10.1,1
12.2,165.0,33,0,0,13.9,91.1,Ucayali,12.2,0
10.6,165.0,8,1,0,7.8,67.9,Ucayali,10.6,1
11.8,165.0,16,1,0,9.9,77.1,Ucayali,11.8,0
10.9,178.0,18,1,0,10.8,81.4,Ucayali,10.9,1
12.5,178.0,24,1,0,12.1,84.0,Ucayali,12.5,0
10.6,178.0,12,1,0,11.3,76.6,Ucayali,10.6,1
10.7,182.0,35,1,0,12.5,91.1,Ucayali,10.7,1
11.5,182.0,34,0,0,12.7,88.0,Ucayali,11.5,0
12.0,182.0,34,1,0,15.8,97.2,Ucayali,12.0,0
11.3,160.0,29,1,0,11.6,87.8,Ucayali,11.3,0
10.7,160.0,22,0,0,9.8,78.8,Ucayali,10.7,1
9.8,160.0,27,0,0,10.4,78.4,Ucayali,9.8,1
10.4,160.0,7,0,0,7.1,66.5,Ucayali,10.4,1
12.1,156.0,22,1,0,13.9,90.5,Ucayali,12.1,0
11.8,156.0,20,1,0,10.7,81.2,Ucayali,11.8,0
10.7,156.0,27,0,0,11.0,86.6,Ucayali,10.7,1
11.1,156.0,22,0,0,10.8,82.5,Ucayali,11.1,0
12.1,156.0,27,0,0,10.3,83.7,Ucayali,12.1,0
11.1,167.0,30,0,0,14.4,92.5,Ucayali,11.1,0
10.3,167.0,10,0,0,6.6,68.5,Ucayali,10.3,1
12.3,169.0,35,0,0,12.5,91.6,Ucayali,12.3,0
11.1,169.0,9,1,0,9.3,73.8,Ucayali,11.1,0
9.9,169.0,17,0,0,10.2,79.5,Ucayali,9.9,1
11.8,151.0,27,1,0,10.2,80.1,Ucayali,11.8,0
10.9,151.0,17,0,0,10.1,78.0,Ucayali,10.9,1
11.3,151.0,29,0,0,11.2,83.8,Ucayali,11.3,0
12.3,151.0,33,0,0,12.3,87.6,Ucayali,12.3,0
9.6,151.0,23,1,0,10.0,80.6,Ucayali,9.6,1
9.3,182.0,35,0,0,12.4,93.0,Ucayali,9.3,1
11.6,182.0,15,0,0,9.2,74.9,Ucayali,11.6,0
11.6,175.0,21,0,0,9.4,80.4,Ucayali,11.6,0
10.5,175.0,29,0,0,10.5,82.0,Ucayali,10.5,1
9.9,172.0,25,1,0,9.9,78.8,Ucayali,9.9,1
10.7,172.0,20,1,0,11.0,81.0,Ucayali,10.7,1
11.6,172.0,32,0,0,12.1,89.2,Ucayali,11.6,0
12.2,172.0,20,0,0,13.3,84.6,Ucayali,12.2,0
11.8,156.0,12,0,0,8.3,69.5,Ucayali,11.8,0
10.9,156.0,17,0,0,9.1,73.7,Ucayali,10.9,1
9.4,355.0,12,1,0,9.4,74.7,Ucayali,9.4,1
12.0,355.0,31,1,0,14.5,90.9,Ucayali,12.0,0
12.5,355.0,6,0,0,8.1,67.3,Ucayali,12.5,0
9.0,259.0,7,0,0,10.8,69.1,Ucayali,9.0,1
8.8,259.0,8,1,0,9.7,72.7,Ucayali,8.8,1
10.9,259.0,9,1,0,9.7,73.4,Ucayali,10.9,1
10.3,232.0,11,0,0,6.8,68.8,Ucayali,10.3,1
10.1,232.0,15,0,0,7.1,69.7,Ucayali,10.1,1
10.7,232.0,18,1,0,8.2,76.4,Ucayali,10.7,1
10.9,232.0,33,1,0,11.8,86.1,Ucayali,10.9,1
9.7,232.0,15,0,0,7.0,68.1,Ucayali,9.7,1
10.0,232.0,32,0,0,10.5,83.9,Ucayali,10.0,1
9.8,232.0,24,0,0,10.7,79.5,Ucayali,9.8,1
10.8,188.0,13,0,1,10.3,76.6,Ucayali,10.8,1
10.1,188.0,28,1,1,12.5,88.4,Ucayali,10.1,1
8.3,188.0,17,1,1,9.4,78.6,Ucayali,8.3,1
10.7,188.0,32,0,1,19.4,96.5,Ucayali,10.7,1
10.6,166.0,17,0,1,12.6,84.2,Ucayali,10.6,1
11.7,166.0,34,0,1,11.9,90.4,Ucayali,11.7,0
10.6,166.0,19,0,1,10.4,79.5,Ucayali,10.6,1
9.1,166.0,18,0,1,9.9,80.1,Ucayali,9.1,1
11.4,1318.0,29,0,1,8.4,71.2,Ucayali,11.4,0
11.0,1318.0,9,0,1,5.6,60.4,Ucayali,11.0,0
9.7,1318.0,6,0,1,6.6,61.2,Ucayali,9.7,1
11.1,1318.0,12,1,1,7.8,67.8,Ucayali,11.1,0
11.0,1318.0,32,1,1,11.7,83.9,Ucayali,11.0,0
11.0,1318.0,17,0,1,9.8,75.5,Ucayali,11.0,0
10.3,235.0,10,1,1,8.3,71.2,Ucayali,10.3,1
10.8,235.0,11,0,1,7.9,68.9,Ucayali,10.8,1
12.0,235.0,35,0,1,12.9,92.2,Ucayali,12.0,0
11.1,235.0,7,1,1,7.4,67.3,Ucayali,11.1,0
10.9,235.0,29,0,1,11.0,83.7,Ucayali,10.9,1
11.2,235.0,10,1,1,7.2,66.8,Ucayali,11.2,0
13.3,235.0,32,0,1,14.8,95.4,Ucayali,13.3,0
10.2,235.0,11,1,1,9.6,75.5,Ucayali,10.2,1
10.9,235.0,22,1,1,11.3,85.4,Ucayali,10.9,1
13.1,2413.0,34,1,1,14.6,92.2,Moquegua,13.05,0
13.8,3629.0,35,1,1,18.0,95.7,Moquegua,13.63,0
